# --- WireDatabaseBackup {"time":"2020-04-20 10:47:33","user":"admin","dbName":"boardschmiede","description":"","tables":[],"excludeTables":[],"excludeCreateTables":[],"excludeExportTables":[]}

DROP TABLE IF EXISTS `caches`;
CREATE TABLE `caches` (
  `name` varchar(250) NOT NULL,
  `data` mediumtext NOT NULL,
  `expires` datetime NOT NULL,
  PRIMARY KEY (`name`),
  KEY `expires` (`expires`)
) ENGINE=MyISAM DEFAULT CHARSET=utf8mb4;

INSERT INTO `caches` (`name`, `data`, `expires`) VALUES('Modules.wire/modules/', 'AdminTheme/AdminThemeDefault/AdminThemeDefault.module\nAdminTheme/AdminThemeReno/AdminThemeReno.module\nAdminTheme/AdminThemeUikit/AdminThemeUikit.module\nFieldtype/FieldtypeCache.module\nFieldtype/FieldtypeCheckbox.module\nFieldtype/FieldtypeComments/CommentFilterAkismet.module\nFieldtype/FieldtypeComments/FieldtypeComments.module\nFieldtype/FieldtypeComments/InputfieldCommentsAdmin.module\nFieldtype/FieldtypeDatetime.module\nFieldtype/FieldtypeEmail.module\nFieldtype/FieldtypeFieldsetClose.module\nFieldtype/FieldtypeFieldsetOpen.module\nFieldtype/FieldtypeFieldsetTabOpen.module\nFieldtype/FieldtypeFile.module\nFieldtype/FieldtypeFloat.module\nFieldtype/FieldtypeImage.module\nFieldtype/FieldtypeInteger.module\nFieldtype/FieldtypeModule.module\nFieldtype/FieldtypeOptions/FieldtypeOptions.module\nFieldtype/FieldtypePage.module\nFieldtype/FieldtypePageTable.module\nFieldtype/FieldtypePageTitle.module\nFieldtype/FieldtypePassword.module\nFieldtype/FieldtypeRepeater/FieldtypeFieldsetPage.module\nFieldtype/FieldtypeRepeater/FieldtypeRepeater.module\nFieldtype/FieldtypeRepeater/InputfieldRepeater.module\nFieldtype/FieldtypeSelector.module\nFieldtype/FieldtypeText.module\nFieldtype/FieldtypeTextarea.module\nFieldtype/FieldtypeToggle.module\nFieldtype/FieldtypeURL.module\nFileCompilerTags.module\nImage/ImageSizerEngineAnimatedGif/ImageSizerEngineAnimatedGif.module\nImage/ImageSizerEngineIMagick/ImageSizerEngineIMagick.module\nInputfield/InputfieldAsmSelect/InputfieldAsmSelect.module\nInputfield/InputfieldButton.module\nInputfield/InputfieldCheckbox.module\nInputfield/InputfieldCheckboxes/InputfieldCheckboxes.module\nInputfield/InputfieldCKEditor/InputfieldCKEditor.module\nInputfield/InputfieldDatetime/InputfieldDatetime.module\nInputfield/InputfieldEmail.module\nInputfield/InputfieldFieldset.module\nInputfield/InputfieldFile/InputfieldFile.module\nInputfield/InputfieldFloat.module\nInputfield/InputfieldForm.module\nInputfield/InputfieldHidden.module\nInputfield/InputfieldIcon/InputfieldIcon.module\nInputfield/InputfieldImage/InputfieldImage.module\nInputfield/InputfieldInteger.module\nInputfield/InputfieldMarkup.module\nInputfield/InputfieldName.module\nInputfield/InputfieldPage/InputfieldPage.module\nInputfield/InputfieldPageAutocomplete/InputfieldPageAutocomplete.module\nInputfield/InputfieldPageListSelect/InputfieldPageListSelect.module\nInputfield/InputfieldPageListSelect/InputfieldPageListSelectMultiple.module\nInputfield/InputfieldPageName/InputfieldPageName.module\nInputfield/InputfieldPageTable/InputfieldPageTable.module\nInputfield/InputfieldPageTitle/InputfieldPageTitle.module\nInputfield/InputfieldPassword/InputfieldPassword.module\nInputfield/InputfieldRadios/InputfieldRadios.module\nInputfield/InputfieldSelect.module\nInputfield/InputfieldSelectMultiple.module\nInputfield/InputfieldSelector/InputfieldSelector.module\nInputfield/InputfieldSubmit/InputfieldSubmit.module\nInputfield/InputfieldText.module\nInputfield/InputfieldTextarea.module\nInputfield/InputfieldToggle/InputfieldToggle.module\nInputfield/InputfieldURL.module\nJquery/JqueryCore/JqueryCore.module\nJquery/JqueryMagnific/JqueryMagnific.module\nJquery/JqueryTableSorter/JqueryTableSorter.module\nJquery/JqueryUI/JqueryUI.module\nJquery/JqueryWireTabs/JqueryWireTabs.module\nLanguageSupport/FieldtypePageTitleLanguage.module\nLanguageSupport/FieldtypeTextareaLanguage.module\nLanguageSupport/FieldtypeTextLanguage.module\nLanguageSupport/LanguageSupport.module\nLanguageSupport/LanguageSupportFields.module\nLanguageSupport/LanguageSupportPageNames.module\nLanguageSupport/LanguageTabs.module\nLanguageSupport/ProcessLanguage.module\nLanguageSupport/ProcessLanguageTranslator.module\nLazyCron.module\nMarkup/MarkupAdminDataTable/MarkupAdminDataTable.module\nMarkup/MarkupCache.module\nMarkup/MarkupHTMLPurifier/MarkupHTMLPurifier.module\nMarkup/MarkupPageArray.module\nMarkup/MarkupPageFields.module\nMarkup/MarkupPagerNav/MarkupPagerNav.module\nMarkup/MarkupRSS.module\nPage/PageFrontEdit/PageFrontEdit.module\nPagePathHistory.module\nPagePaths.module\nPagePermissions.module\nPageRender.module\nProcess/ProcessCommentsManager/ProcessCommentsManager.module\nProcess/ProcessField/ProcessField.module\nProcess/ProcessForgotPassword.module\nProcess/ProcessHome.module\nProcess/ProcessList.module\nProcess/ProcessLogger/ProcessLogger.module\nProcess/ProcessLogin/ProcessLogin.module\nProcess/ProcessModule/ProcessModule.module\nProcess/ProcessPageAdd/ProcessPageAdd.module\nProcess/ProcessPageClone.module\nProcess/ProcessPageEdit/ProcessPageEdit.module\nProcess/ProcessPageEditImageSelect/ProcessPageEditImageSelect.module\nProcess/ProcessPageEditLink/ProcessPageEditLink.module\nProcess/ProcessPageList/ProcessPageList.module\nProcess/ProcessPageLister/ProcessPageLister.module\nProcess/ProcessPageSearch/ProcessPageSearch.module\nProcess/ProcessPagesExportImport/ProcessPagesExportImport.module\nProcess/ProcessPageSort.module\nProcess/ProcessPageTrash.module\nProcess/ProcessPageType/ProcessPageType.module\nProcess/ProcessPageView.module\nProcess/ProcessPermission/ProcessPermission.module\nProcess/ProcessProfile/ProcessProfile.module\nProcess/ProcessRecentPages/ProcessRecentPages.module\nProcess/ProcessRole/ProcessRole.module\nProcess/ProcessTemplate/ProcessTemplate.module\nProcess/ProcessUser/ProcessUser.module\nSession/SessionHandlerDB/ProcessSessionDB.module\nSession/SessionHandlerDB/SessionHandlerDB.module\nSession/SessionLoginThrottle/SessionLoginThrottle.module\nSystem/SystemNotifications/FieldtypeNotifications.module\nSystem/SystemNotifications/SystemNotifications.module\nSystem/SystemUpdater/SystemUpdater.module\nTextformatter/TextformatterEntities.module\nTextformatter/TextformatterMarkdownExtra/TextformatterMarkdownExtra.module\nTextformatter/TextformatterNewlineBR.module\nTextformatter/TextformatterNewlineUL.module\nTextformatter/TextformatterPstripper.module\nTextformatter/TextformatterSmartypants/TextformatterSmartypants.module\nTextformatter/TextformatterStripTags.module', '2010-04-08 03:10:01');
INSERT INTO `caches` (`name`, `data`, `expires`) VALUES('ModulesVerbose.info', '{\"148\":{\"summary\":\"Minimal admin theme that supports all ProcessWire features.\",\"core\":true,\"versionStr\":\"0.1.4\"},\"169\":{\"summary\":\"Uikit v3 admin theme\",\"core\":true,\"versionStr\":\"0.3.0\"},\"97\":{\"summary\":\"This Fieldtype stores an ON\\/OFF toggle via a single checkbox. The ON value is 1 and OFF value is 0.\",\"core\":true,\"versionStr\":\"1.0.1\"},\"28\":{\"summary\":\"Field that stores a date and optionally time\",\"core\":true,\"versionStr\":\"1.0.5\"},\"29\":{\"summary\":\"Field that stores an e-mail address\",\"core\":true,\"versionStr\":\"1.0.0\"},\"106\":{\"summary\":\"Close a fieldset opened by FieldsetOpen. \",\"core\":true,\"versionStr\":\"1.0.0\"},\"105\":{\"summary\":\"Open a fieldset to group fields. Should be followed by a Fieldset (Close) after one or more fields.\",\"core\":true,\"versionStr\":\"1.0.1\"},\"107\":{\"summary\":\"Open a fieldset to group fields. Same as Fieldset (Open) except that it displays in a tab instead.\",\"core\":true,\"versionStr\":\"1.0.0\"},\"6\":{\"summary\":\"Field that stores one or more files\",\"core\":true,\"versionStr\":\"1.0.6\"},\"89\":{\"summary\":\"Field that stores a floating point (decimal) number\",\"core\":true,\"versionStr\":\"1.0.5\"},\"57\":{\"summary\":\"Field that stores one or more GIF, JPG, or PNG images\",\"core\":true,\"versionStr\":\"1.0.1\"},\"84\":{\"summary\":\"Field that stores an integer\",\"core\":true,\"versionStr\":\"1.0.1\"},\"27\":{\"summary\":\"Field that stores a reference to another module\",\"core\":true,\"versionStr\":\"1.0.1\"},\"4\":{\"summary\":\"Field that stores one or more references to ProcessWire pages\",\"core\":true,\"versionStr\":\"1.0.5\"},\"111\":{\"summary\":\"Field that stores a page title\",\"core\":true,\"versionStr\":\"1.0.0\"},\"133\":{\"summary\":\"Field that stores a hashed and salted password\",\"core\":true,\"versionStr\":\"1.0.1\"},\"172\":{\"summary\":\"Maintains a collection of fields that are repeated for any number of times.\",\"core\":true,\"versionStr\":\"1.0.6\"},\"173\":{\"summary\":\"Repeats fields from another template. Provides the input for FieldtypeRepeater.\",\"core\":true,\"versionStr\":\"1.0.6\"},\"3\":{\"summary\":\"Field that stores a single line of text\",\"core\":true,\"versionStr\":\"1.0.1\"},\"1\":{\"summary\":\"Field that stores multiple lines of text\",\"core\":true,\"versionStr\":\"1.0.7\"},\"135\":{\"summary\":\"Field that stores a URL\",\"core\":true,\"versionStr\":\"1.0.1\"},\"25\":{\"summary\":\"Multiple selection, progressive enhancement to select multiple\",\"core\":true,\"versionStr\":\"2.0.2\"},\"131\":{\"summary\":\"Form button element that you can optionally pass an href attribute to.\",\"core\":true,\"versionStr\":\"1.0.0\"},\"37\":{\"summary\":\"Single checkbox toggle\",\"core\":true,\"versionStr\":\"1.0.6\"},\"38\":{\"summary\":\"Multiple checkbox toggles\",\"core\":true,\"versionStr\":\"1.0.7\"},\"155\":{\"summary\":\"CKEditor textarea rich text editor.\",\"core\":true,\"versionStr\":\"1.6.2\"},\"94\":{\"summary\":\"Inputfield that accepts date and optionally time\",\"core\":true,\"versionStr\":\"1.0.6\"},\"80\":{\"summary\":\"E-Mail address in valid format\",\"core\":true,\"versionStr\":\"1.0.1\"},\"78\":{\"summary\":\"Groups one or more fields together in a container\",\"core\":true,\"versionStr\":\"1.0.1\"},\"55\":{\"summary\":\"One or more file uploads (sortable)\",\"core\":true,\"versionStr\":\"1.2.6\"},\"90\":{\"summary\":\"Floating point number with precision\",\"core\":true,\"versionStr\":\"1.0.3\"},\"30\":{\"summary\":\"Contains one or more fields in a form\",\"core\":true,\"versionStr\":\"1.0.7\"},\"40\":{\"summary\":\"Hidden value in a form\",\"core\":true,\"versionStr\":\"1.0.1\"},\"171\":{\"summary\":\"Select an icon\",\"core\":true,\"versionStr\":\"0.0.2\"},\"56\":{\"summary\":\"One or more image uploads (sortable)\",\"core\":true,\"versionStr\":\"1.2.3\"},\"85\":{\"summary\":\"Integer (positive or negative)\",\"core\":true,\"versionStr\":\"1.0.4\"},\"79\":{\"summary\":\"Contains any other markup and optionally child Inputfields\",\"core\":true,\"versionStr\":\"1.0.2\"},\"41\":{\"summary\":\"Text input validated as a ProcessWire name field\",\"core\":true,\"versionStr\":\"1.0.0\"},\"60\":{\"summary\":\"Select one or more pages\",\"core\":true,\"versionStr\":\"1.0.7\"},\"15\":{\"summary\":\"Selection of a single page from a ProcessWire page tree list\",\"core\":true,\"versionStr\":\"1.0.1\"},\"137\":{\"summary\":\"Selection of multiple pages from a ProcessWire page tree list\",\"core\":true,\"versionStr\":\"1.0.2\"},\"86\":{\"summary\":\"Text input validated as a ProcessWire Page name field\",\"core\":true,\"versionStr\":\"1.0.6\"},\"112\":{\"summary\":\"Handles input of Page Title and auto-generation of Page Name (when name is blank)\",\"core\":true,\"versionStr\":\"1.0.2\"},\"122\":{\"summary\":\"Password input with confirmation field that doesn&#039;t ever echo the input back.\",\"core\":true,\"versionStr\":\"1.0.2\"},\"39\":{\"summary\":\"Radio buttons for selection of a single item\",\"core\":true,\"versionStr\":\"1.0.5\"},\"36\":{\"summary\":\"Selection of a single value from a select pulldown\",\"core\":true,\"versionStr\":\"1.0.2\"},\"43\":{\"summary\":\"Select multiple items from a list\",\"core\":true,\"versionStr\":\"1.0.1\"},\"149\":{\"summary\":\"Build a page finding selector visually.\",\"author\":\"Avoine + ProcessWire\",\"core\":true,\"versionStr\":\"0.2.8\"},\"32\":{\"summary\":\"Form submit button\",\"core\":true,\"versionStr\":\"1.0.2\"},\"34\":{\"summary\":\"Single line of text\",\"core\":true,\"versionStr\":\"1.0.6\"},\"35\":{\"summary\":\"Multiple lines of text\",\"core\":true,\"versionStr\":\"1.0.3\"},\"108\":{\"summary\":\"URL in valid format\",\"core\":true,\"versionStr\":\"1.0.2\"},\"116\":{\"summary\":\"jQuery Core as required by ProcessWire Admin and plugins\",\"href\":\"http:\\/\\/jquery.com\",\"core\":true,\"versionStr\":\"1.8.3\"},\"151\":{\"summary\":\"Provides lightbox capability for image galleries. Replacement for FancyBox. Uses Magnific Popup by @dimsemenov.\",\"href\":\"http:\\/\\/dimsemenov.com\\/plugins\\/magnific-popup\\/\",\"core\":true,\"versionStr\":\"0.0.1\"},\"103\":{\"summary\":\"Provides a jQuery plugin for sorting tables.\",\"href\":\"http:\\/\\/mottie.github.io\\/tablesorter\\/\",\"core\":true,\"versionStr\":\"2.2.1\"},\"117\":{\"summary\":\"jQuery UI as required by ProcessWire and plugins\",\"href\":\"http:\\/\\/ui.jquery.com\",\"core\":true,\"versionStr\":\"1.9.6\"},\"45\":{\"summary\":\"Provides a jQuery plugin for generating tabs in ProcessWire.\",\"core\":true,\"versionStr\":\"1.0.9\"},\"163\":{\"summary\":\"Field that stores a page title in multiple languages. Use this only if you want title inputs created for ALL languages on ALL pages. Otherwise create separate languaged-named title fields, i.e. title_fr, title_es, title_fi, etc. \",\"author\":\"Ryan Cramer\",\"core\":true,\"versionStr\":\"1.0.0\"},\"164\":{\"summary\":\"Field that stores a multiple lines of text in multiple languages\",\"core\":true,\"versionStr\":\"1.0.0\"},\"162\":{\"summary\":\"Field that stores a single line of text in multiple languages\",\"core\":true,\"versionStr\":\"1.0.0\"},\"158\":{\"summary\":\"ProcessWire multi-language support.\",\"author\":\"Ryan Cramer\",\"core\":true,\"versionStr\":\"1.0.3\"},\"161\":{\"summary\":\"Required to use multi-language fields.\",\"author\":\"Ryan Cramer\",\"core\":true,\"versionStr\":\"1.0.0\"},\"165\":{\"summary\":\"Required to use multi-language page names.\",\"author\":\"Ryan Cramer\",\"core\":true,\"versionStr\":\"0.1.0\"},\"166\":{\"summary\":\"Organizes multi-language fields into tabs for a cleaner easier to use interface.\",\"author\":\"adamspruijt, ryan\",\"core\":true,\"versionStr\":\"1.1.4\"},\"159\":{\"summary\":\"Manage system languages\",\"author\":\"Ryan Cramer\",\"core\":true,\"versionStr\":\"1.0.3\",\"permissions\":{\"lang-edit\":\"Administer languages and static translation files\"}},\"160\":{\"summary\":\"Provides language translation capabilities for ProcessWire core and modules.\",\"author\":\"Ryan Cramer\",\"core\":true,\"versionStr\":\"1.0.1\"},\"67\":{\"summary\":\"Generates markup for data tables used by ProcessWire admin\",\"core\":true,\"versionStr\":\"1.0.7\"},\"156\":{\"summary\":\"Front-end to the HTML Purifier library.\",\"core\":true,\"versionStr\":\"4.9.5\"},\"113\":{\"summary\":\"Adds renderPager() method to all PaginatedArray types, for easy pagination output. Plus a render() method to PageArray instances.\",\"core\":true,\"versionStr\":\"1.0.0\"},\"98\":{\"summary\":\"Generates markup for pagination navigation\",\"core\":true,\"versionStr\":\"1.0.5\"},\"152\":{\"summary\":\"Keeps track of past URLs where pages have lived and automatically redirects (301 permament) to the new location whenever the past URL is accessed.\",\"core\":true,\"versionStr\":\"0.0.5\"},\"114\":{\"summary\":\"Adds various permission methods to Page objects that are used by Process modules.\",\"core\":true,\"versionStr\":\"1.0.5\"},\"115\":{\"summary\":\"Adds a render method to Page and caches page output.\",\"core\":true,\"versionStr\":\"1.0.5\"},\"48\":{\"summary\":\"Edit individual fields that hold page data\",\"core\":true,\"versionStr\":\"1.1.3\",\"searchable\":\"fields\"},\"87\":{\"summary\":\"Acts as a placeholder Process for the admin root. Ensures proper flow control after login.\",\"core\":true,\"versionStr\":\"1.0.1\"},\"76\":{\"summary\":\"Lists the Process assigned to each child page of the current\",\"core\":true,\"versionStr\":\"1.0.1\"},\"170\":{\"summary\":\"View and manage system logs.\",\"author\":\"Ryan Cramer\",\"core\":true,\"versionStr\":\"0.0.2\",\"permissions\":{\"logs-view\":\"Can view system logs\",\"logs-edit\":\"Can manage system logs\"},\"page\":{\"name\":\"logs\",\"parent\":\"setup\",\"title\":\"Logs\"}},\"10\":{\"summary\":\"Login to ProcessWire\",\"core\":true,\"versionStr\":\"1.0.7\"},\"50\":{\"summary\":\"List, edit or install\\/uninstall modules\",\"core\":true,\"versionStr\":\"1.1.8\"},\"17\":{\"summary\":\"Add a new page\",\"core\":true,\"versionStr\":\"1.0.8\"},\"7\":{\"summary\":\"Edit a Page\",\"core\":true,\"versionStr\":\"1.0.9\"},\"129\":{\"summary\":\"Provides image manipulation functions for image fields and rich text editors.\",\"core\":true,\"versionStr\":\"1.2.0\"},\"121\":{\"summary\":\"Provides a link capability as used by some Fieldtype modules (like rich text editors).\",\"core\":true,\"versionStr\":\"1.0.8\"},\"12\":{\"summary\":\"List pages in a hierarchical tree structure\",\"core\":true,\"versionStr\":\"1.2.2\"},\"150\":{\"summary\":\"Admin tool for finding and listing pages by any property.\",\"author\":\"Ryan Cramer\",\"core\":true,\"versionStr\":\"0.2.6\",\"permissions\":{\"page-lister\":\"Use Page Lister\"}},\"104\":{\"summary\":\"Provides a page search engine for admin use.\",\"core\":true,\"versionStr\":\"1.0.6\"},\"14\":{\"summary\":\"Handles page sorting and moving for PageList\",\"core\":true,\"versionStr\":\"1.0.0\"},\"109\":{\"summary\":\"Handles emptying of Page trash\",\"core\":true,\"versionStr\":\"1.0.3\"},\"134\":{\"summary\":\"List, Edit and Add pages of a specific type\",\"core\":true,\"versionStr\":\"1.0.1\"},\"83\":{\"summary\":\"All page views are routed through this Process\",\"core\":true,\"versionStr\":\"1.0.4\"},\"136\":{\"summary\":\"Manage system permissions\",\"core\":true,\"versionStr\":\"1.0.1\"},\"138\":{\"summary\":\"Enables user to change their password, email address and other settings that you define.\",\"core\":true,\"versionStr\":\"1.0.4\"},\"168\":{\"summary\":\"Shows a list of recently edited pages in your admin.\",\"author\":\"Ryan Cramer\",\"href\":\"http:\\/\\/modules.processwire.com\\/\",\"core\":true,\"versionStr\":\"0.0.2\",\"permissions\":{\"page-edit-recent\":\"Can see recently edited pages\"},\"page\":{\"name\":\"recent-pages\",\"parent\":\"page\",\"title\":\"Recent\"}},\"68\":{\"summary\":\"Manage user roles and what permissions are attached\",\"core\":true,\"versionStr\":\"1.0.4\"},\"47\":{\"summary\":\"List and edit the templates that control page output\",\"core\":true,\"versionStr\":\"1.1.4\",\"searchable\":\"templates\"},\"66\":{\"summary\":\"Manage system users\",\"core\":true,\"versionStr\":\"1.0.7\",\"searchable\":\"users\"},\"125\":{\"summary\":\"Throttles login attempts to help prevent dictionary attacks.\",\"core\":true,\"versionStr\":\"1.0.3\"},\"139\":{\"summary\":\"Manages system versions and upgrades.\",\"core\":true,\"versionStr\":\"0.1.7\"},\"61\":{\"summary\":\"Entity encode ampersands, quotes (single and double) and greater-than\\/less-than signs using htmlspecialchars(str, ENT_QUOTES). It is recommended that you use this on all text\\/textarea fields except those using a rich text editor or a markup language like Markdown.\",\"core\":true,\"versionStr\":\"1.0.0\"},\"174\":{\"summary\":\"Create and\\/or restore database backups from ProcessWire admin.\",\"author\":\"Ryan Cramer\",\"versionStr\":\"0.0.5\",\"permissions\":{\"db-backup\":\"Manage database backups (recommended for superuser only)\"},\"page\":{\"name\":\"db-backups\",\"parent\":\"setup\",\"title\":\"DB Backups\"}}}', '2010-04-08 03:10:01');
INSERT INTO `caches` (`name`, `data`, `expires`) VALUES('ModulesUninstalled.info', '{\"AdminThemeReno\":{\"name\":\"AdminThemeReno\",\"title\":\"Reno\",\"version\":17,\"versionStr\":\"0.1.7\",\"author\":\"Tom Reno (Renobird)\",\"summary\":\"Admin theme for ProcessWire 2.5+ by Tom Reno (Renobird)\",\"requiresVersions\":{\"AdminThemeDefault\":[\">=\",0]},\"autoload\":\"template=admin\",\"created\":1577984776,\"installed\":false,\"configurable\":3,\"namespace\":\"ProcessWire\\\\\",\"core\":true},\"FieldtypeCache\":{\"name\":\"FieldtypeCache\",\"title\":\"Cache\",\"version\":102,\"versionStr\":\"1.0.2\",\"summary\":\"Caches the values of other fields for fewer runtime queries. Can also be used to combine multiple text fields and have them all be searchable under the cached field name.\",\"created\":1577984776,\"installed\":false,\"namespace\":\"ProcessWire\\\\\",\"core\":true},\"CommentFilterAkismet\":{\"name\":\"CommentFilterAkismet\",\"title\":\"Comment Filter: Akismet\",\"version\":200,\"versionStr\":\"2.0.0\",\"summary\":\"Uses the Akismet service to identify comment spam. Module plugin for the Comments Fieldtype.\",\"requiresVersions\":{\"FieldtypeComments\":[\">=\",0]},\"created\":1577984776,\"installed\":false,\"configurable\":3,\"namespace\":\"ProcessWire\\\\\",\"core\":true},\"FieldtypeComments\":{\"name\":\"FieldtypeComments\",\"title\":\"Comments\",\"version\":107,\"versionStr\":\"1.0.7\",\"summary\":\"Field that stores user posted comments for a single Page\",\"installs\":[\"InputfieldCommentsAdmin\"],\"created\":1577984776,\"installed\":false,\"namespace\":\"ProcessWire\\\\\",\"core\":true},\"InputfieldCommentsAdmin\":{\"name\":\"InputfieldCommentsAdmin\",\"title\":\"Comments Admin\",\"version\":104,\"versionStr\":\"1.0.4\",\"summary\":\"Provides an administrative interface for working with comments\",\"requiresVersions\":{\"FieldtypeComments\":[\">=\",0]},\"created\":1577984776,\"installed\":false,\"namespace\":\"ProcessWire\\\\\",\"core\":true},\"FieldtypeOptions\":{\"name\":\"FieldtypeOptions\",\"title\":\"Select Options\",\"version\":1,\"versionStr\":\"0.0.1\",\"summary\":\"Field that stores single and multi select options.\",\"created\":1577984776,\"installed\":false,\"namespace\":\"ProcessWire\\\\\",\"core\":true},\"FieldtypePageTable\":{\"name\":\"FieldtypePageTable\",\"title\":\"ProFields: Page Table\",\"version\":8,\"versionStr\":\"0.0.8\",\"summary\":\"A fieldtype containing a group of editable pages.\",\"installs\":[\"InputfieldPageTable\"],\"autoload\":true,\"created\":1577984776,\"installed\":false,\"namespace\":\"ProcessWire\\\\\",\"core\":true},\"FieldtypeFieldsetPage\":{\"name\":\"FieldtypeFieldsetPage\",\"title\":\"Fieldset (Page)\",\"version\":1,\"versionStr\":\"0.0.1\",\"summary\":\"Fieldset with fields isolated to separate namespace (page), enabling re-use of fields.\",\"requiresVersions\":{\"FieldtypeRepeater\":[\">=\",0]},\"autoload\":true,\"created\":1577984776,\"installed\":false,\"configurable\":3,\"namespace\":\"ProcessWire\\\\\",\"core\":true},\"FieldtypeSelector\":{\"name\":\"FieldtypeSelector\",\"title\":\"Selector\",\"version\":13,\"versionStr\":\"0.1.3\",\"author\":\"Avoine + ProcessWire\",\"summary\":\"Build a page finding selector visually.\",\"created\":1577984776,\"installed\":false,\"namespace\":\"ProcessWire\\\\\",\"core\":true},\"FieldtypeToggle\":{\"name\":\"FieldtypeToggle\",\"title\":\"Toggle (Yes\\/No)\",\"version\":1,\"versionStr\":\"0.0.1\",\"summary\":\"Configurable yes\\/no, on\\/off toggle alternative to a checkbox, plus optional \\u201cother\\u201d option.\",\"requiresVersions\":{\"InputfieldToggle\":[\">=\",0]},\"created\":1577984776,\"installed\":false,\"namespace\":\"ProcessWire\\\\\",\"core\":true},\"FileCompilerTags\":{\"name\":\"FileCompilerTags\",\"title\":\"Tags File Compiler\",\"version\":1,\"versionStr\":\"0.0.1\",\"summary\":\"Enables {var} or {var.property} variables in markup sections of a file. Can be used with any API variable.\",\"created\":1577984776,\"installed\":false,\"configurable\":4,\"namespace\":\"ProcessWire\\\\\",\"core\":true},\"ImageSizerEngineAnimatedGif\":{\"name\":\"ImageSizerEngineAnimatedGif\",\"title\":\"Animated GIF Image Sizer\",\"version\":1,\"versionStr\":\"0.0.1\",\"author\":\"Horst Nogajski\",\"summary\":\"Upgrades image manipulations for animated GIFs.\",\"created\":1577984776,\"installed\":false,\"configurable\":4,\"namespace\":\"ProcessWire\\\\\",\"core\":true},\"ImageSizerEngineIMagick\":{\"name\":\"ImageSizerEngineIMagick\",\"title\":\"IMagick Image Sizer\",\"version\":3,\"versionStr\":\"0.0.3\",\"author\":\"Horst Nogajski\",\"summary\":\"Upgrades image manipulations to use PHP\'s ImageMagick library when possible.\",\"created\":1577984776,\"installed\":false,\"configurable\":4,\"namespace\":\"ProcessWire\\\\\",\"core\":true},\"InputfieldPageAutocomplete\":{\"name\":\"InputfieldPageAutocomplete\",\"title\":\"Page Auto Complete\",\"version\":112,\"versionStr\":\"1.1.2\",\"summary\":\"Multiple Page selection using auto completion and sorting capability. Intended for use as an input field for Page reference fields.\",\"created\":1577984776,\"installed\":false,\"namespace\":\"ProcessWire\\\\\",\"core\":true},\"InputfieldPageTable\":{\"name\":\"InputfieldPageTable\",\"title\":\"ProFields: Page Table\",\"version\":13,\"versionStr\":\"0.1.3\",\"summary\":\"Inputfield to accompany FieldtypePageTable\",\"requiresVersions\":{\"FieldtypePageTable\":[\">=\",0]},\"created\":1577984776,\"installed\":false,\"namespace\":\"ProcessWire\\\\\",\"core\":true},\"InputfieldToggle\":{\"name\":\"InputfieldToggle\",\"title\":\"Toggle\",\"version\":1,\"versionStr\":\"0.0.1\",\"summary\":\"A toggle providing similar input capability to a checkbox but much more configurable.\",\"created\":1577984776,\"installed\":false,\"namespace\":\"ProcessWire\\\\\",\"core\":true},\"LazyCron\":{\"name\":\"LazyCron\",\"title\":\"Lazy Cron\",\"version\":102,\"versionStr\":\"1.0.2\",\"summary\":\"Provides hooks that are automatically executed at various intervals. It is called \'lazy\' because it\'s triggered by a pageview, so the interval is guaranteed to be at least the time requested, rather than exactly the time requested. This is fine for most cases, but you can make it not lazy by connecting this to a real CRON job. See the module file for details. \",\"href\":\"https:\\/\\/processwire.com\\/api\\/modules\\/lazy-cron\\/\",\"autoload\":true,\"singular\":true,\"created\":1577984776,\"installed\":false,\"namespace\":\"ProcessWire\\\\\",\"core\":true},\"MarkupCache\":{\"name\":\"MarkupCache\",\"title\":\"Markup Cache\",\"version\":101,\"versionStr\":\"1.0.1\",\"summary\":\"A simple way to cache segments of markup in your templates. \",\"href\":\"https:\\/\\/processwire.com\\/api\\/modules\\/markupcache\\/\",\"autoload\":true,\"singular\":true,\"created\":1577984776,\"installed\":false,\"configurable\":3,\"namespace\":\"ProcessWire\\\\\",\"core\":true},\"MarkupPageFields\":{\"name\":\"MarkupPageFields\",\"title\":\"Markup Page Fields\",\"version\":100,\"versionStr\":\"1.0.0\",\"summary\":\"Adds $page->renderFields() and $page->images->render() methods that return basic markup for output during development and debugging.\",\"autoload\":true,\"singular\":true,\"created\":1577984776,\"installed\":false,\"namespace\":\"ProcessWire\\\\\",\"core\":true,\"permanent\":true},\"MarkupRSS\":{\"name\":\"MarkupRSS\",\"title\":\"Markup RSS Feed\",\"version\":102,\"versionStr\":\"1.0.2\",\"summary\":\"Renders an RSS feed. Given a PageArray, renders an RSS feed of them.\",\"created\":1577984776,\"installed\":false,\"configurable\":3,\"namespace\":\"ProcessWire\\\\\",\"core\":true},\"PageFrontEdit\":{\"name\":\"PageFrontEdit\",\"title\":\"Front-End Page Editor\",\"version\":3,\"versionStr\":\"0.0.3\",\"author\":\"Ryan Cramer\",\"summary\":\"Enables front-end editing of page fields.\",\"icon\":\"cube\",\"permissions\":{\"page-edit-front\":\"Use the front-end page editor\"},\"autoload\":true,\"created\":1577984776,\"installed\":false,\"configurable\":\"PageFrontEditConfig.php\",\"namespace\":\"ProcessWire\\\\\",\"core\":true,\"license\":\"MPL 2.0\"},\"PagePaths\":{\"name\":\"PagePaths\",\"title\":\"Page Paths\",\"version\":1,\"versionStr\":\"0.0.1\",\"summary\":\"Enables page paths\\/urls to be queryable by selectors. Also offers potential for improved load performance. Builds an index at install (may take time on a large site). Currently supports only single languages sites.\",\"autoload\":true,\"singular\":true,\"created\":1577984776,\"installed\":false,\"namespace\":\"ProcessWire\\\\\",\"core\":true},\"ProcessCommentsManager\":{\"name\":\"ProcessCommentsManager\",\"title\":\"Comments\",\"version\":8,\"versionStr\":\"0.0.8\",\"author\":\"Ryan Cramer\",\"summary\":\"Manage comments in your site outside of the page editor.\",\"icon\":\"comments\",\"requiresVersions\":{\"FieldtypeComments\":[\">=\",0]},\"permission\":\"comments-manager\",\"permissions\":{\"comments-manager\":\"Use the comments manager\"},\"created\":1577984776,\"installed\":false,\"searchable\":\"comments\",\"namespace\":\"ProcessWire\\\\\",\"core\":true,\"page\":{\"name\":\"comments\",\"parent\":\"setup\",\"title\":\"Comments\"},\"nav\":[{\"url\":\"?go=approved\",\"label\":\"Approved\"},{\"url\":\"?go=pending\",\"label\":\"Pending\"},{\"url\":\"?go=spam\",\"label\":\"Spam\"},{\"url\":\"?go=all\",\"label\":\"All\"}]},\"ProcessForgotPassword\":{\"name\":\"ProcessForgotPassword\",\"title\":\"Forgot Password\",\"version\":103,\"versionStr\":\"1.0.3\",\"summary\":\"Provides password reset\\/email capability for the Login process.\",\"permission\":\"page-view\",\"created\":1577984776,\"installed\":false,\"configurable\":4,\"namespace\":\"ProcessWire\\\\\",\"core\":true},\"ProcessPageClone\":{\"name\":\"ProcessPageClone\",\"title\":\"Page Clone\",\"version\":104,\"versionStr\":\"1.0.4\",\"summary\":\"Provides ability to clone\\/copy\\/duplicate pages in the admin. Adds a &quot;copy&quot; option to all applicable pages in the PageList.\",\"permission\":\"page-clone\",\"permissions\":{\"page-clone\":\"Clone a page\",\"page-clone-tree\":\"Clone a tree of pages\"},\"autoload\":\"template=admin\",\"created\":1577984776,\"installed\":false,\"namespace\":\"ProcessWire\\\\\",\"core\":true,\"page\":{\"name\":\"clone\",\"title\":\"Clone\",\"parent\":\"page\",\"status\":1024}},\"ProcessPagesExportImport\":{\"name\":\"ProcessPagesExportImport\",\"title\":\"Pages Export\\/Import\",\"version\":1,\"versionStr\":\"0.0.1\",\"author\":\"Ryan Cramer\",\"summary\":\"Enables exporting and importing of pages. Development version, not yet recommended for production use.\",\"icon\":\"paper-plane-o\",\"permission\":\"page-edit-export\",\"created\":1577984776,\"installed\":false,\"namespace\":\"ProcessWire\\\\\",\"core\":true,\"page\":{\"name\":\"export-import\",\"parent\":\"page\",\"title\":\"Export\\/Import\"}},\"ProcessSessionDB\":{\"name\":\"ProcessSessionDB\",\"title\":\"Sessions\",\"version\":3,\"versionStr\":\"0.0.3\",\"summary\":\"Enables you to browse active database sessions.\",\"icon\":\"dashboard\",\"requiresVersions\":{\"SessionHandlerDB\":[\">=\",0]},\"created\":1577984776,\"installed\":false,\"namespace\":\"ProcessWire\\\\\",\"core\":true},\"SessionHandlerDB\":{\"name\":\"SessionHandlerDB\",\"title\":\"Session Handler Database\",\"version\":5,\"versionStr\":\"0.0.5\",\"summary\":\"Installing this module makes ProcessWire store sessions in the database rather than the file system. Note that this module will log you out after install or uninstall.\",\"installs\":[\"ProcessSessionDB\"],\"created\":1577984776,\"installed\":false,\"configurable\":3,\"namespace\":\"ProcessWire\\\\\",\"core\":true},\"FieldtypeNotifications\":{\"name\":\"FieldtypeNotifications\",\"title\":\"Notifications\",\"version\":4,\"versionStr\":\"0.0.4\",\"summary\":\"Field that stores user notifications.\",\"requiresVersions\":{\"SystemNotifications\":[\">=\",0]},\"created\":1577984776,\"installed\":false,\"namespace\":\"ProcessWire\\\\\",\"core\":true},\"SystemNotifications\":{\"name\":\"SystemNotifications\",\"title\":\"System Notifications\",\"version\":12,\"versionStr\":\"0.1.2\",\"summary\":\"Adds support for notifications in ProcessWire (currently in development)\",\"icon\":\"bell\",\"installs\":[\"FieldtypeNotifications\"],\"autoload\":true,\"created\":1577984776,\"installed\":false,\"configurable\":\"SystemNotificationsConfig.php\",\"namespace\":\"ProcessWire\\\\\",\"core\":true},\"TextformatterMarkdownExtra\":{\"name\":\"TextformatterMarkdownExtra\",\"title\":\"Markdown\\/Parsedown Extra\",\"version\":130,\"versionStr\":\"1.3.0\",\"summary\":\"Markdown\\/Parsedown extra lightweight markup language by Emanuil Rusev. Based on Markdown by John Gruber.\",\"created\":1577984776,\"installed\":false,\"configurable\":3,\"namespace\":\"ProcessWire\\\\\",\"core\":true},\"TextformatterNewlineBR\":{\"name\":\"TextformatterNewlineBR\",\"title\":\"Newlines to XHTML Line Breaks\",\"version\":100,\"versionStr\":\"1.0.0\",\"summary\":\"Converts newlines to XHTML line break <br \\/> tags. \",\"created\":1577984776,\"installed\":false,\"namespace\":\"ProcessWire\\\\\",\"core\":true},\"TextformatterNewlineUL\":{\"name\":\"TextformatterNewlineUL\",\"title\":\"Newlines to Unordered List\",\"version\":100,\"versionStr\":\"1.0.0\",\"summary\":\"Converts newlines to <li> list items and surrounds in an <ul> unordered list. \",\"created\":1577984776,\"installed\":false,\"namespace\":\"ProcessWire\\\\\",\"core\":true},\"TextformatterPstripper\":{\"name\":\"TextformatterPstripper\",\"title\":\"Paragraph Stripper\",\"version\":100,\"versionStr\":\"1.0.0\",\"summary\":\"Strips paragraph <p> tags that may have been applied by other text formatters before it. \",\"created\":1577984776,\"installed\":false,\"namespace\":\"ProcessWire\\\\\",\"core\":true},\"TextformatterSmartypants\":{\"name\":\"TextformatterSmartypants\",\"title\":\"SmartyPants Typographer\",\"version\":171,\"versionStr\":\"1.7.1\",\"summary\":\"Smart typography for web sites, by Michel Fortin based on SmartyPants by John Gruber. If combined with Markdown, it should be applied AFTER Markdown.\",\"created\":1577984776,\"installed\":false,\"configurable\":4,\"namespace\":\"ProcessWire\\\\\",\"core\":true,\"url\":\"https:\\/\\/github.com\\/michelf\\/php-smartypants\"},\"TextformatterStripTags\":{\"name\":\"TextformatterStripTags\",\"title\":\"Strip Markup Tags\",\"version\":100,\"versionStr\":\"1.0.0\",\"summary\":\"Strips HTML\\/XHTML Markup Tags\",\"created\":1577984776,\"installed\":false,\"configurable\":3,\"namespace\":\"ProcessWire\\\\\",\"core\":true},\"Helloworld\":{\"name\":\"Helloworld\",\"title\":\"Hello World\",\"version\":3,\"versionStr\":\"0.0.3\",\"summary\":\"An example module used for demonstration purposes.\",\"href\":\"https:\\/\\/processwire.com\",\"icon\":\"smile-o\",\"autoload\":true,\"singular\":true,\"created\":1580889073,\"installed\":false}}', '2010-04-08 03:10:01');
INSERT INTO `caches` (`name`, `data`, `expires`) VALUES('Modules.site/modules/', 'Helloworld/Helloworld.module\nProcessDatabaseBackups/ProcessDatabaseBackups.module', '2010-04-08 03:10:01');
INSERT INTO `caches` (`name`, `data`, `expires`) VALUES('FileCompiler__5ae34ac82eb8933d4f53f0884eb122a1', '{\"source\":{\"file\":\"D:\\/workspace\\/boardschmiede\\/site\\/templates\\/admin.php\",\"hash\":\"9636f854995462a4cb877cb1204bc2fe\",\"size\":467,\"time\":1577984776,\"ns\":\"ProcessWire\"},\"target\":{\"file\":\"D:\\/workspace\\/boardschmiede\\/site\\/assets\\/cache\\/FileCompiler\\/site\\/templates\\/admin.php\",\"hash\":\"9636f854995462a4cb877cb1204bc2fe\",\"size\":467,\"time\":1577984776}}', '2010-04-08 03:10:10');
INSERT INTO `caches` (`name`, `data`, `expires`) VALUES('FileCompiler__7dcd25b51b01ac74a219fc8ef52a56db', '{\"source\":{\"file\":\"D:\\/workspace\\/boardschmiede\\/site\\/templates\\/_init.php\",\"hash\":\"3e5e9ae1778eab047a38a80de807e3b6\",\"size\":1005,\"time\":1577984776,\"ns\":\"ProcessWire\"},\"target\":{\"file\":\"D:\\/workspace\\/boardschmiede\\/site\\/assets\\/cache\\/FileCompiler\\/site\\/templates\\/_init.php\",\"hash\":\"3e5e9ae1778eab047a38a80de807e3b6\",\"size\":1005,\"time\":1577984776}}', '2010-04-08 03:10:10');
INSERT INTO `caches` (`name`, `data`, `expires`) VALUES('FileCompiler__5959a832c0f8b39b1aa4d23d82ee12ec', '{\"source\":{\"file\":\"D:\\/workspace\\/boardschmiede\\/site\\/templates\\/_main.php\",\"hash\":\"c8f33992329e96cfe2b9f05adcf4e896\",\"size\":3047,\"time\":1587371481,\"ns\":\"ProcessWire\"},\"target\":{\"file\":\"D:\\/workspace\\/boardschmiede\\/site\\/assets\\/cache\\/FileCompiler\\/site\\/templates\\/_main.php\",\"hash\":\"c8f33992329e96cfe2b9f05adcf4e896\",\"size\":3047,\"time\":1587371481}}', '2010-04-08 03:10:10');
INSERT INTO `caches` (`name`, `data`, `expires`) VALUES('FileCompiler__e1018a841de9d71b642846de25c5ee36', '{\"source\":{\"file\":\"D:\\/workspace\\/boardschmiede\\/site\\/templates\\/home.php\",\"hash\":\"f76395a9181098b7231d7378aaa096c1\",\"size\":4301,\"time\":1587370104,\"ns\":\"ProcessWire\"},\"target\":{\"file\":\"D:\\/workspace\\/boardschmiede\\/site\\/assets\\/cache\\/FileCompiler\\/site\\/templates\\/home.php\",\"hash\":\"f76395a9181098b7231d7378aaa096c1\",\"size\":4301,\"time\":1587370104}}', '2010-04-08 03:10:10');
INSERT INTO `caches` (`name`, `data`, `expires`) VALUES('FileCompiler__90649f37a650d3a10bdc0274a1195ec5', '{\"source\":{\"file\":\"D:\\/workspace\\/boardschmiede\\/site\\/templates\\/basic-page.php\",\"hash\":\"634bdef4b0f0da3f8d1b6db47a5b7a72\",\"size\":768,\"time\":1587371966,\"ns\":\"ProcessWire\"},\"target\":{\"file\":\"D:\\/workspace\\/boardschmiede\\/site\\/assets\\/cache\\/FileCompiler\\/site\\/templates\\/basic-page.php\",\"hash\":\"634bdef4b0f0da3f8d1b6db47a5b7a72\",\"size\":768,\"time\":1587371966}}', '2010-04-08 03:10:10');
INSERT INTO `caches` (`name`, `data`, `expires`) VALUES('Modules.info', '{\"148\":{\"name\":\"AdminThemeDefault\",\"title\":\"Default\",\"version\":14,\"autoload\":\"template=admin\",\"created\":1580892673,\"configurable\":19,\"namespace\":\"ProcessWire\\\\\"},\"169\":{\"name\":\"AdminThemeUikit\",\"title\":\"Uikit\",\"version\":30,\"requiresVersions\":{\"ProcessWire\":[\">=\",\"3.0.100\"]},\"autoload\":\"template=admin\",\"created\":1580892690,\"configurable\":4,\"namespace\":\"ProcessWire\\\\\"},\"97\":{\"name\":\"FieldtypeCheckbox\",\"title\":\"Checkbox\",\"version\":101,\"singular\":true,\"created\":1580892673,\"namespace\":\"ProcessWire\\\\\",\"permanent\":true},\"28\":{\"name\":\"FieldtypeDatetime\",\"title\":\"Datetime\",\"version\":105,\"created\":1580892673,\"namespace\":\"ProcessWire\\\\\"},\"29\":{\"name\":\"FieldtypeEmail\",\"title\":\"E-Mail\",\"version\":100,\"singular\":true,\"created\":1580892673,\"namespace\":\"ProcessWire\\\\\"},\"106\":{\"name\":\"FieldtypeFieldsetClose\",\"title\":\"Fieldset (Close)\",\"version\":100,\"singular\":true,\"created\":1580892673,\"namespace\":\"ProcessWire\\\\\",\"permanent\":true},\"105\":{\"name\":\"FieldtypeFieldsetOpen\",\"title\":\"Fieldset (Open)\",\"version\":101,\"singular\":true,\"created\":1580892673,\"namespace\":\"ProcessWire\\\\\",\"permanent\":true},\"107\":{\"name\":\"FieldtypeFieldsetTabOpen\",\"title\":\"Fieldset in Tab (Open)\",\"version\":100,\"singular\":1,\"created\":1580892673,\"namespace\":\"ProcessWire\\\\\",\"permanent\":true},\"6\":{\"name\":\"FieldtypeFile\",\"title\":\"Files\",\"version\":106,\"singular\":true,\"created\":1580892673,\"configurable\":4,\"namespace\":\"ProcessWire\\\\\",\"permanent\":true},\"89\":{\"name\":\"FieldtypeFloat\",\"title\":\"Float\",\"version\":105,\"singular\":1,\"created\":1580892673,\"namespace\":\"ProcessWire\\\\\",\"permanent\":true},\"57\":{\"name\":\"FieldtypeImage\",\"title\":\"Images\",\"version\":101,\"singular\":true,\"created\":1580892673,\"configurable\":4,\"namespace\":\"ProcessWire\\\\\",\"permanent\":true},\"84\":{\"name\":\"FieldtypeInteger\",\"title\":\"Integer\",\"version\":101,\"created\":1580892673,\"namespace\":\"ProcessWire\\\\\",\"permanent\":true},\"27\":{\"name\":\"FieldtypeModule\",\"title\":\"Module Reference\",\"version\":101,\"singular\":true,\"created\":1580892673,\"namespace\":\"ProcessWire\\\\\",\"permanent\":true},\"4\":{\"name\":\"FieldtypePage\",\"title\":\"Page Reference\",\"version\":105,\"autoload\":true,\"singular\":true,\"created\":1580892673,\"configurable\":3,\"namespace\":\"ProcessWire\\\\\",\"permanent\":true},\"111\":{\"name\":\"FieldtypePageTitle\",\"title\":\"Page Title\",\"version\":100,\"singular\":1,\"created\":1580892673,\"namespace\":\"ProcessWire\\\\\",\"permanent\":true},\"133\":{\"name\":\"FieldtypePassword\",\"title\":\"Password\",\"version\":101,\"singular\":true,\"created\":1580892673,\"namespace\":\"ProcessWire\\\\\",\"permanent\":true},\"172\":{\"name\":\"FieldtypeRepeater\",\"title\":\"Repeater\",\"version\":106,\"installs\":[\"InputfieldRepeater\"],\"autoload\":true,\"singular\":true,\"created\":1587364703,\"configurable\":3,\"namespace\":\"ProcessWire\\\\\"},\"173\":{\"name\":\"InputfieldRepeater\",\"title\":\"Repeater\",\"version\":106,\"requiresVersions\":{\"FieldtypeRepeater\":[\">=\",0]},\"created\":1587364703,\"namespace\":\"ProcessWire\\\\\"},\"3\":{\"name\":\"FieldtypeText\",\"title\":\"Text\",\"version\":101,\"singular\":true,\"created\":1580892673,\"namespace\":\"ProcessWire\\\\\",\"permanent\":true},\"1\":{\"name\":\"FieldtypeTextarea\",\"title\":\"Textarea\",\"version\":107,\"created\":1580892673,\"namespace\":\"ProcessWire\\\\\",\"permanent\":true},\"135\":{\"name\":\"FieldtypeURL\",\"title\":\"URL\",\"version\":101,\"singular\":true,\"created\":1580892673,\"namespace\":\"ProcessWire\\\\\",\"permanent\":true},\"25\":{\"name\":\"InputfieldAsmSelect\",\"title\":\"asmSelect\",\"version\":202,\"created\":1580892673,\"namespace\":\"ProcessWire\\\\\",\"permanent\":true},\"131\":{\"name\":\"InputfieldButton\",\"title\":\"Button\",\"version\":100,\"created\":1580892673,\"namespace\":\"ProcessWire\\\\\",\"permanent\":true},\"37\":{\"name\":\"InputfieldCheckbox\",\"title\":\"Checkbox\",\"version\":106,\"created\":1580892673,\"namespace\":\"ProcessWire\\\\\",\"permanent\":true},\"38\":{\"name\":\"InputfieldCheckboxes\",\"title\":\"Checkboxes\",\"version\":107,\"created\":1580892673,\"namespace\":\"ProcessWire\\\\\",\"permanent\":true},\"155\":{\"name\":\"InputfieldCKEditor\",\"title\":\"CKEditor\",\"version\":162,\"installs\":[\"MarkupHTMLPurifier\"],\"created\":1580892673,\"namespace\":\"ProcessWire\\\\\"},\"94\":{\"name\":\"InputfieldDatetime\",\"title\":\"Datetime\",\"version\":106,\"created\":1580892673,\"namespace\":\"ProcessWire\\\\\",\"permanent\":true},\"80\":{\"name\":\"InputfieldEmail\",\"title\":\"Email\",\"version\":101,\"created\":1580892673,\"namespace\":\"ProcessWire\\\\\"},\"78\":{\"name\":\"InputfieldFieldset\",\"title\":\"Fieldset\",\"version\":101,\"created\":1580892673,\"namespace\":\"ProcessWire\\\\\",\"permanent\":true},\"55\":{\"name\":\"InputfieldFile\",\"title\":\"Files\",\"version\":126,\"created\":1580892673,\"namespace\":\"ProcessWire\\\\\",\"permanent\":true},\"90\":{\"name\":\"InputfieldFloat\",\"title\":\"Float\",\"version\":103,\"created\":1580892673,\"namespace\":\"ProcessWire\\\\\",\"permanent\":true},\"30\":{\"name\":\"InputfieldForm\",\"title\":\"Form\",\"version\":107,\"created\":1580892673,\"namespace\":\"ProcessWire\\\\\",\"permanent\":true},\"40\":{\"name\":\"InputfieldHidden\",\"title\":\"Hidden\",\"version\":101,\"created\":1580892673,\"namespace\":\"ProcessWire\\\\\",\"permanent\":true},\"171\":{\"name\":\"InputfieldIcon\",\"title\":\"Icon\",\"version\":2,\"created\":1580892695,\"namespace\":\"ProcessWire\\\\\"},\"56\":{\"name\":\"InputfieldImage\",\"title\":\"Images\",\"version\":123,\"created\":1580892673,\"namespace\":\"ProcessWire\\\\\",\"permanent\":true},\"85\":{\"name\":\"InputfieldInteger\",\"title\":\"Integer\",\"version\":104,\"created\":1580892673,\"namespace\":\"ProcessWire\\\\\",\"permanent\":true},\"79\":{\"name\":\"InputfieldMarkup\",\"title\":\"Markup\",\"version\":102,\"created\":1580892673,\"namespace\":\"ProcessWire\\\\\",\"permanent\":true},\"41\":{\"name\":\"InputfieldName\",\"title\":\"Name\",\"version\":100,\"created\":1580892673,\"namespace\":\"ProcessWire\\\\\",\"permanent\":true},\"60\":{\"name\":\"InputfieldPage\",\"title\":\"Page\",\"version\":107,\"created\":1580892673,\"configurable\":3,\"namespace\":\"ProcessWire\\\\\",\"permanent\":true},\"15\":{\"name\":\"InputfieldPageListSelect\",\"title\":\"Page List Select\",\"version\":101,\"created\":1580892673,\"namespace\":\"ProcessWire\\\\\",\"permanent\":true},\"137\":{\"name\":\"InputfieldPageListSelectMultiple\",\"title\":\"Page List Select Multiple\",\"version\":102,\"created\":1580892673,\"namespace\":\"ProcessWire\\\\\",\"permanent\":true},\"86\":{\"name\":\"InputfieldPageName\",\"title\":\"Page Name\",\"version\":106,\"created\":1580892673,\"configurable\":3,\"namespace\":\"ProcessWire\\\\\",\"permanent\":true},\"112\":{\"name\":\"InputfieldPageTitle\",\"title\":\"Page Title\",\"version\":102,\"created\":1580892673,\"namespace\":\"ProcessWire\\\\\",\"permanent\":true},\"122\":{\"name\":\"InputfieldPassword\",\"title\":\"Password\",\"version\":102,\"created\":1580892673,\"namespace\":\"ProcessWire\\\\\",\"permanent\":true},\"39\":{\"name\":\"InputfieldRadios\",\"title\":\"Radio Buttons\",\"version\":105,\"created\":1580892673,\"namespace\":\"ProcessWire\\\\\",\"permanent\":true},\"36\":{\"name\":\"InputfieldSelect\",\"title\":\"Select\",\"version\":102,\"created\":1580892673,\"namespace\":\"ProcessWire\\\\\",\"permanent\":true},\"43\":{\"name\":\"InputfieldSelectMultiple\",\"title\":\"Select Multiple\",\"version\":101,\"created\":1580892673,\"namespace\":\"ProcessWire\\\\\",\"permanent\":true},\"149\":{\"name\":\"InputfieldSelector\",\"title\":\"Selector\",\"version\":28,\"autoload\":\"template=admin\",\"created\":1580892673,\"configurable\":3,\"namespace\":\"ProcessWire\\\\\",\"addFlag\":32},\"32\":{\"name\":\"InputfieldSubmit\",\"title\":\"Submit\",\"version\":102,\"created\":1580892673,\"namespace\":\"ProcessWire\\\\\",\"permanent\":true},\"34\":{\"name\":\"InputfieldText\",\"title\":\"Text\",\"version\":106,\"created\":1580892673,\"namespace\":\"ProcessWire\\\\\",\"permanent\":true},\"35\":{\"name\":\"InputfieldTextarea\",\"title\":\"Textarea\",\"version\":103,\"created\":1580892673,\"namespace\":\"ProcessWire\\\\\",\"permanent\":true},\"108\":{\"name\":\"InputfieldURL\",\"title\":\"URL\",\"version\":102,\"created\":1580892673,\"namespace\":\"ProcessWire\\\\\"},\"116\":{\"name\":\"JqueryCore\",\"title\":\"jQuery Core\",\"version\":183,\"singular\":true,\"created\":1580892673,\"namespace\":\"ProcessWire\\\\\",\"permanent\":true},\"151\":{\"name\":\"JqueryMagnific\",\"title\":\"jQuery Magnific Popup\",\"version\":1,\"singular\":1,\"created\":1580892673,\"namespace\":\"ProcessWire\\\\\"},\"103\":{\"name\":\"JqueryTableSorter\",\"title\":\"jQuery Table Sorter Plugin\",\"version\":221,\"singular\":1,\"created\":1580892673,\"namespace\":\"ProcessWire\\\\\"},\"117\":{\"name\":\"JqueryUI\",\"title\":\"jQuery UI\",\"version\":196,\"singular\":true,\"created\":1580892673,\"namespace\":\"ProcessWire\\\\\",\"permanent\":true},\"45\":{\"name\":\"JqueryWireTabs\",\"title\":\"jQuery Wire Tabs Plugin\",\"version\":109,\"created\":1580892673,\"configurable\":3,\"namespace\":\"ProcessWire\\\\\",\"permanent\":true},\"163\":{\"name\":\"FieldtypePageTitleLanguage\",\"title\":\"Page Title (Multi-Language)\",\"version\":100,\"requiresVersions\":{\"LanguageSupportFields\":[\">=\",0],\"FieldtypeTextLanguage\":[\">=\",0]},\"singular\":true,\"created\":1580892673,\"namespace\":\"ProcessWire\\\\\"},\"164\":{\"name\":\"FieldtypeTextareaLanguage\",\"title\":\"Textarea (Multi-language)\",\"version\":100,\"requiresVersions\":{\"LanguageSupportFields\":[\">=\",0]},\"singular\":true,\"created\":1580892673,\"namespace\":\"ProcessWire\\\\\"},\"162\":{\"name\":\"FieldtypeTextLanguage\",\"title\":\"Text (Multi-language)\",\"version\":100,\"requiresVersions\":{\"LanguageSupportFields\":[\">=\",0]},\"singular\":true,\"created\":1580892673,\"namespace\":\"ProcessWire\\\\\"},\"158\":{\"name\":\"LanguageSupport\",\"title\":\"Languages Support\",\"version\":103,\"installs\":[\"ProcessLanguage\",\"ProcessLanguageTranslator\"],\"autoload\":true,\"singular\":true,\"created\":1580892673,\"configurable\":3,\"namespace\":\"ProcessWire\\\\\",\"addFlag\":32},\"161\":{\"name\":\"LanguageSupportFields\",\"title\":\"Languages Support - Fields\",\"version\":100,\"requiresVersions\":{\"LanguageSupport\":[\">=\",0]},\"installs\":[\"FieldtypePageTitleLanguage\",\"FieldtypeTextareaLanguage\",\"FieldtypeTextLanguage\"],\"autoload\":true,\"singular\":true,\"created\":1580892673,\"namespace\":\"ProcessWire\\\\\"},\"165\":{\"name\":\"LanguageSupportPageNames\",\"title\":\"Languages Support - Page Names\",\"version\":10,\"requiresVersions\":{\"LanguageSupport\":[\">=\",0],\"LanguageSupportFields\":[\">=\",0]},\"autoload\":true,\"singular\":true,\"created\":1580892673,\"configurable\":3,\"namespace\":\"ProcessWire\\\\\"},\"166\":{\"name\":\"LanguageTabs\",\"title\":\"Languages Support - Tabs\",\"version\":114,\"requiresVersions\":{\"LanguageSupport\":[\">=\",0]},\"autoload\":\"template=admin\",\"singular\":true,\"created\":1580892673,\"configurable\":4,\"namespace\":\"ProcessWire\\\\\"},\"159\":{\"name\":\"ProcessLanguage\",\"title\":\"Languages\",\"version\":103,\"icon\":\"language\",\"requiresVersions\":{\"LanguageSupport\":[\">=\",0]},\"permission\":\"lang-edit\",\"singular\":1,\"created\":1580892673,\"configurable\":3,\"namespace\":\"ProcessWire\\\\\",\"useNavJSON\":true},\"160\":{\"name\":\"ProcessLanguageTranslator\",\"title\":\"Language Translator\",\"version\":101,\"requiresVersions\":{\"LanguageSupport\":[\">=\",0]},\"permission\":\"lang-edit\",\"singular\":1,\"created\":1580892673,\"namespace\":\"ProcessWire\\\\\"},\"67\":{\"name\":\"MarkupAdminDataTable\",\"title\":\"Admin Data Table\",\"version\":107,\"created\":1580892673,\"namespace\":\"ProcessWire\\\\\",\"permanent\":true},\"156\":{\"name\":\"MarkupHTMLPurifier\",\"title\":\"HTML Purifier\",\"version\":495,\"created\":1580892673,\"namespace\":\"ProcessWire\\\\\"},\"113\":{\"name\":\"MarkupPageArray\",\"title\":\"PageArray Markup\",\"version\":100,\"autoload\":true,\"singular\":true,\"created\":1580892673,\"namespace\":\"ProcessWire\\\\\"},\"98\":{\"name\":\"MarkupPagerNav\",\"title\":\"Pager (Pagination) Navigation\",\"version\":105,\"created\":1580892673,\"namespace\":\"ProcessWire\\\\\"},\"152\":{\"name\":\"PagePathHistory\",\"title\":\"Page Path History\",\"version\":5,\"autoload\":true,\"singular\":true,\"created\":1580892673,\"configurable\":4,\"namespace\":\"ProcessWire\\\\\"},\"114\":{\"name\":\"PagePermissions\",\"title\":\"Page Permissions\",\"version\":105,\"autoload\":true,\"singular\":true,\"created\":1580892673,\"namespace\":\"ProcessWire\\\\\",\"permanent\":true},\"115\":{\"name\":\"PageRender\",\"title\":\"Page Render\",\"version\":105,\"autoload\":true,\"singular\":true,\"created\":1580892673,\"configurable\":3,\"namespace\":\"ProcessWire\\\\\",\"permanent\":true},\"48\":{\"name\":\"ProcessField\",\"title\":\"Fields\",\"version\":113,\"icon\":\"cube\",\"permission\":\"field-admin\",\"created\":1580892673,\"configurable\":3,\"namespace\":\"ProcessWire\\\\\",\"permanent\":true,\"useNavJSON\":true,\"addFlag\":32},\"87\":{\"name\":\"ProcessHome\",\"title\":\"Admin Home\",\"version\":101,\"permission\":\"page-view\",\"created\":1580892673,\"namespace\":\"ProcessWire\\\\\",\"permanent\":true},\"76\":{\"name\":\"ProcessList\",\"title\":\"List\",\"version\":101,\"permission\":\"page-view\",\"created\":1580892673,\"namespace\":\"ProcessWire\\\\\",\"permanent\":true},\"170\":{\"name\":\"ProcessLogger\",\"title\":\"Logs\",\"version\":2,\"icon\":\"tree\",\"permission\":\"logs-view\",\"singular\":1,\"created\":1580892695,\"namespace\":\"ProcessWire\\\\\",\"useNavJSON\":true},\"10\":{\"name\":\"ProcessLogin\",\"title\":\"Login\",\"version\":107,\"permission\":\"page-view\",\"created\":1580892673,\"configurable\":4,\"namespace\":\"ProcessWire\\\\\",\"permanent\":true},\"50\":{\"name\":\"ProcessModule\",\"title\":\"Modules\",\"version\":118,\"permission\":\"module-admin\",\"created\":1580892673,\"namespace\":\"ProcessWire\\\\\",\"permanent\":true,\"useNavJSON\":true,\"nav\":[{\"url\":\"?site#tab_site_modules\",\"label\":\"Site\",\"icon\":\"plug\",\"navJSON\":\"navJSON\\/?site=1\"},{\"url\":\"?core#tab_core_modules\",\"label\":\"Core\",\"icon\":\"plug\",\"navJSON\":\"navJSON\\/?core=1\"},{\"url\":\"?configurable#tab_configurable_modules\",\"label\":\"Configure\",\"icon\":\"gear\",\"navJSON\":\"navJSON\\/?configurable=1\"},{\"url\":\"?install#tab_install_modules\",\"label\":\"Install\",\"icon\":\"sign-in\",\"navJSON\":\"navJSON\\/?install=1\"},{\"url\":\"?new#tab_new_modules\",\"label\":\"New\",\"icon\":\"plus\"},{\"url\":\"?reset=1\",\"label\":\"Refresh\",\"icon\":\"refresh\"}]},\"17\":{\"name\":\"ProcessPageAdd\",\"title\":\"Page Add\",\"version\":108,\"icon\":\"plus-circle\",\"permission\":\"page-edit\",\"created\":1580892673,\"configurable\":3,\"namespace\":\"ProcessWire\\\\\",\"permanent\":true,\"useNavJSON\":true},\"7\":{\"name\":\"ProcessPageEdit\",\"title\":\"Page Edit\",\"version\":109,\"icon\":\"edit\",\"permission\":\"page-edit\",\"singular\":1,\"created\":1580892673,\"configurable\":3,\"namespace\":\"ProcessWire\\\\\",\"permanent\":true,\"useNavJSON\":true},\"129\":{\"name\":\"ProcessPageEditImageSelect\",\"title\":\"Page Edit Image\",\"version\":120,\"permission\":\"page-edit\",\"singular\":1,\"created\":1580892673,\"configurable\":3,\"namespace\":\"ProcessWire\\\\\",\"permanent\":true},\"121\":{\"name\":\"ProcessPageEditLink\",\"title\":\"Page Edit Link\",\"version\":108,\"icon\":\"link\",\"permission\":\"page-edit\",\"singular\":1,\"created\":1580892673,\"configurable\":3,\"namespace\":\"ProcessWire\\\\\",\"permanent\":true},\"12\":{\"name\":\"ProcessPageList\",\"title\":\"Page List\",\"version\":122,\"icon\":\"sitemap\",\"permission\":\"page-edit\",\"created\":1580892673,\"configurable\":3,\"namespace\":\"ProcessWire\\\\\",\"permanent\":true,\"useNavJSON\":true},\"150\":{\"name\":\"ProcessPageLister\",\"title\":\"Lister\",\"version\":26,\"icon\":\"search\",\"permission\":\"page-lister\",\"created\":1580892673,\"configurable\":true,\"namespace\":\"ProcessWire\\\\\",\"permanent\":true,\"useNavJSON\":true,\"addFlag\":32},\"104\":{\"name\":\"ProcessPageSearch\",\"title\":\"Page Search\",\"version\":106,\"permission\":\"page-edit\",\"singular\":1,\"created\":1580892673,\"configurable\":3,\"namespace\":\"ProcessWire\\\\\",\"permanent\":true},\"14\":{\"name\":\"ProcessPageSort\",\"title\":\"Page Sort and Move\",\"version\":100,\"permission\":\"page-edit\",\"created\":1580892673,\"namespace\":\"ProcessWire\\\\\",\"permanent\":true},\"109\":{\"name\":\"ProcessPageTrash\",\"title\":\"Page Trash\",\"version\":103,\"singular\":1,\"created\":1580892673,\"namespace\":\"ProcessWire\\\\\",\"permanent\":true},\"134\":{\"name\":\"ProcessPageType\",\"title\":\"Page Type\",\"version\":101,\"singular\":1,\"created\":1580892673,\"configurable\":3,\"namespace\":\"ProcessWire\\\\\",\"permanent\":true,\"useNavJSON\":true,\"addFlag\":32},\"83\":{\"name\":\"ProcessPageView\",\"title\":\"Page View\",\"version\":104,\"permission\":\"page-view\",\"created\":1580892673,\"namespace\":\"ProcessWire\\\\\",\"permanent\":true},\"136\":{\"name\":\"ProcessPermission\",\"title\":\"Permissions\",\"version\":101,\"icon\":\"gear\",\"permission\":\"permission-admin\",\"singular\":1,\"created\":1580892673,\"configurable\":3,\"namespace\":\"ProcessWire\\\\\",\"permanent\":true,\"useNavJSON\":true},\"138\":{\"name\":\"ProcessProfile\",\"title\":\"User Profile\",\"version\":104,\"permission\":\"profile-edit\",\"singular\":1,\"created\":1580892673,\"configurable\":3,\"namespace\":\"ProcessWire\\\\\",\"permanent\":true},\"168\":{\"name\":\"ProcessRecentPages\",\"title\":\"Recent Pages\",\"version\":2,\"icon\":\"clock-o\",\"permission\":\"page-edit-recent\",\"singular\":1,\"created\":1580892689,\"namespace\":\"ProcessWire\\\\\",\"useNavJSON\":true,\"nav\":[{\"url\":\"?edited=1\",\"label\":\"Edited\",\"icon\":\"users\",\"navJSON\":\"navJSON\\/?edited=1\"},{\"url\":\"?added=1\",\"label\":\"Created\",\"icon\":\"users\",\"navJSON\":\"navJSON\\/?added=1\"},{\"url\":\"?edited=1&me=1\",\"label\":\"Edited by me\",\"icon\":\"user\",\"navJSON\":\"navJSON\\/?edited=1&me=1\"},{\"url\":\"?added=1&me=1\",\"label\":\"Created by me\",\"icon\":\"user\",\"navJSON\":\"navJSON\\/?added=1&me=1\"},{\"url\":\"another\\/\",\"label\":\"Add another\",\"icon\":\"plus-circle\",\"navJSON\":\"anotherNavJSON\\/\"}]},\"68\":{\"name\":\"ProcessRole\",\"title\":\"Roles\",\"version\":104,\"icon\":\"gears\",\"permission\":\"role-admin\",\"created\":1580892673,\"configurable\":3,\"namespace\":\"ProcessWire\\\\\",\"permanent\":true,\"useNavJSON\":true},\"47\":{\"name\":\"ProcessTemplate\",\"title\":\"Templates\",\"version\":114,\"icon\":\"cubes\",\"permission\":\"template-admin\",\"created\":1580892673,\"namespace\":\"ProcessWire\\\\\",\"permanent\":true,\"useNavJSON\":true},\"66\":{\"name\":\"ProcessUser\",\"title\":\"Users\",\"version\":107,\"icon\":\"group\",\"permission\":\"user-admin\",\"created\":1580892673,\"configurable\":\"ProcessUserConfig.php\",\"namespace\":\"ProcessWire\\\\\",\"permanent\":true,\"useNavJSON\":true},\"125\":{\"name\":\"SessionLoginThrottle\",\"title\":\"Session Login Throttle\",\"version\":103,\"autoload\":\"function\",\"singular\":true,\"created\":1580892673,\"configurable\":3,\"namespace\":\"ProcessWire\\\\\"},\"139\":{\"name\":\"SystemUpdater\",\"title\":\"System Updater\",\"version\":17,\"singular\":true,\"created\":1580892673,\"configurable\":3,\"namespace\":\"ProcessWire\\\\\",\"permanent\":true},\"61\":{\"name\":\"TextformatterEntities\",\"title\":\"HTML Entity Encoder (htmlspecialchars)\",\"version\":100,\"created\":1580892673,\"namespace\":\"ProcessWire\\\\\"},\"174\":{\"name\":\"ProcessDatabaseBackups\",\"title\":\"Database Backups\",\"version\":5,\"icon\":\"database\",\"requiresVersions\":{\"ProcessWire\":[\">=\",\"3.0.62\"]},\"permission\":\"db-backup\",\"singular\":true,\"nav\":[{\"url\":\".\\/\",\"label\":\"View\",\"icon\":\"list\"},{\"url\":\"backup\\/\",\"label\":\"Backup\",\"icon\":\"plus-circle\"},{\"url\":\"upload\\/\",\"label\":\"Upload\",\"icon\":\"cloud-upload\"}]}}', '2010-04-08 03:10:01');

DROP TABLE IF EXISTS `field_admin_theme`;
CREATE TABLE `field_admin_theme` (
  `pages_id` int(10) unsigned NOT NULL,
  `data` int(11) NOT NULL,
  PRIMARY KEY (`pages_id`),
  KEY `data` (`data`)
) ENGINE=MyISAM DEFAULT CHARSET=utf8mb4;


DROP TABLE IF EXISTS `field_body`;
CREATE TABLE `field_body` (
  `pages_id` int(10) unsigned NOT NULL,
  `data` mediumtext NOT NULL,
  `data1012` mediumtext DEFAULT NULL,
  `data1013` mediumtext DEFAULT NULL,
  PRIMARY KEY (`pages_id`),
  KEY `data_exact` (`data`(250)),
  FULLTEXT KEY `data` (`data`),
  FULLTEXT KEY `data1012` (`data1012`),
  FULLTEXT KEY `data1013` (`data1013`)
) ENGINE=MyISAM DEFAULT CHARSET=utf8mb4;

INSERT INTO `field_body` (`pages_id`, `data`, `data1012`, `data1013`) VALUES('27', '<h3>The page you were looking for is not found.</h3>\n\n<p>Please use our search engine or navigation above to find the page.</p>', '<h3>Die Seite, die Sie suchen, wurde nicht gefunden. </h3>\n\n<p>Bitte verwenden Sie die Suchmaschine oder die Navigation oben, um die Seite zu finden.</p>', '<h3>Sivu etsit ei löytynyt.</h3>\n\n<p>Ole hyvä ja käytä hakukonetta tai navigointi ennen löytää sivun.</p>');
INSERT INTO `field_body` (`pages_id`, `data`, `data1012`, `data1013`) VALUES('1', '<h1 style=\"text-align:center;\">THIS IS JUST THE BEGINNING OF YOUR JOURNEY</h1>\n\n<p style=\"text-align:center;\"><em>We are a small manufacturer located at the popular kite spot Workum in the Netherlands, who have set ourselves the goal to \"forge\" the ultimate board. Years of honing our craft, combined with a real passion for perfection, ensures every board is made to the highest possible standard.</em></p>', '<h2>Was ist ProcessWire?</h2>\n\n<p>ProcessWire gibt Ihnen volle Kontrolle über Ihre Felder, Vorlagen und Markup. Es bietet ein mächtiges Templating-System, das sich ganz nach Ihren richtet. Mit dem ProcessWire API bearbeiten Sie Inhalte spielend einfach und bequem. <a href=\"http://de.processwire.com\">Mehr erfahren</a></p>\n\n<h3>Über dieses Webseiten-Profil</h3>\n\n<p>Dieses Demo-Profil ist eine einfache Webseite, die Sie als Grundlage für die Entwicklung Ihrer eigenen Webseiten verwenden können oder um sich mit dem System vertraut zu machen. Die Seiten dienen lediglich als Beispiele und erheben nicht den Anspruch, alle ProcessWire Features demonstrieren zu wollen. Wenn Sie Ihre eigene Webseiten bauen, ist dieses Profil ein guter Ausgangspunkt. Sie können die vorhandenen Vorlagen und das Design verwenden wie sie sind, oder nach Belieben austauschen.</p>\n\n<h3>Diese Seite durchsuchen</h3>', '<h2>Mikä on ProcessWire?</h2>\n\n<p>ProcessWire antaa sinulle täyden kontrollin kentät, malleja ja markup. Se tarjoaa tehokkaan mallin, joka toimii niin teet. Puhumattakaan, ProcessWire API tekee työskentelystä sisällön helppoa ja nautinnollista. <a href=\"http://fi.processwire.com\">Lue lisää</a></p>\n\n<h3>Tietoa palvelusta profiili</h3>\n\n<p>Tämä on perus minimaalinen sivuston voit käyttää kehittämään oman sivuston tai oppia. On olemassa muutamia sivuja tänne esimerkeiksi, mutta tämä sivusto profiilia ei tee mitään yrittäneet osoittaa kaikille, että ProcessWire voi tehdä. Jos rakennat uuden sivuston, tämä minimaalinen profiili on hyvä paikka aloittaa. Voit käyttää näitä olemassa olevia malleja ja suunnittelun kuin ne ovat, tai voit korvata ne kokonaan.</p>\n\n<h3>Selata sivustoa</h3>');
INSERT INTO `field_body` (`pages_id`, `data`, `data1012`, `data1013`) VALUES('1021', '', '', '');
INSERT INTO `field_body` (`pages_id`, `data`, `data1012`, `data1013`) VALUES('1022', '', '', '');
INSERT INTO `field_body` (`pages_id`, `data`, `data1012`, `data1013`) VALUES('1023', '', '', '');
INSERT INTO `field_body` (`pages_id`, `data`, `data1012`, `data1013`) VALUES('1024', '', '', '');
INSERT INTO `field_body` (`pages_id`, `data`, `data1012`, `data1013`) VALUES('1025', '', '', '');
INSERT INTO `field_body` (`pages_id`, `data`, `data1012`, `data1013`) VALUES('1026', '', '', '');
INSERT INTO `field_body` (`pages_id`, `data`, `data1012`, `data1013`) VALUES('1002', '<h2>Ut capio feugiat saepius torqueo olim</h2>\n\n<h3>In utinam facilisi eum vicis feugait nimis</h3>\n\n<p>Iusto incassum appellatio cui macto genitus vel. Lobortis aliquam luctus, roto enim, imputo wisi tamen. Ratis odio, genitus acsi, neo illum consequat consectetuer ut.</p>\n\n<blockquote>\n<p>Wisi fere virtus cogo, ex ut vel nullus similis vel iusto. Tation incassum adsum in, quibus capto premo diam suscipere facilisi. Uxor laoreet mos capio premo feugait ille et. Pecus abigo immitto epulae duis vel. Neque causa, indoles verto, decet ingenium dignissim.</p>\n</blockquote>\n\n<p>Patria iriure vel vel autem proprius indoles ille sit. Tation blandit refoveo, accumsan ut ulciscor lucidus inhibeo capto aptent opes, foras.</p>\n\n<h3>Dolore ea valde refero feugait utinam luctus</h3>\n\n<p>Usitas, nostrud transverbero, in, amet, nostrud ad. Ex feugiat opto diam os aliquam regula lobortis dolore ut ut quadrum. Esse eu quis nunc jugis iriure volutpat wisi, fere blandit inhibeo melior, hendrerit, saluto velit. Eu bene ideo dignissim delenit accumsan nunc. Usitas ille autem camur consequat typicus feugait elit ex accumsan nutus accumsan nimis pagus, occuro. Immitto populus, qui feugiat opto pneum letalis paratus. Mara conventio torqueo nibh caecus abigo sit eum brevitas. Populus, duis ex quae exerci hendrerit, si antehabeo nobis, consequat ea praemitto zelus.</p>\n\n<p>Immitto os ratis euismod conventio erat jus caecus sudo. code test Appellatio consequat, et ibidem ludus nulla dolor augue abdo tego euismod plaga lenis. Sit at nimis venio venio tego os et pecus enim pneum magna nobis ad pneum. Saepius turpis probo refero molior nonummy aliquam neque appellatio jus luctus acsi. Ulciscor refero pagus imputo eu refoveo valetudo duis dolore usitas. Consequat suscipere quod torqueo ratis ullamcorper, dolore lenis, letalis quia quadrum plaga minim.</p>', '', '');
INSERT INTO `field_body` (`pages_id`, `data`, `data1012`, `data1013`) VALUES('1001', '<h2 style=\"text-align:center;\">Si lobortis singularis genitus ibidem saluto.</h2>\n\n<p style=\"text-align:center;\">Dolore ad nunc, mos accumsan paratus duis suscipit luptatum facilisis macto uxor iaceo quadrum. Demoveo, appellatio elit neque ad commodo ea. Wisi, iaceo, tincidunt at commoveo rusticus et, ludus. Feugait at blandit bene blandit suscipere abdo duis ideo bis commoveo pagus ex, velit. Consequat commodo roto accumsan, duis transverbero.</p>', '<h2>Hinter den Wortbergen</h2>\n\n<p>Weit hinten, hinter den Wortbergen, fern der Länder Vokalien und Konsonantien leben die Blindtexte. Abgeschieden wohnen sie in Buchstabhausen an der Küste des Semantik, eines großen Sprachozeans. Ein kleines Bächlein namens Duden fließt durch ihren Ort und versorgt sie mit den nötigen Regelialien. Es ist ein paradiesmatisches Land, in dem einem gebratene Satzteile in den Mund fliegen. Nicht einmal von der allmächtigen Interpunktion werden die Blindtexte beherrscht – ein geradezu unorthographisches Leben.</p>', '<h2>Jos yksittäisten politiikkojen syntyy siellä vierailla.</h2>\n\n<p>Kipu nyt, asiakaslähtöinen joukkue valmis suorittamaan dynaamisia OpenCms Japani wife\'ve neliö. Peruttiin, valitus on ympäristölle tai hyödyntää näitä asioita. Kaikki mitä tarvitset on: Olen, jonka tavoitteena on maalaismainen, nyt liikkua, peli. Feugait mutta tutkijat ottaa iltapäivän hyvin Abdo n kahdesti nyt muuttamaan pois kylästä, kiitos. Resepti, ota kiertää kerros, elokuva Drive.</p>');
INSERT INTO `field_body` (`pages_id`, `data`, `data1012`, `data1013`) VALUES('1004', '<h2>Pertineo vel dignissim, natu letalis fere odio</h2>\n\n<p>Magna in gemino, gilvus iusto capto jugis abdo mos aptent acsi qui. Utrum inhibeo humo humo duis quae. Lucidus paulatim facilisi scisco quibus hendrerit conventio adsum.</p>\n\n<h3>Si lobortis singularis genitus ibidem saluto</h3>\n\n<ul>\n	<li>Feugiat eligo foras ex elit sed indoles hos elit ex antehabeo defui et nostrud.</li>\n	<li>Letatio valetudo multo consequat inhibeo ille dignissim pagus et in quadrum eum eu.</li>\n	<li>Aliquam si consequat, ut nulla amet et turpis exerci, adsum luctus ne decet, delenit.</li>\n	<li>Commoveo nunc diam valetudo cui, aptent commoveo at obruo uxor nulla aliquip augue.</li>\n</ul>\n\n<p>Iriure, ex velit, praesent vulpes delenit capio vero gilvus inhibeo letatio aliquip metuo qui eros. Transverbero demoveo euismod letatio torqueo melior. Ut odio in suscipit paulatim amet huic letalis suscipere eros causa, letalis magna.</p>\n\n<ol>\n	<li>Feugiat eligo foras ex elit sed indoles hos elit ex antehabeo defui et nostrud.</li>\n	<li>Letatio valetudo multo consequat inhibeo ille dignissim pagus et in quadrum eum eu.</li>\n	<li>Aliquam si consequat, ut nulla amet et turpis exerci, adsum luctus ne decet, delenit.</li>\n	<li>Commoveo nunc diam valetudo cui, aptent commoveo at obruo uxor nulla aliquip augue.</li>\n</ol>', '', '');
INSERT INTO `field_body` (`pages_id`, `data`, `data1012`, `data1013`) VALUES('1020', '', '', '');

DROP TABLE IF EXISTS `field_coverimage`;
CREATE TABLE `field_coverimage` (
  `pages_id` int(10) unsigned NOT NULL,
  `data` varchar(250) NOT NULL,
  `sort` int(10) unsigned NOT NULL,
  `description` text NOT NULL,
  `modified` datetime DEFAULT NULL,
  `created` datetime DEFAULT NULL,
  `filedata` mediumtext DEFAULT NULL,
  PRIMARY KEY (`pages_id`,`sort`),
  KEY `data` (`data`),
  KEY `modified` (`modified`),
  KEY `created` (`created`),
  FULLTEXT KEY `description` (`description`),
  FULLTEXT KEY `filedata` (`filedata`)
) ENGINE=MyISAM DEFAULT CHARSET=utf8mb4;

INSERT INTO `field_coverimage` (`pages_id`, `data`, `sort`, `description`, `modified`, `created`, `filedata`) VALUES('1', 'img_8948.jpg', '0', '[\"\"]', '2020-04-20 09:07:31', '2020-04-20 09:07:31', '');
INSERT INTO `field_coverimage` (`pages_id`, `data`, `sort`, `description`, `modified`, `created`, `filedata`) VALUES('1001', 'img_0278.jpeg', '0', '[\"\"]', '2020-04-20 10:01:00', '2020-04-20 10:01:00', '');

DROP TABLE IF EXISTS `field_email`;
CREATE TABLE `field_email` (
  `pages_id` int(10) unsigned NOT NULL,
  `data` varchar(250) NOT NULL DEFAULT '',
  PRIMARY KEY (`pages_id`),
  KEY `data_exact` (`data`),
  FULLTEXT KEY `data` (`data`)
) ENGINE=MyISAM DEFAULT CHARSET=utf8mb4;

INSERT INTO `field_email` (`pages_id`, `data`) VALUES('41', 'barkow86@gmail.com');

DROP TABLE IF EXISTS `field_fieldset_teaser`;
CREATE TABLE `field_fieldset_teaser` (
  `pages_id` int(10) unsigned NOT NULL,
  `data` int(11) NOT NULL,
  PRIMARY KEY (`pages_id`),
  KEY `data` (`data`)
) ENGINE=MyISAM DEFAULT CHARSET=utf8mb4;


DROP TABLE IF EXISTS `field_fieldset_teaser_end`;
CREATE TABLE `field_fieldset_teaser_end` (
  `pages_id` int(10) unsigned NOT NULL,
  `data` int(11) NOT NULL,
  PRIMARY KEY (`pages_id`),
  KEY `data` (`data`)
) ENGINE=MyISAM DEFAULT CHARSET=utf8mb4;


DROP TABLE IF EXISTS `field_fieldset_why`;
CREATE TABLE `field_fieldset_why` (
  `pages_id` int(10) unsigned NOT NULL,
  `data` int(11) NOT NULL,
  PRIMARY KEY (`pages_id`),
  KEY `data` (`data`)
) ENGINE=MyISAM DEFAULT CHARSET=utf8mb4;


DROP TABLE IF EXISTS `field_fieldset_why_end`;
CREATE TABLE `field_fieldset_why_end` (
  `pages_id` int(10) unsigned NOT NULL,
  `data` int(11) NOT NULL,
  PRIMARY KEY (`pages_id`),
  KEY `data` (`data`)
) ENGINE=MyISAM DEFAULT CHARSET=utf8mb4;


DROP TABLE IF EXISTS `field_headline`;
CREATE TABLE `field_headline` (
  `pages_id` int(10) unsigned NOT NULL,
  `data` text NOT NULL,
  `data1012` text DEFAULT NULL,
  `data1013` text DEFAULT NULL,
  PRIMARY KEY (`pages_id`),
  KEY `data_exact` (`data`(250)),
  KEY `data_exact1012` (`data1012`(250)),
  KEY `data_exact1013` (`data1013`(250)),
  FULLTEXT KEY `data` (`data`),
  FULLTEXT KEY `data1012` (`data1012`),
  FULLTEXT KEY `data1013` (`data1013`)
) ENGINE=MyISAM DEFAULT CHARSET=utf8mb4;

INSERT INTO `field_headline` (`pages_id`, `data`, `data1012`, `data1013`) VALUES('1', 'THIS IS JUST THE BEGINNING OF YOUR JOURNEY', 'Kleine Demo-Webseite', 'Vähäinen Sivusto Esimerkiksi');
INSERT INTO `field_headline` (`pages_id`, `data`, `data1012`, `data1013`) VALUES('1030', '', '', '');
INSERT INTO `field_headline` (`pages_id`, `data`, `data1012`, `data1013`) VALUES('1035', 'Responsive Layout', '', '');
INSERT INTO `field_headline` (`pages_id`, `data`, `data1012`, `data1013`) VALUES('1036', 'Zweiter', '', '');
INSERT INTO `field_headline` (`pages_id`, `data`, `data1012`, `data1013`) VALUES('1037', '3', '', '');
INSERT INTO `field_headline` (`pages_id`, `data`, `data1012`, `data1013`) VALUES('1038', '', '', '');
INSERT INTO `field_headline` (`pages_id`, `data`, `data1012`, `data1013`) VALUES('1039', 'Unique Lab', '', '');
INSERT INTO `field_headline` (`pages_id`, `data`, `data1012`, `data1013`) VALUES('1040', '2', '', '');
INSERT INTO `field_headline` (`pages_id`, `data`, `data1012`, `data1013`) VALUES('1041', '3', '', '');
INSERT INTO `field_headline` (`pages_id`, `data`, `data1012`, `data1013`) VALUES('1042', '4', '', '');
INSERT INTO `field_headline` (`pages_id`, `data`, `data1012`, `data1013`) VALUES('1045', 'Manufactur', '', '');
INSERT INTO `field_headline` (`pages_id`, `data`, `data1012`, `data1013`) VALUES('1046', 'Team', '', '');
INSERT INTO `field_headline` (`pages_id`, `data`, `data1012`, `data1013`) VALUES('1047', '', '', '');

DROP TABLE IF EXISTS `field_image`;
CREATE TABLE `field_image` (
  `pages_id` int(10) unsigned NOT NULL,
  `data` varchar(250) NOT NULL,
  `sort` int(10) unsigned NOT NULL,
  `description` text NOT NULL,
  `modified` datetime DEFAULT NULL,
  `created` datetime DEFAULT NULL,
  `filedata` mediumtext DEFAULT NULL,
  PRIMARY KEY (`pages_id`,`sort`),
  KEY `data` (`data`),
  KEY `modified` (`modified`),
  KEY `created` (`created`),
  FULLTEXT KEY `description` (`description`),
  FULLTEXT KEY `filedata` (`filedata`)
) ENGINE=MyISAM DEFAULT CHARSET=utf8mb4;

INSERT INTO `field_image` (`pages_id`, `data`, `sort`, `description`, `modified`, `created`, `filedata`) VALUES('1045', 'img_8948.jpg', '0', '[\"\"]', '2020-04-20 10:04:24', '2020-04-20 10:04:24', '');
INSERT INTO `field_image` (`pages_id`, `data`, `sort`, `description`, `modified`, `created`, `filedata`) VALUES('1046', 'img_8947_2.jpg', '0', '[\"\"]', '2020-04-20 10:13:30', '2020-04-20 10:13:30', '');

DROP TABLE IF EXISTS `field_image_alignment`;
CREATE TABLE `field_image_alignment` (
  `pages_id` int(10) unsigned NOT NULL,
  `data` tinyint(4) NOT NULL,
  PRIMARY KEY (`pages_id`),
  KEY `data` (`data`)
) ENGINE=MyISAM DEFAULT CHARSET=utf8mb4;


DROP TABLE IF EXISTS `field_image_why`;
CREATE TABLE `field_image_why` (
  `pages_id` int(10) unsigned NOT NULL,
  `data` varchar(250) NOT NULL,
  `sort` int(10) unsigned NOT NULL,
  `description` text NOT NULL,
  `modified` datetime DEFAULT NULL,
  `created` datetime DEFAULT NULL,
  `filedata` mediumtext DEFAULT NULL,
  PRIMARY KEY (`pages_id`,`sort`),
  KEY `data` (`data`),
  KEY `modified` (`modified`),
  KEY `created` (`created`),
  FULLTEXT KEY `description` (`description`),
  FULLTEXT KEY `filedata` (`filedata`)
) ENGINE=MyISAM DEFAULT CHARSET=utf8mb4;

INSERT INTO `field_image_why` (`pages_id`, `data`, `sort`, `description`, `modified`, `created`, `filedata`) VALUES('1', 'img_8947_2.jpg', '0', '[\"\"]', '2020-04-20 09:09:30', '2020-04-20 09:09:30', '');

DROP TABLE IF EXISTS `field_images`;
CREATE TABLE `field_images` (
  `pages_id` int(10) unsigned NOT NULL,
  `data` varchar(250) NOT NULL,
  `sort` int(10) unsigned NOT NULL,
  `description` text NOT NULL,
  `modified` datetime DEFAULT NULL,
  `created` datetime DEFAULT NULL,
  `filedata` mediumtext DEFAULT NULL,
  PRIMARY KEY (`pages_id`,`sort`),
  KEY `data` (`data`),
  KEY `modified` (`modified`),
  KEY `created` (`created`),
  FULLTEXT KEY `description` (`description`),
  FULLTEXT KEY `filedata` (`filedata`)
) ENGINE=MyISAM DEFAULT CHARSET=utf8mb4;


DROP TABLE IF EXISTS `field_language`;
CREATE TABLE `field_language` (
  `pages_id` int(10) unsigned NOT NULL,
  `data` int(11) NOT NULL,
  `sort` int(10) unsigned NOT NULL,
  PRIMARY KEY (`pages_id`,`sort`),
  KEY `data` (`data`,`pages_id`,`sort`)
) ENGINE=MyISAM DEFAULT CHARSET=utf8mb4;

INSERT INTO `field_language` (`pages_id`, `data`, `sort`) VALUES('40', '1010', '0');
INSERT INTO `field_language` (`pages_id`, `data`, `sort`) VALUES('41', '1010', '0');

DROP TABLE IF EXISTS `field_language_files`;
CREATE TABLE `field_language_files` (
  `pages_id` int(10) unsigned NOT NULL,
  `data` varchar(250) NOT NULL,
  `sort` int(10) unsigned NOT NULL,
  `description` text NOT NULL,
  `modified` datetime DEFAULT NULL,
  `created` datetime DEFAULT NULL,
  PRIMARY KEY (`pages_id`,`sort`),
  KEY `data` (`data`),
  KEY `modified` (`modified`),
  KEY `created` (`created`),
  FULLTEXT KEY `description` (`description`)
) ENGINE=MyISAM DEFAULT CHARSET=utf8mb4;

INSERT INTO `field_language_files` (`pages_id`, `data`, `sort`, `description`, `modified`, `created`) VALUES('1012', 'wire--templates-admin--debug-inc.json', '117', '[\"\"]', '2020-02-05 09:51:13', '2020-02-05 09:51:13');
INSERT INTO `field_language_files` (`pages_id`, `data`, `sort`, `description`, `modified`, `created`) VALUES('1012', 'wire--modules--textformatter--textformatterentities-module.json', '116', '[\"\"]', '2020-02-05 09:51:13', '2020-02-05 09:51:13');
INSERT INTO `field_language_files` (`pages_id`, `data`, `sort`, `description`, `modified`, `created`) VALUES('1012', 'wire--modules--system--systemupdater--systemupdater-module.json', '115', '[\"\"]', '2020-02-05 09:51:13', '2020-02-05 09:51:13');
INSERT INTO `field_language_files` (`pages_id`, `data`, `sort`, `description`, `modified`, `created`) VALUES('1012', 'wire--modules--session--sessionloginthrottle--sessionloginthrottle-module.json', '114', '[\"\"]', '2020-02-05 09:51:13', '2020-02-05 09:51:13');
INSERT INTO `field_language_files` (`pages_id`, `data`, `sort`, `description`, `modified`, `created`) VALUES('1012', 'wire--modules--session--sessionhandlerdb--sessionhandlerdb-module.json', '113', '[\"\"]', '2020-02-05 09:51:13', '2020-02-05 09:51:13');
INSERT INTO `field_language_files` (`pages_id`, `data`, `sort`, `description`, `modified`, `created`) VALUES('1012', 'wire--modules--session--sessionhandlerdb--processsessiondb-module.json', '112', '[\"\"]', '2020-02-05 09:51:13', '2020-02-05 09:51:13');
INSERT INTO `field_language_files` (`pages_id`, `data`, `sort`, `description`, `modified`, `created`) VALUES('1012', 'wire--modules--process--processuser--processuser-module.json', '111', '[\"\"]', '2020-02-05 09:51:13', '2020-02-05 09:51:13');
INSERT INTO `field_language_files` (`pages_id`, `data`, `sort`, `description`, `modified`, `created`) VALUES('1012', 'wire--modules--process--processtemplate--processtemplateexportimport-php.json', '110', '[\"\"]', '2020-02-05 09:51:13', '2020-02-05 09:51:13');
INSERT INTO `field_language_files` (`pages_id`, `data`, `sort`, `description`, `modified`, `created`) VALUES('1012', 'wire--modules--process--processtemplate--processtemplate-module.json', '109', '[\"\"]', '2020-02-05 09:51:13', '2020-02-05 09:51:13');
INSERT INTO `field_language_files` (`pages_id`, `data`, `sort`, `description`, `modified`, `created`) VALUES('1012', 'wire--modules--process--processprofile--processprofile-module.json', '107', '[\"\"]', '2020-02-05 09:51:13', '2020-02-05 09:51:13');
INSERT INTO `field_language_files` (`pages_id`, `data`, `sort`, `description`, `modified`, `created`) VALUES('1012', 'wire--modules--process--processrole--processrole-module.json', '108', '[\"\"]', '2020-02-05 09:51:13', '2020-02-05 09:51:13');
INSERT INTO `field_language_files` (`pages_id`, `data`, `sort`, `description`, `modified`, `created`) VALUES('1012', 'wire--modules--process--processpermission--processpermission-module.json', '106', '[\"\"]', '2020-02-05 09:51:13', '2020-02-05 09:51:13');
INSERT INTO `field_language_files` (`pages_id`, `data`, `sort`, `description`, `modified`, `created`) VALUES('1012', 'wire--modules--process--processpageview-module.json', '105', '[\"\"]', '2020-02-05 09:51:13', '2020-02-05 09:51:13');
INSERT INTO `field_language_files` (`pages_id`, `data`, `sort`, `description`, `modified`, `created`) VALUES('1012', 'wire--modules--process--processpagetype--processpagetype-module.json', '104', '[\"\"]', '2020-02-05 09:51:13', '2020-02-05 09:51:13');
INSERT INTO `field_language_files` (`pages_id`, `data`, `sort`, `description`, `modified`, `created`) VALUES('1012', 'wire--modules--process--processpagetrash-module.json', '103', '[\"\"]', '2020-02-05 09:51:13', '2020-02-05 09:51:13');
INSERT INTO `field_language_files` (`pages_id`, `data`, `sort`, `description`, `modified`, `created`) VALUES('1012', 'wire--modules--process--processpagesort-module.json', '102', '[\"\"]', '2020-02-05 09:51:13', '2020-02-05 09:51:13');
INSERT INTO `field_language_files` (`pages_id`, `data`, `sort`, `description`, `modified`, `created`) VALUES('1012', 'wire--modules--process--processpagesearch--processpagesearch-module.json', '101', '[\"\"]', '2020-02-05 09:51:13', '2020-02-05 09:51:13');
INSERT INTO `field_language_files` (`pages_id`, `data`, `sort`, `description`, `modified`, `created`) VALUES('1012', 'wire--modules--process--processpagelister--processpagelister-module.json', '100', '[\"\"]', '2020-02-05 09:51:13', '2020-02-05 09:51:13');
INSERT INTO `field_language_files` (`pages_id`, `data`, `sort`, `description`, `modified`, `created`) VALUES('1012', 'wire--modules--process--processpagelist--processpagelist-module.json', '99', '[\"\"]', '2020-02-05 09:51:13', '2020-02-05 09:51:13');
INSERT INTO `field_language_files` (`pages_id`, `data`, `sort`, `description`, `modified`, `created`) VALUES('1012', 'wire--modules--process--processpageedit--processpageedit-module.json', '96', '[\"\"]', '2020-02-05 09:51:13', '2020-02-05 09:51:13');
INSERT INTO `field_language_files` (`pages_id`, `data`, `sort`, `description`, `modified`, `created`) VALUES('1012', 'wire--modules--process--processpageeditlink--processpageeditlink-module.json', '98', '[\"\"]', '2020-02-05 09:51:13', '2020-02-05 09:51:13');
INSERT INTO `field_language_files` (`pages_id`, `data`, `sort`, `description`, `modified`, `created`) VALUES('1012', 'wire--modules--process--processpageeditimageselect--processpageeditimageselect-module.json', '97', '[\"\"]', '2020-02-05 09:51:13', '2020-02-05 09:51:13');
INSERT INTO `field_language_files` (`pages_id`, `data`, `sort`, `description`, `modified`, `created`) VALUES('1012', 'wire--modules--process--processpageclone-module.json', '95', '[\"\"]', '2020-02-05 09:51:13', '2020-02-05 09:51:13');
INSERT INTO `field_language_files` (`pages_id`, `data`, `sort`, `description`, `modified`, `created`) VALUES('1012', 'wire--modules--process--processpageadd--processpageadd-module.json', '94', '[\"\"]', '2020-02-05 09:51:13', '2020-02-05 09:51:13');
INSERT INTO `field_language_files` (`pages_id`, `data`, `sort`, `description`, `modified`, `created`) VALUES('1012', 'wire--modules--process--processmodule--processmoduleinstall-php.json', '93', '[\"\"]', '2020-02-05 09:51:13', '2020-02-05 09:51:13');
INSERT INTO `field_language_files` (`pages_id`, `data`, `sort`, `description`, `modified`, `created`) VALUES('1012', 'wire--modules--process--processlogin--processlogin-module.json', '91', '[\"\"]', '2020-02-05 09:51:13', '2020-02-05 09:51:13');
INSERT INTO `field_language_files` (`pages_id`, `data`, `sort`, `description`, `modified`, `created`) VALUES('1012', 'wire--modules--process--processmodule--processmodule-module.json', '92', '[\"\"]', '2020-02-05 09:51:13', '2020-02-05 09:51:13');
INSERT INTO `field_language_files` (`pages_id`, `data`, `sort`, `description`, `modified`, `created`) VALUES('1012', 'wire--modules--process--processlist-module.json', '90', '[\"\"]', '2020-02-05 09:51:13', '2020-02-05 09:51:13');
INSERT INTO `field_language_files` (`pages_id`, `data`, `sort`, `description`, `modified`, `created`) VALUES('1012', 'wire--modules--process--processhome-module.json', '89', '[\"\"]', '2020-02-05 09:51:13', '2020-02-05 09:51:13');
INSERT INTO `field_language_files` (`pages_id`, `data`, `sort`, `description`, `modified`, `created`) VALUES('1012', 'wire--modules--process--processforgotpassword-module.json', '88', '[\"\"]', '2020-02-05 09:51:13', '2020-02-05 09:51:13');
INSERT INTO `field_language_files` (`pages_id`, `data`, `sort`, `description`, `modified`, `created`) VALUES('1012', 'wire--modules--process--processfield--processfield-module.json', '86', '[\"\"]', '2020-02-05 09:51:13', '2020-02-05 09:51:13');
INSERT INTO `field_language_files` (`pages_id`, `data`, `sort`, `description`, `modified`, `created`) VALUES('1012', 'wire--modules--process--processfield--processfieldexportimport-php.json', '87', '[\"\"]', '2020-02-05 09:51:13', '2020-02-05 09:51:13');
INSERT INTO `field_language_files` (`pages_id`, `data`, `sort`, `description`, `modified`, `created`) VALUES('1012', 'wire--modules--pagerender-module.json', '85', '[\"\"]', '2020-02-05 09:51:13', '2020-02-05 09:51:13');
INSERT INTO `field_language_files` (`pages_id`, `data`, `sort`, `description`, `modified`, `created`) VALUES('1012', 'wire--modules--pagepaths-module.json', '84', '[\"\"]', '2020-02-05 09:51:13', '2020-02-05 09:51:13');
INSERT INTO `field_language_files` (`pages_id`, `data`, `sort`, `description`, `modified`, `created`) VALUES('1012', 'wire--modules--languagesupport--languagetabs-module.json', '80', '[\"\"]', '2020-02-05 09:51:13', '2020-02-05 09:51:13');
INSERT INTO `field_language_files` (`pages_id`, `data`, `sort`, `description`, `modified`, `created`) VALUES('1012', 'wire--modules--languagesupport--processlanguage-module.json', '81', '[\"\"]', '2020-02-05 09:51:13', '2020-02-05 09:51:13');
INSERT INTO `field_language_files` (`pages_id`, `data`, `sort`, `description`, `modified`, `created`) VALUES('1012', 'wire--modules--markup--markuppagefields-module.json', '82', '[\"\"]', '2020-02-05 09:51:13', '2020-02-05 09:51:13');
INSERT INTO `field_language_files` (`pages_id`, `data`, `sort`, `description`, `modified`, `created`) VALUES('1012', 'wire--modules--markup--markuppagernav--markuppagernav-module.json', '83', '[\"\"]', '2020-02-05 09:51:13', '2020-02-05 09:51:13');
INSERT INTO `field_language_files` (`pages_id`, `data`, `sort`, `description`, `modified`, `created`) VALUES('1012', 'wire--modules--languagesupport--languagesupportpagenames-module.json', '79', '[\"\"]', '2020-02-05 09:51:13', '2020-02-05 09:51:13');
INSERT INTO `field_language_files` (`pages_id`, `data`, `sort`, `description`, `modified`, `created`) VALUES('1012', 'wire--modules--languagesupport--languageparser-php.json', '76', '[\"\"]', '2020-02-05 09:51:13', '2020-02-05 09:51:13');
INSERT INTO `field_language_files` (`pages_id`, `data`, `sort`, `description`, `modified`, `created`) VALUES('1012', 'wire--modules--languagesupport--languagesupport-module.json', '77', '[\"\"]', '2020-02-05 09:51:13', '2020-02-05 09:51:13');
INSERT INTO `field_language_files` (`pages_id`, `data`, `sort`, `description`, `modified`, `created`) VALUES('1012', 'wire--modules--languagesupport--languagesupportfields-module.json', '78', '[\"\"]', '2020-02-05 09:51:13', '2020-02-05 09:51:13');
INSERT INTO `field_language_files` (`pages_id`, `data`, `sort`, `description`, `modified`, `created`) VALUES('1012', 'wire--modules--inputfield--inputfieldurl-module.json', '74', '[\"\"]', '2020-02-05 09:51:13', '2020-02-05 09:51:13');
INSERT INTO `field_language_files` (`pages_id`, `data`, `sort`, `description`, `modified`, `created`) VALUES('1012', 'wire--modules--jquery--jquerywiretabs--jquerywiretabs-module.json', '75', '[\"\"]', '2020-02-05 09:51:13', '2020-02-05 09:51:13');
INSERT INTO `field_language_files` (`pages_id`, `data`, `sort`, `description`, `modified`, `created`) VALUES('1012', 'wire--modules--inputfield--inputfieldtinymce--inputfieldtinymce-module.json', '73', '[\"\"]', '2020-02-05 09:51:13', '2020-02-05 09:51:13');
INSERT INTO `field_language_files` (`pages_id`, `data`, `sort`, `description`, `modified`, `created`) VALUES('1012', 'wire--modules--inputfield--inputfieldtextarea-module.json', '72', '[\"\"]', '2020-02-05 09:51:13', '2020-02-05 09:51:13');
INSERT INTO `field_language_files` (`pages_id`, `data`, `sort`, `description`, `modified`, `created`) VALUES('1012', 'wire--modules--inputfield--inputfieldselectmultiple-module.json', '68', '[\"\"]', '2020-02-05 09:51:13', '2020-02-05 09:51:13');
INSERT INTO `field_language_files` (`pages_id`, `data`, `sort`, `description`, `modified`, `created`) VALUES('1012', 'wire--modules--inputfield--inputfieldselector--inputfieldselector-module.json', '69', '[\"\"]', '2020-02-05 09:51:13', '2020-02-05 09:51:13');
INSERT INTO `field_language_files` (`pages_id`, `data`, `sort`, `description`, `modified`, `created`) VALUES('1012', 'wire--modules--inputfield--inputfieldtext-module.json', '71', '[\"\"]', '2020-02-05 09:51:13', '2020-02-05 09:51:13');
INSERT INTO `field_language_files` (`pages_id`, `data`, `sort`, `description`, `modified`, `created`) VALUES('1012', 'wire--modules--inputfield--inputfieldsubmit--inputfieldsubmit-module.json', '70', '[\"\"]', '2020-02-05 09:51:13', '2020-02-05 09:51:13');
INSERT INTO `field_language_files` (`pages_id`, `data`, `sort`, `description`, `modified`, `created`) VALUES('1012', 'wire--modules--inputfield--inputfieldselect-module.json', '67', '[\"\"]', '2020-02-05 09:51:13', '2020-02-05 09:51:13');
INSERT INTO `field_language_files` (`pages_id`, `data`, `sort`, `description`, `modified`, `created`) VALUES('1012', 'wire--modules--inputfield--inputfieldradios--inputfieldradios-module.json', '66', '[\"\"]', '2020-02-05 09:51:13', '2020-02-05 09:51:13');
INSERT INTO `field_language_files` (`pages_id`, `data`, `sort`, `description`, `modified`, `created`) VALUES('1012', 'wire--modules--inputfield--inputfieldpassword-module.json', '65', '[\"\"]', '2020-02-05 09:51:13', '2020-02-05 09:51:13');
INSERT INTO `field_language_files` (`pages_id`, `data`, `sort`, `description`, `modified`, `created`) VALUES('1012', 'wire--modules--inputfield--inputfieldpagename--inputfieldpagename-module.json', '61', '[\"\"]', '2020-02-05 09:51:13', '2020-02-05 09:51:13');
INSERT INTO `field_language_files` (`pages_id`, `data`, `sort`, `description`, `modified`, `created`) VALUES('1012', 'wire--modules--inputfield--inputfieldpagetable--inputfieldpagetable-module.json', '62', '[\"\"]', '2020-02-05 09:51:13', '2020-02-05 09:51:13');
INSERT INTO `field_language_files` (`pages_id`, `data`, `sort`, `description`, `modified`, `created`) VALUES('1012', 'wire--modules--inputfield--inputfieldpagetable--inputfieldpagetableajax-php.json', '63', '[\"\"]', '2020-02-05 09:51:13', '2020-02-05 09:51:13');
INSERT INTO `field_language_files` (`pages_id`, `data`, `sort`, `description`, `modified`, `created`) VALUES('1012', 'wire--modules--inputfield--inputfieldpagetitle--inputfieldpagetitle-module.json', '64', '[\"\"]', '2020-02-05 09:51:13', '2020-02-05 09:51:13');
INSERT INTO `field_language_files` (`pages_id`, `data`, `sort`, `description`, `modified`, `created`) VALUES('1012', 'wire--modules--inputfield--inputfieldpagelistselect--inputfieldpagelistselectmultiple-module.json', '60', '[\"\"]', '2020-02-05 09:51:13', '2020-02-05 09:51:13');
INSERT INTO `field_language_files` (`pages_id`, `data`, `sort`, `description`, `modified`, `created`) VALUES('1012', 'wire--modules--inputfield--inputfieldpagelistselect--inputfieldpagelistselect-module.json', '59', '[\"\"]', '2020-02-05 09:51:13', '2020-02-05 09:51:13');
INSERT INTO `field_language_files` (`pages_id`, `data`, `sort`, `description`, `modified`, `created`) VALUES('1012', 'wire--modules--inputfield--inputfieldpageautocomplete--inputfieldpageautocomplete-module.json', '58', '[\"\"]', '2020-02-05 09:51:13', '2020-02-05 09:51:13');
INSERT INTO `field_language_files` (`pages_id`, `data`, `sort`, `description`, `modified`, `created`) VALUES('1012', 'wire--modules--inputfield--inputfieldpage--inputfieldpage-module.json', '57', '[\"\"]', '2020-02-05 09:51:13', '2020-02-05 09:51:13');
INSERT INTO `field_language_files` (`pages_id`, `data`, `sort`, `description`, `modified`, `created`) VALUES('1012', 'wire--modules--inputfield--inputfieldname-module.json', '56', '[\"\"]', '2020-02-05 09:51:13', '2020-02-05 09:51:13');
INSERT INTO `field_language_files` (`pages_id`, `data`, `sort`, `description`, `modified`, `created`) VALUES('1012', 'wire--modules--inputfield--inputfieldmarkup-module.json', '55', '[\"\"]', '2020-02-05 09:51:13', '2020-02-05 09:51:13');
INSERT INTO `field_language_files` (`pages_id`, `data`, `sort`, `description`, `modified`, `created`) VALUES('1012', 'wire--modules--inputfield--inputfieldinteger-module.json', '54', '[\"\"]', '2020-02-05 09:51:13', '2020-02-05 09:51:13');
INSERT INTO `field_language_files` (`pages_id`, `data`, `sort`, `description`, `modified`, `created`) VALUES('1012', 'wire--modules--inputfield--inputfieldfile--inputfieldfile-module.json', '49', '[\"\"]', '2020-02-05 09:51:13', '2020-02-05 09:51:13');
INSERT INTO `field_language_files` (`pages_id`, `data`, `sort`, `description`, `modified`, `created`) VALUES('1012', 'wire--modules--inputfield--inputfieldfloat-module.json', '50', '[\"\"]', '2020-02-05 09:51:13', '2020-02-05 09:51:13');
INSERT INTO `field_language_files` (`pages_id`, `data`, `sort`, `description`, `modified`, `created`) VALUES('1012', 'wire--modules--inputfield--inputfieldform-module.json', '51', '[\"\"]', '2020-02-05 09:51:13', '2020-02-05 09:51:13');
INSERT INTO `field_language_files` (`pages_id`, `data`, `sort`, `description`, `modified`, `created`) VALUES('1012', 'wire--modules--inputfield--inputfieldhidden-module.json', '52', '[\"\"]', '2020-02-05 09:51:13', '2020-02-05 09:51:13');
INSERT INTO `field_language_files` (`pages_id`, `data`, `sort`, `description`, `modified`, `created`) VALUES('1012', 'wire--modules--inputfield--inputfieldimage--inputfieldimage-module.json', '53', '[\"\"]', '2020-02-05 09:51:13', '2020-02-05 09:51:13');
INSERT INTO `field_language_files` (`pages_id`, `data`, `sort`, `description`, `modified`, `created`) VALUES('1012', 'wire--modules--inputfield--inputfieldfieldset-module.json', '48', '[\"\"]', '2020-02-05 09:51:13', '2020-02-05 09:51:13');
INSERT INTO `field_language_files` (`pages_id`, `data`, `sort`, `description`, `modified`, `created`) VALUES('1012', 'wire--modules--inputfield--inputfieldemail-module.json', '47', '[\"\"]', '2020-02-05 09:51:13', '2020-02-05 09:51:13');
INSERT INTO `field_language_files` (`pages_id`, `data`, `sort`, `description`, `modified`, `created`) VALUES('1012', 'wire--modules--inputfield--inputfielddatetime--inputfielddatetime-module.json', '46', '[\"\"]', '2020-02-05 09:51:13', '2020-02-05 09:51:13');
INSERT INTO `field_language_files` (`pages_id`, `data`, `sort`, `description`, `modified`, `created`) VALUES('1012', 'wire--modules--inputfield--inputfieldckeditor--inputfieldckeditor-module.json', '45', '[\"\"]', '2020-02-05 09:51:13', '2020-02-05 09:51:13');
INSERT INTO `field_language_files` (`pages_id`, `data`, `sort`, `description`, `modified`, `created`) VALUES('1012', 'wire--modules--inputfield--inputfieldcheckboxes--inputfieldcheckboxes-module.json', '44', '[\"\"]', '2020-02-05 09:51:13', '2020-02-05 09:51:13');
INSERT INTO `field_language_files` (`pages_id`, `data`, `sort`, `description`, `modified`, `created`) VALUES('1012', 'wire--modules--inputfield--inputfieldbutton-module.json', '42', '[\"\"]', '2020-02-05 09:51:13', '2020-02-05 09:51:13');
INSERT INTO `field_language_files` (`pages_id`, `data`, `sort`, `description`, `modified`, `created`) VALUES('1012', 'wire--modules--inputfield--inputfieldcheckbox-module.json', '43', '[\"\"]', '2020-02-05 09:51:13', '2020-02-05 09:51:13');
INSERT INTO `field_language_files` (`pages_id`, `data`, `sort`, `description`, `modified`, `created`) VALUES('1012', 'wire--modules--fieldtype--fieldtypetextarea-module.json', '39', '[\"\"]', '2020-02-05 09:51:13', '2020-02-05 09:51:13');
INSERT INTO `field_language_files` (`pages_id`, `data`, `sort`, `description`, `modified`, `created`) VALUES('1012', 'wire--modules--fieldtype--fieldtypeurl-module.json', '40', '[\"\"]', '2020-02-05 09:51:13', '2020-02-05 09:51:13');
INSERT INTO `field_language_files` (`pages_id`, `data`, `sort`, `description`, `modified`, `created`) VALUES('1012', 'wire--modules--inputfield--inputfieldasmselect--inputfieldasmselect-module.json', '41', '[\"\"]', '2020-02-05 09:51:13', '2020-02-05 09:51:13');
INSERT INTO `field_language_files` (`pages_id`, `data`, `sort`, `description`, `modified`, `created`) VALUES('1012', 'wire--modules--fieldtype--fieldtypetext-module.json', '38', '[\"\"]', '2020-02-05 09:51:13', '2020-02-05 09:51:13');
INSERT INTO `field_language_files` (`pages_id`, `data`, `sort`, `description`, `modified`, `created`) VALUES('1012', 'wire--modules--fieldtype--fieldtypeselector-module.json', '37', '[\"\"]', '2020-02-05 09:51:13', '2020-02-05 09:51:13');
INSERT INTO `field_language_files` (`pages_id`, `data`, `sort`, `description`, `modified`, `created`) VALUES('1012', 'wire--modules--fieldtype--fieldtyperepeater--inputfieldrepeater-module.json', '36', '[\"\"]', '2020-02-05 09:51:13', '2020-02-05 09:51:13');
INSERT INTO `field_language_files` (`pages_id`, `data`, `sort`, `description`, `modified`, `created`) VALUES('1012', 'wire--modules--fieldtype--fieldtyperepeater--fieldtyperepeater-module.json', '35', '[\"\"]', '2020-02-05 09:51:13', '2020-02-05 09:51:13');
INSERT INTO `field_language_files` (`pages_id`, `data`, `sort`, `description`, `modified`, `created`) VALUES('1012', 'wire--modules--fieldtype--fieldtypepagetable-module.json', '34', '[\"\"]', '2020-02-05 09:51:13', '2020-02-05 09:51:13');
INSERT INTO `field_language_files` (`pages_id`, `data`, `sort`, `description`, `modified`, `created`) VALUES('1012', 'wire--modules--fieldtype--fieldtypepage-module.json', '33', '[\"\"]', '2020-02-05 09:51:13', '2020-02-05 09:51:13');
INSERT INTO `field_language_files` (`pages_id`, `data`, `sort`, `description`, `modified`, `created`) VALUES('1012', 'wire--modules--fieldtype--fieldtypemodule-module.json', '32', '[\"\"]', '2020-02-05 09:51:13', '2020-02-05 09:51:13');
INSERT INTO `field_language_files` (`pages_id`, `data`, `sort`, `description`, `modified`, `created`) VALUES('1012', 'wire--modules--fieldtype--fieldtypefloat-module.json', '31', '[\"\"]', '2020-02-05 09:51:13', '2020-02-05 09:51:13');
INSERT INTO `field_language_files` (`pages_id`, `data`, `sort`, `description`, `modified`, `created`) VALUES('1012', 'wire--modules--fieldtype--fieldtypefile-module.json', '30', '[\"\"]', '2020-02-05 09:51:13', '2020-02-05 09:51:13');
INSERT INTO `field_language_files` (`pages_id`, `data`, `sort`, `description`, `modified`, `created`) VALUES('1012', 'wire--modules--fieldtype--fieldtypedatetime-module.json', '29', '[\"\"]', '2020-02-05 09:51:13', '2020-02-05 09:51:13');
INSERT INTO `field_language_files` (`pages_id`, `data`, `sort`, `description`, `modified`, `created`) VALUES('1012', 'wire--modules--fieldtype--fieldtypecomments--inputfieldcommentsadmin-module.json', '28', '[\"\"]', '2020-02-05 09:51:13', '2020-02-05 09:51:13');
INSERT INTO `field_language_files` (`pages_id`, `data`, `sort`, `description`, `modified`, `created`) VALUES('1012', 'wire--modules--fieldtype--fieldtypecomments--fieldtypecomments-module.json', '27', '[\"\"]', '2020-02-05 09:51:13', '2020-02-05 09:51:13');
INSERT INTO `field_language_files` (`pages_id`, `data`, `sort`, `description`, `modified`, `created`) VALUES('1012', 'wire--modules--fieldtype--fieldtypecomments--commentfilterakismet-module.json', '24', '[\"\"]', '2020-02-05 09:51:13', '2020-02-05 09:51:13');
INSERT INTO `field_language_files` (`pages_id`, `data`, `sort`, `description`, `modified`, `created`) VALUES('1012', 'wire--modules--fieldtype--fieldtypecomments--commentform-php.json', '25', '[\"\"]', '2020-02-05 09:51:13', '2020-02-05 09:51:13');
INSERT INTO `field_language_files` (`pages_id`, `data`, `sort`, `description`, `modified`, `created`) VALUES('1012', 'wire--modules--fieldtype--fieldtypecomments--commentlist-php.json', '26', '[\"\"]', '2020-02-05 09:51:13', '2020-02-05 09:51:13');
INSERT INTO `field_language_files` (`pages_id`, `data`, `sort`, `description`, `modified`, `created`) VALUES('1012', 'wire--modules--admintheme--adminthemedefault--adminthemedefault-module.json', '23', '[\"\"]', '2020-02-05 09:51:13', '2020-02-05 09:51:13');
INSERT INTO `field_language_files` (`pages_id`, `data`, `sort`, `description`, `modified`, `created`) VALUES('1012', 'wire--core--wireupload-php.json', '22', '[\"\"]', '2020-02-05 09:51:13', '2020-02-05 09:51:13');
INSERT INTO `field_language_files` (`pages_id`, `data`, `sort`, `description`, `modified`, `created`) VALUES('1012', 'wire--core--wiretempdir-php.json', '21', '[\"\"]', '2020-02-05 09:51:13', '2020-02-05 09:51:13');
INSERT INTO `field_language_files` (`pages_id`, `data`, `sort`, `description`, `modified`, `created`) VALUES('1012', 'wire--core--sessioncsrf-php.json', '18', '[\"\"]', '2020-02-05 09:51:13', '2020-02-05 09:51:13');
INSERT INTO `field_language_files` (`pages_id`, `data`, `sort`, `description`, `modified`, `created`) VALUES('1012', 'wire--core--wirecache-php.json', '19', '[\"\"]', '2020-02-05 09:51:13', '2020-02-05 09:51:13');
INSERT INTO `field_language_files` (`pages_id`, `data`, `sort`, `description`, `modified`, `created`) VALUES('1012', 'wire--core--wirehttp-php.json', '20', '[\"\"]', '2020-02-05 09:51:13', '2020-02-05 09:51:13');
INSERT INTO `field_language_files` (`pages_id`, `data`, `sort`, `description`, `modified`, `created`) VALUES('1012', 'wire--core--session-php.json', '17', '[\"\"]', '2020-02-05 09:51:13', '2020-02-05 09:51:13');
INSERT INTO `field_language_files` (`pages_id`, `data`, `sort`, `description`, `modified`, `created`) VALUES('1012', 'wire--core--pages-php.json', '13', '[\"\"]', '2020-02-05 09:51:13', '2020-02-05 09:51:13');
INSERT INTO `field_language_files` (`pages_id`, `data`, `sort`, `description`, `modified`, `created`) VALUES('1012', 'wire--core--password-php.json', '14', '[\"\"]', '2020-02-05 09:51:13', '2020-02-05 09:51:13');
INSERT INTO `field_language_files` (`pages_id`, `data`, `sort`, `description`, `modified`, `created`) VALUES('1012', 'wire--core--process-php.json', '15', '[\"\"]', '2020-02-05 09:51:13', '2020-02-05 09:51:13');
INSERT INTO `field_language_files` (`pages_id`, `data`, `sort`, `description`, `modified`, `created`) VALUES('1012', 'wire--core--sanitizer-php.json', '16', '[\"\"]', '2020-02-05 09:51:13', '2020-02-05 09:51:13');
INSERT INTO `field_language_files` (`pages_id`, `data`, `sort`, `description`, `modified`, `created`) VALUES('1012', 'wire--core--pagefile-php.json', '11', '[\"\"]', '2020-02-05 09:51:13', '2020-02-05 09:51:13');
INSERT INTO `field_language_files` (`pages_id`, `data`, `sort`, `description`, `modified`, `created`) VALUES('1012', 'wire--core--pageimage-php.json', '12', '[\"\"]', '2020-02-05 09:51:13', '2020-02-05 09:51:13');
INSERT INTO `field_language_files` (`pages_id`, `data`, `sort`, `description`, `modified`, `created`) VALUES('1012', 'wire--core--modules-php.json', '10', '[\"\"]', '2020-02-05 09:51:13', '2020-02-05 09:51:13');
INSERT INTO `field_language_files` (`pages_id`, `data`, `sort`, `description`, `modified`, `created`) VALUES('1012', 'wire--core--inputfieldwrapper-php.json', '9', '[\"\"]', '2020-02-05 09:51:13', '2020-02-05 09:51:13');
INSERT INTO `field_language_files` (`pages_id`, `data`, `sort`, `description`, `modified`, `created`) VALUES('1012', 'wire--core--inputfield-php.json', '8', '[\"\"]', '2020-02-05 09:51:13', '2020-02-05 09:51:13');
INSERT INTO `field_language_files` (`pages_id`, `data`, `sort`, `description`, `modified`, `created`) VALUES('1012', 'wire--core--functions-php.json', '7', '[\"\"]', '2020-02-05 09:51:13', '2020-02-05 09:51:13');
INSERT INTO `field_language_files` (`pages_id`, `data`, `sort`, `description`, `modified`, `created`) VALUES('1012', 'wire--core--fieldtypemulti-php.json', '6', '[\"\"]', '2020-02-05 09:51:13', '2020-02-05 09:51:13');
INSERT INTO `field_language_files` (`pages_id`, `data`, `sort`, `description`, `modified`, `created`) VALUES('1012', 'wire--core--fieldtype-php.json', '5', '[\"\"]', '2020-02-05 09:51:13', '2020-02-05 09:51:13');
INSERT INTO `field_language_files` (`pages_id`, `data`, `sort`, `description`, `modified`, `created`) VALUES('1012', 'wire--core--fieldselectorinfo-php.json', '4', '[\"\"]', '2020-02-05 09:51:13', '2020-02-05 09:51:13');
INSERT INTO `field_language_files` (`pages_id`, `data`, `sort`, `description`, `modified`, `created`) VALUES('1012', 'wire--core--fields-php.json', '2', '[\"\"]', '2020-02-05 09:51:13', '2020-02-05 09:51:13');
INSERT INTO `field_language_files` (`pages_id`, `data`, `sort`, `description`, `modified`, `created`) VALUES('1012', 'wire--core--admintheme-php.json', '3', '[\"\"]', '2020-02-05 09:51:13', '2020-02-05 09:51:13');
INSERT INTO `field_language_files` (`pages_id`, `data`, `sort`, `description`, `modified`, `created`) VALUES('1012', 'wire--core--fieldgroups-php.json', '1', '[\"\"]', '2020-02-05 09:51:13', '2020-02-05 09:51:13');
INSERT INTO `field_language_files` (`pages_id`, `data`, `sort`, `description`, `modified`, `created`) VALUES('1012', 'wire--core--field-php.json', '0', '[\"\"]', '2020-02-05 09:51:13', '2020-02-05 09:51:13');
INSERT INTO `field_language_files` (`pages_id`, `data`, `sort`, `description`, `modified`, `created`) VALUES('1012', 'wire--templates-admin--default-php.json', '118', '[\"\"]', '2020-02-05 09:51:13', '2020-02-05 09:51:13');

DROP TABLE IF EXISTS `field_language_files_site`;
CREATE TABLE `field_language_files_site` (
  `pages_id` int(10) unsigned NOT NULL,
  `data` varchar(250) NOT NULL,
  `sort` int(10) unsigned NOT NULL,
  `description` text NOT NULL,
  `modified` datetime DEFAULT NULL,
  `created` datetime DEFAULT NULL,
  PRIMARY KEY (`pages_id`,`sort`),
  KEY `data` (`data`),
  KEY `modified` (`modified`),
  KEY `created` (`created`),
  FULLTEXT KEY `description` (`description`)
) ENGINE=MyISAM DEFAULT CHARSET=utf8mb4;

INSERT INTO `field_language_files_site` (`pages_id`, `data`, `sort`, `description`, `modified`, `created`) VALUES('1012', 'site--templates--_main-php.json', '0', '[\"\"]', '2020-02-05 09:51:13', '2020-02-05 09:51:13');
INSERT INTO `field_language_files_site` (`pages_id`, `data`, `sort`, `description`, `modified`, `created`) VALUES('1012', 'site--templates--search-php.json', '1', '[\"\"]', '2020-02-05 09:51:13', '2020-02-05 09:51:13');
INSERT INTO `field_language_files_site` (`pages_id`, `data`, `sort`, `description`, `modified`, `created`) VALUES('1013', 'site--templates--_main-php.json', '0', '[\"\"]', '2020-02-05 09:51:13', '2020-02-05 09:51:13');
INSERT INTO `field_language_files_site` (`pages_id`, `data`, `sort`, `description`, `modified`, `created`) VALUES('1013', 'site--templates--search-php.json', '1', '[\"\"]', '2020-02-05 09:51:13', '2020-02-05 09:51:13');

DROP TABLE IF EXISTS `field_pass`;
CREATE TABLE `field_pass` (
  `pages_id` int(10) unsigned NOT NULL,
  `data` char(40) NOT NULL,
  `salt` char(32) NOT NULL,
  PRIMARY KEY (`pages_id`),
  KEY `data` (`data`)
) ENGINE=MyISAM DEFAULT CHARSET=ascii;

INSERT INTO `field_pass` (`pages_id`, `data`, `salt`) VALUES('41', 'ZgJzxkuuAojqEZIPdf.X9QLCFqm.WIu', '$2y$11$vK8ngaSqtGmb0PMlfIqXbO');
INSERT INTO `field_pass` (`pages_id`, `data`, `salt`) VALUES('40', '', '');

DROP TABLE IF EXISTS `field_permissions`;
CREATE TABLE `field_permissions` (
  `pages_id` int(10) unsigned NOT NULL,
  `data` int(11) NOT NULL,
  `sort` int(10) unsigned NOT NULL,
  PRIMARY KEY (`pages_id`,`sort`),
  KEY `data` (`data`,`pages_id`,`sort`)
) ENGINE=MyISAM DEFAULT CHARSET=utf8mb4;

INSERT INTO `field_permissions` (`pages_id`, `data`, `sort`) VALUES('38', '32', '1');
INSERT INTO `field_permissions` (`pages_id`, `data`, `sort`) VALUES('38', '34', '2');
INSERT INTO `field_permissions` (`pages_id`, `data`, `sort`) VALUES('38', '35', '3');
INSERT INTO `field_permissions` (`pages_id`, `data`, `sort`) VALUES('37', '36', '0');
INSERT INTO `field_permissions` (`pages_id`, `data`, `sort`) VALUES('38', '36', '0');
INSERT INTO `field_permissions` (`pages_id`, `data`, `sort`) VALUES('38', '50', '4');
INSERT INTO `field_permissions` (`pages_id`, `data`, `sort`) VALUES('38', '51', '5');
INSERT INTO `field_permissions` (`pages_id`, `data`, `sort`) VALUES('38', '52', '7');
INSERT INTO `field_permissions` (`pages_id`, `data`, `sort`) VALUES('38', '53', '8');
INSERT INTO `field_permissions` (`pages_id`, `data`, `sort`) VALUES('38', '54', '6');

DROP TABLE IF EXISTS `field_process`;
CREATE TABLE `field_process` (
  `pages_id` int(11) NOT NULL DEFAULT 0,
  `data` int(11) NOT NULL DEFAULT 0,
  PRIMARY KEY (`pages_id`),
  KEY `data` (`data`)
) ENGINE=MyISAM DEFAULT CHARSET=utf8mb4;

INSERT INTO `field_process` (`pages_id`, `data`) VALUES('6', '17');
INSERT INTO `field_process` (`pages_id`, `data`) VALUES('3', '12');
INSERT INTO `field_process` (`pages_id`, `data`) VALUES('8', '12');
INSERT INTO `field_process` (`pages_id`, `data`) VALUES('9', '14');
INSERT INTO `field_process` (`pages_id`, `data`) VALUES('10', '7');
INSERT INTO `field_process` (`pages_id`, `data`) VALUES('11', '47');
INSERT INTO `field_process` (`pages_id`, `data`) VALUES('16', '48');
INSERT INTO `field_process` (`pages_id`, `data`) VALUES('300', '104');
INSERT INTO `field_process` (`pages_id`, `data`) VALUES('21', '50');
INSERT INTO `field_process` (`pages_id`, `data`) VALUES('29', '66');
INSERT INTO `field_process` (`pages_id`, `data`) VALUES('23', '10');
INSERT INTO `field_process` (`pages_id`, `data`) VALUES('304', '138');
INSERT INTO `field_process` (`pages_id`, `data`) VALUES('31', '136');
INSERT INTO `field_process` (`pages_id`, `data`) VALUES('22', '76');
INSERT INTO `field_process` (`pages_id`, `data`) VALUES('30', '68');
INSERT INTO `field_process` (`pages_id`, `data`) VALUES('303', '129');
INSERT INTO `field_process` (`pages_id`, `data`) VALUES('2', '87');
INSERT INTO `field_process` (`pages_id`, `data`) VALUES('302', '121');
INSERT INTO `field_process` (`pages_id`, `data`) VALUES('301', '109');
INSERT INTO `field_process` (`pages_id`, `data`) VALUES('28', '76');
INSERT INTO `field_process` (`pages_id`, `data`) VALUES('1007', '150');
INSERT INTO `field_process` (`pages_id`, `data`) VALUES('1009', '159');
INSERT INTO `field_process` (`pages_id`, `data`) VALUES('1011', '160');
INSERT INTO `field_process` (`pages_id`, `data`) VALUES('1015', '168');
INSERT INTO `field_process` (`pages_id`, `data`) VALUES('1017', '170');
INSERT INTO `field_process` (`pages_id`, `data`) VALUES('1048', '174');

DROP TABLE IF EXISTS `field_repeater_why`;
CREATE TABLE `field_repeater_why` (
  `pages_id` int(10) unsigned NOT NULL,
  `data` text NOT NULL,
  `count` int(11) NOT NULL,
  `parent_id` int(11) NOT NULL,
  PRIMARY KEY (`pages_id`),
  KEY `data_exact` (`data`(1)),
  KEY `count` (`count`,`pages_id`),
  KEY `parent_id` (`parent_id`,`pages_id`),
  FULLTEXT KEY `data` (`data`)
) ENGINE=MyISAM DEFAULT CHARSET=utf8mb4;

INSERT INTO `field_repeater_why` (`pages_id`, `data`, `count`, `parent_id`) VALUES('1', '1039,1040,1041,1042', '4', '1034');

DROP TABLE IF EXISTS `field_roles`;
CREATE TABLE `field_roles` (
  `pages_id` int(10) unsigned NOT NULL,
  `data` int(11) NOT NULL,
  `sort` int(10) unsigned NOT NULL,
  PRIMARY KEY (`pages_id`,`sort`),
  KEY `data` (`data`,`pages_id`,`sort`)
) ENGINE=MyISAM DEFAULT CHARSET=utf8mb4;

INSERT INTO `field_roles` (`pages_id`, `data`, `sort`) VALUES('40', '37', '0');
INSERT INTO `field_roles` (`pages_id`, `data`, `sort`) VALUES('41', '37', '0');
INSERT INTO `field_roles` (`pages_id`, `data`, `sort`) VALUES('41', '38', '2');

DROP TABLE IF EXISTS `field_simple_textblocks`;
CREATE TABLE `field_simple_textblocks` (
  `pages_id` int(10) unsigned NOT NULL,
  `data` text NOT NULL,
  `count` int(11) NOT NULL,
  `parent_id` int(11) NOT NULL,
  PRIMARY KEY (`pages_id`),
  KEY `data_exact` (`data`(1)),
  KEY `count` (`count`,`pages_id`),
  KEY `parent_id` (`parent_id`,`pages_id`),
  FULLTEXT KEY `data` (`data`)
) ENGINE=MyISAM DEFAULT CHARSET=utf8mb4;

INSERT INTO `field_simple_textblocks` (`pages_id`, `data`, `count`, `parent_id`) VALUES('1', '1035,1036,1037,1038', '4', '1032');

DROP TABLE IF EXISTS `field_subheadline`;
CREATE TABLE `field_subheadline` (
  `pages_id` int(10) unsigned NOT NULL,
  `data` text NOT NULL,
  `data1012` text DEFAULT NULL,
  `data1013` text DEFAULT NULL,
  PRIMARY KEY (`pages_id`),
  KEY `data_exact` (`data`(250)),
  KEY `data_exact1012` (`data1012`(250)),
  KEY `data_exact1013` (`data1013`(250)),
  FULLTEXT KEY `data` (`data`),
  FULLTEXT KEY `data1012` (`data1012`),
  FULLTEXT KEY `data1013` (`data1013`)
) ENGINE=MyISAM DEFAULT CHARSET=utf8mb4;


DROP TABLE IF EXISTS `field_summary`;
CREATE TABLE `field_summary` (
  `pages_id` int(10) unsigned NOT NULL,
  `data` mediumtext NOT NULL,
  `data1012` mediumtext DEFAULT NULL,
  `data1013` mediumtext DEFAULT NULL,
  PRIMARY KEY (`pages_id`),
  KEY `data_exact` (`data`(250)),
  FULLTEXT KEY `data` (`data`),
  FULLTEXT KEY `data1012` (`data1012`),
  FULLTEXT KEY `data1013` (`data1013`)
) ENGINE=MyISAM DEFAULT CHARSET=utf8mb4;

INSERT INTO `field_summary` (`pages_id`, `data`, `data1012`, `data1013`) VALUES('1002', 'Dolore ea valde refero feugait utinam luctus. Probo velit commoveo et, delenit praesent, suscipit zelus, hendrerit zelus illum facilisi, regula. ', '', '');
INSERT INTO `field_summary` (`pages_id`, `data`, `data1012`, `data1013`) VALUES('1001', 'This is a placeholder page with two child pages to serve as an example. ', 'Dies ist eine Beispiel-Seite mit zwei Unterseiten.', 'Tämä on paikkamerkki sivulle, jossa on kaksi lasta sivua toimimaan esimerkkinä.');
INSERT INTO `field_summary` (`pages_id`, `data`, `data1012`, `data1013`) VALUES('1005', 'View this template\'s source for a demonstration of how to create a basic site map. ', 'Schauen Sie sich den Quell-Code dieser Musterseite an, um zu sehen, wie man einfache Sitemaps erstellt.', 'Näytä tämä malli n lähde osoitus siitä, miten luoda perus-sivuston kartta.');
INSERT INTO `field_summary` (`pages_id`, `data`, `data1012`, `data1013`) VALUES('1004', 'Mos erat reprobo in praesent, mara premo, obruo iustum pecus velit lobortis te sagaciter populus.', '', '');
INSERT INTO `field_summary` (`pages_id`, `data`, `data1012`, `data1013`) VALUES('1', 'We are a small manufacturer located at the popular kite spot Workum in the Netherlands, who have set ourselves the goal to \"forge\" the ultimate board. Years of honing our craft, combined with a real passion for perfection, ensures every board is made to the highest possible standard.', 'ProcessWire ist ein Open-Source-CMS und Web-Applikations-Framework, das sich ganz den Anforderungen von Designern, Entwicklern und deren Kunden anpaßt.', 'ProcessWire on avoimen lähdekoodin CMS ja web-sovellus kehys, jolla pyritään tarpeisiin suunnittelijat, kehittäjät ja niiden asiakkaille.');
INSERT INTO `field_summary` (`pages_id`, `data`, `data1012`, `data1013`) VALUES('1020', '', '', '');
INSERT INTO `field_summary` (`pages_id`, `data`, `data1012`, `data1013`) VALUES('1021', '', '', '');
INSERT INTO `field_summary` (`pages_id`, `data`, `data1012`, `data1013`) VALUES('1022', '', '', '');
INSERT INTO `field_summary` (`pages_id`, `data`, `data1012`, `data1013`) VALUES('1023', '', '', '');
INSERT INTO `field_summary` (`pages_id`, `data`, `data1012`, `data1013`) VALUES('1024', '', '', '');
INSERT INTO `field_summary` (`pages_id`, `data`, `data1012`, `data1013`) VALUES('1025', '', '', '');
INSERT INTO `field_summary` (`pages_id`, `data`, `data1012`, `data1013`) VALUES('1026', '', '', '');

DROP TABLE IF EXISTS `field_teaer_image`;
CREATE TABLE `field_teaer_image` (
  `pages_id` int(10) unsigned NOT NULL,
  `data` varchar(250) NOT NULL,
  `sort` int(10) unsigned NOT NULL,
  `description` text NOT NULL,
  `modified` datetime DEFAULT NULL,
  `created` datetime DEFAULT NULL,
  `filedata` mediumtext DEFAULT NULL,
  PRIMARY KEY (`pages_id`,`sort`),
  KEY `data` (`data`),
  KEY `modified` (`modified`),
  KEY `created` (`created`),
  FULLTEXT KEY `description` (`description`),
  FULLTEXT KEY `filedata` (`filedata`)
) ENGINE=MyISAM DEFAULT CHARSET=utf8mb4;

INSERT INTO `field_teaer_image` (`pages_id`, `data`, `sort`, `description`, `modified`, `created`, `filedata`) VALUES('1', 'img_0278.jpeg', '0', '[\"\"]', '2020-04-20 09:10:14', '2020-04-20 09:10:14', '');
INSERT INTO `field_teaer_image` (`pages_id`, `data`, `sort`, `description`, `modified`, `created`, `filedata`) VALUES('1001', 'morning-1935072_1920.jpg', '0', '[\"\"]', '2020-04-20 10:19:24', '2020-04-20 10:19:24', '');

DROP TABLE IF EXISTS `field_teaser_headline`;
CREATE TABLE `field_teaser_headline` (
  `pages_id` int(10) unsigned NOT NULL,
  `data` text NOT NULL,
  `data1012` text DEFAULT NULL,
  `data1013` text DEFAULT NULL,
  PRIMARY KEY (`pages_id`),
  KEY `data_exact` (`data`(250)),
  KEY `data_exact1012` (`data1012`(250)),
  KEY `data_exact1013` (`data1013`(250)),
  FULLTEXT KEY `data` (`data`),
  FULLTEXT KEY `data1012` (`data1012`),
  FULLTEXT KEY `data1013` (`data1013`)
) ENGINE=MyISAM DEFAULT CHARSET=utf8mb4;

INSERT INTO `field_teaser_headline` (`pages_id`, `data`, `data1012`, `data1013`) VALUES('1', 'Just a container', '', '');
INSERT INTO `field_teaser_headline` (`pages_id`, `data`, `data1012`, `data1013`) VALUES('1001', 'TEaser?', '', '');

DROP TABLE IF EXISTS `field_teaser_link`;
CREATE TABLE `field_teaser_link` (
  `pages_id` int(10) unsigned NOT NULL,
  `data` text NOT NULL,
  PRIMARY KEY (`pages_id`),
  KEY `data_exact` (`data`(250)),
  FULLTEXT KEY `data` (`data`)
) ENGINE=MyISAM DEFAULT CHARSET=utf8mb4;

INSERT INTO `field_teaser_link` (`pages_id`, `data`) VALUES('1', 'https://www.google.com');

DROP TABLE IF EXISTS `field_teaser_linktext`;
CREATE TABLE `field_teaser_linktext` (
  `pages_id` int(10) unsigned NOT NULL,
  `data` text NOT NULL,
  `data1012` text DEFAULT NULL,
  `data1013` text DEFAULT NULL,
  PRIMARY KEY (`pages_id`),
  KEY `data_exact` (`data`(250)),
  KEY `data_exact1012` (`data1012`(250)),
  KEY `data_exact1013` (`data1013`(250)),
  FULLTEXT KEY `data` (`data`),
  FULLTEXT KEY `data1012` (`data1012`),
  FULLTEXT KEY `data1013` (`data1013`)
) ENGINE=MyISAM DEFAULT CHARSET=utf8mb4;

INSERT INTO `field_teaser_linktext` (`pages_id`, `data`, `data1012`, `data1013`) VALUES('1', 'Click!', '', '');

DROP TABLE IF EXISTS `field_teaser_text`;
CREATE TABLE `field_teaser_text` (
  `pages_id` int(10) unsigned NOT NULL,
  `data` mediumtext NOT NULL,
  `data1012` mediumtext DEFAULT NULL,
  `data1013` mediumtext DEFAULT NULL,
  PRIMARY KEY (`pages_id`),
  KEY `data_exact` (`data`(250)),
  FULLTEXT KEY `data` (`data`),
  FULLTEXT KEY `data1012` (`data1012`),
  FULLTEXT KEY `data1013` (`data1013`)
) ENGINE=MyISAM DEFAULT CHARSET=utf8mb4;

INSERT INTO `field_teaser_text` (`pages_id`, `data`, `data1012`, `data1013`) VALUES('1', 'Lorem ipsum dolor sit amet consectetur adipisicing elit. Atque facere, nobis assumenda neque illum aliquid magnam alias libero similique necessitatibus rerum nesciunt non ipsum est magni rem! Id, necessitatibus nisi.', '', '');
INSERT INTO `field_teaser_text` (`pages_id`, `data`, `data1012`, `data1013`) VALUES('1001', 'Lorem ipsum dolor sit amet, consectetuer adipiscing elit. Aenean commodo ligula eget dolor. Aenean massa. Cum sociis natoque penatibus et magnis dis parturient montes, nascetur ridiculus mus. Donec quam felis, ultricies nec, pellentesque eu, pretium quis, sem. Nulla consequat massa quis enim. Donec pede justo, fringilla vel, aliquet nec, vulputate eget, arcu. In enim justo, rhoncus ut, imperdiet a, venenatis vitae, justo. Nullam dictum felis eu pede mollis pretium. Integer tincidunt. Cras dapibus. Vivamus elementum semper nisi. Aenean vulputate eleifend tellus. Aenean leo ligula, porttitor eu, consequat vitae, eleifend ac, enim. Aliquam lorem', '', '');

DROP TABLE IF EXISTS `field_text_fields`;
CREATE TABLE `field_text_fields` (
  `pages_id` int(10) unsigned NOT NULL,
  `data` text NOT NULL,
  `count` int(11) NOT NULL,
  `parent_id` int(11) NOT NULL,
  PRIMARY KEY (`pages_id`),
  KEY `data_exact` (`data`(1)),
  KEY `count` (`count`,`pages_id`),
  KEY `parent_id` (`parent_id`,`pages_id`),
  FULLTEXT KEY `data` (`data`)
) ENGINE=MyISAM DEFAULT CHARSET=utf8mb4;

INSERT INTO `field_text_fields` (`pages_id`, `data`, `count`, `parent_id`) VALUES('1001', '1045,1046', '2', '1044');

DROP TABLE IF EXISTS `field_textblock`;
CREATE TABLE `field_textblock` (
  `pages_id` int(10) unsigned NOT NULL,
  `data` mediumtext NOT NULL,
  `data1012` mediumtext DEFAULT NULL,
  `data1013` mediumtext DEFAULT NULL,
  PRIMARY KEY (`pages_id`),
  KEY `data_exact` (`data`(250)),
  FULLTEXT KEY `data` (`data`),
  FULLTEXT KEY `data1012` (`data1012`),
  FULLTEXT KEY `data1013` (`data1013`)
) ENGINE=MyISAM DEFAULT CHARSET=utf8mb4;

INSERT INTO `field_textblock` (`pages_id`, `data`, `data1012`, `data1013`) VALUES('1030', '', '', '');
INSERT INTO `field_textblock` (`pages_id`, `data`, `data1012`, `data1013`) VALUES('1035', 'Lorem ipsum dolor sit amet, consectetur adipiscing elit. Donec elementum quis dolor vehicula suscipit', '', '');
INSERT INTO `field_textblock` (`pages_id`, `data`, `data1012`, `data1013`) VALUES('1036', 'Lorem ipsum dolor sit amet, consectetur adipiscing elit. Donec elementum quis dolor vehicula suscipit', '', '');
INSERT INTO `field_textblock` (`pages_id`, `data`, `data1012`, `data1013`) VALUES('1037', 'Lorem ipsum dolor sit amet, consectetur adipiscing elit. Donec elementum quis dolor vehicula suscipit', '', '');
INSERT INTO `field_textblock` (`pages_id`, `data`, `data1012`, `data1013`) VALUES('1038', 'Lorem ipsum dolor sit amet, consectetur adipiscing elit. Donec elementum quis dolor vehicula suscipit', '', '');
INSERT INTO `field_textblock` (`pages_id`, `data`, `data1012`, `data1013`) VALUES('1039', 'Lorem ipsum dolor sit amet, consectetur adipiscing elit. Donec elementum quis dolor vehicula suscipit', '', '');
INSERT INTO `field_textblock` (`pages_id`, `data`, `data1012`, `data1013`) VALUES('1040', 'Lorem ipsum dolor sit amet, consectetur adipiscing elit. Donec elementum quis dolor vehicula suscipit', '', '');
INSERT INTO `field_textblock` (`pages_id`, `data`, `data1012`, `data1013`) VALUES('1041', 'Lorem ipsum dolor sit amet, consectetur adipiscing elit. Donec elementum quis dolor vehicula suscipit', '', '');
INSERT INTO `field_textblock` (`pages_id`, `data`, `data1012`, `data1013`) VALUES('1042', 'Lorem ipsum dolor sit amet, consectetur adipiscing elit. Donec elementum quis dolor vehicula suscipit', '', '');
INSERT INTO `field_textblock` (`pages_id`, `data`, `data1012`, `data1013`) VALUES('1045', 'Lorem ipsum dolor sit amet, consectetuer adipiscing elit. Aenean commodo ligula eget dolor. Aenean massa. Cum sociis natoque penatibus et magnis dis parturient montes, nascetur ridiculus mus. Donec quam felis, ultricies nec, pellentesque eu, pretium quis, sem. Nulla consequat massa quis enim. Donec pede justo, fringilla vel, aliquet nec, vulputate eget, arcu. In enim justo, rhoncus ut, imperdiet a, venenatis vitae, justo. Nullam dictum felis eu pede mollis pretium. Integer tincidunt. Cras dapibus. Vivamus elementum semper nisi. Aenean vulputate eleifend tellus. Aenean leo ligula, porttitor eu, consequat vitae, eleifend ac, enim. Aliquam lorem', '', '');
INSERT INTO `field_textblock` (`pages_id`, `data`, `data1012`, `data1013`) VALUES('1046', 'Lorem ipsum dolor sit amet, consectetuer adipiscing elit. Aenean commodo ligula eget dolor. Aenean massa. Cum sociis natoque penatibus et magnis dis parturient montes, nascetur ridiculus mus. Donec quam felis, ultricies nec, pellentesque eu, pretium quis, sem. Nulla consequat massa quis enim. Donec pede justo, fringilla vel, aliquet nec, vulputate eget, arcu. In enim justo, rhoncus ut, imperdiet a, venenatis vitae, justo. Nullam dictum felis eu pede mollis pretium. Integer tincidunt. Cras dapibus. Vivamus elementum semper nisi. Aenean vulputate eleifend tellus. Aenean leo ligula, porttitor eu, consequat vitae, eleifend ac, enim. Aliquam lorem \n\nLorem ipsum dolor sit amet, consectetuer adipiscing elit. Aenean commodo ligula eget dolor. Aenean massa. Cum sociis natoque penatibus et magnis dis parturient montes, nascetur ridiculus mus. Donec quam felis, ultricies nec, pellentesque eu, pretium quis, sem. Nulla consequat massa quis enim. Donec pede justo, fringilla vel, aliquet nec, vulputate eget, arcu. In enim justo, rhoncus ut, imperdiet a, venenatis vitae, justo. Nullam dictum felis eu pede mollis pretium. Integer tincidunt. Cras dapibus. Vivamus elementum semper nisi. Aenean vulputate eleifend tellus. Aenean leo ligula, porttitor eu, consequat vitae, eleifend ac, enim. Aliquam lorem', '', '');
INSERT INTO `field_textblock` (`pages_id`, `data`, `data1012`, `data1013`) VALUES('1047', '', '', '');

DROP TABLE IF EXISTS `field_title`;
CREATE TABLE `field_title` (
  `pages_id` int(10) unsigned NOT NULL,
  `data` text NOT NULL,
  `data1012` text DEFAULT NULL,
  `data1013` text DEFAULT NULL,
  PRIMARY KEY (`pages_id`),
  KEY `data_exact` (`data`(250)),
  KEY `data_exact1012` (`data1012`(250)),
  KEY `data_exact1013` (`data1013`(250)),
  FULLTEXT KEY `data` (`data`),
  FULLTEXT KEY `data1012` (`data1012`),
  FULLTEXT KEY `data1013` (`data1013`)
) ENGINE=MyISAM DEFAULT CHARSET=utf8mb4;

INSERT INTO `field_title` (`pages_id`, `data`, `data1012`, `data1013`) VALUES('11', 'Templates', '', '');
INSERT INTO `field_title` (`pages_id`, `data`, `data1012`, `data1013`) VALUES('16', 'Fields', '', '');
INSERT INTO `field_title` (`pages_id`, `data`, `data1012`, `data1013`) VALUES('22', 'Setup', '', '');
INSERT INTO `field_title` (`pages_id`, `data`, `data1012`, `data1013`) VALUES('3', 'Pages', '', '');
INSERT INTO `field_title` (`pages_id`, `data`, `data1012`, `data1013`) VALUES('6', 'Add Page', '', '');
INSERT INTO `field_title` (`pages_id`, `data`, `data1012`, `data1013`) VALUES('8', 'Tree', '', '');
INSERT INTO `field_title` (`pages_id`, `data`, `data1012`, `data1013`) VALUES('9', 'Save Sort', '', '');
INSERT INTO `field_title` (`pages_id`, `data`, `data1012`, `data1013`) VALUES('10', 'Edit', '', '');
INSERT INTO `field_title` (`pages_id`, `data`, `data1012`, `data1013`) VALUES('21', 'Modules', '', '');
INSERT INTO `field_title` (`pages_id`, `data`, `data1012`, `data1013`) VALUES('29', 'Users', '', '');
INSERT INTO `field_title` (`pages_id`, `data`, `data1012`, `data1013`) VALUES('30', 'Roles', '', '');
INSERT INTO `field_title` (`pages_id`, `data`, `data1012`, `data1013`) VALUES('2', 'Admin', '', '');
INSERT INTO `field_title` (`pages_id`, `data`, `data1012`, `data1013`) VALUES('7', 'Trash', '', '');
INSERT INTO `field_title` (`pages_id`, `data`, `data1012`, `data1013`) VALUES('27', '404 Page', '404 Seite', '404 Sivu');
INSERT INTO `field_title` (`pages_id`, `data`, `data1012`, `data1013`) VALUES('302', 'Insert Link', '', '');
INSERT INTO `field_title` (`pages_id`, `data`, `data1012`, `data1013`) VALUES('23', 'Login', '', '');
INSERT INTO `field_title` (`pages_id`, `data`, `data1012`, `data1013`) VALUES('304', 'Profile', '', '');
INSERT INTO `field_title` (`pages_id`, `data`, `data1012`, `data1013`) VALUES('301', 'Empty Trash', '', '');
INSERT INTO `field_title` (`pages_id`, `data`, `data1012`, `data1013`) VALUES('300', 'Search', '', '');
INSERT INTO `field_title` (`pages_id`, `data`, `data1012`, `data1013`) VALUES('303', 'Insert Image', '', '');
INSERT INTO `field_title` (`pages_id`, `data`, `data1012`, `data1013`) VALUES('28', 'Access', '', '');
INSERT INTO `field_title` (`pages_id`, `data`, `data1012`, `data1013`) VALUES('31', 'Permissions', '', '');
INSERT INTO `field_title` (`pages_id`, `data`, `data1012`, `data1013`) VALUES('32', 'Edit pages', '', '');
INSERT INTO `field_title` (`pages_id`, `data`, `data1012`, `data1013`) VALUES('34', 'Delete pages', '', '');
INSERT INTO `field_title` (`pages_id`, `data`, `data1012`, `data1013`) VALUES('35', 'Move pages (change parent)', '', '');
INSERT INTO `field_title` (`pages_id`, `data`, `data1012`, `data1013`) VALUES('36', 'View pages', '', '');
INSERT INTO `field_title` (`pages_id`, `data`, `data1012`, `data1013`) VALUES('50', 'Sort child pages', '', '');
INSERT INTO `field_title` (`pages_id`, `data`, `data1012`, `data1013`) VALUES('51', 'Change templates on pages', '', '');
INSERT INTO `field_title` (`pages_id`, `data`, `data1012`, `data1013`) VALUES('52', 'Administer users', '', '');
INSERT INTO `field_title` (`pages_id`, `data`, `data1012`, `data1013`) VALUES('53', 'User can update profile/password', '', '');
INSERT INTO `field_title` (`pages_id`, `data`, `data1012`, `data1013`) VALUES('54', 'Lock or unlock a page', '', '');
INSERT INTO `field_title` (`pages_id`, `data`, `data1012`, `data1013`) VALUES('1', 'Home', 'Startseite', 'Koti');
INSERT INTO `field_title` (`pages_id`, `data`, `data1012`, `data1013`) VALUES('1001', 'About', 'Über', 'Tietoja');
INSERT INTO `field_title` (`pages_id`, `data`, `data1012`, `data1013`) VALUES('1002', 'Manufactur', 'Manufaktur', '');
INSERT INTO `field_title` (`pages_id`, `data`, `data1012`, `data1013`) VALUES('1000', 'Search', 'Suche', 'Haku');
INSERT INTO `field_title` (`pages_id`, `data`, `data1012`, `data1013`) VALUES('1004', 'History', 'Geschichte', 'Alasivu esimerkki 2');
INSERT INTO `field_title` (`pages_id`, `data`, `data1012`, `data1013`) VALUES('1005', 'Site Map', 'Sitemap', 'Sivukartta');
INSERT INTO `field_title` (`pages_id`, `data`, `data1012`, `data1013`) VALUES('1006', 'Use Page Lister', '', '');
INSERT INTO `field_title` (`pages_id`, `data`, `data1012`, `data1013`) VALUES('1007', 'Find', '', '');
INSERT INTO `field_title` (`pages_id`, `data`, `data1012`, `data1013`) VALUES('1009', 'Languages', '', '');
INSERT INTO `field_title` (`pages_id`, `data`, `data1012`, `data1013`) VALUES('1010', 'English', 'Englisch', 'Englanti');
INSERT INTO `field_title` (`pages_id`, `data`, `data1012`, `data1013`) VALUES('1011', 'Language Translator', '', '');
INSERT INTO `field_title` (`pages_id`, `data`, `data1012`, `data1013`) VALUES('1012', 'German', 'Deutsch', 'Saksan');
INSERT INTO `field_title` (`pages_id`, `data`, `data1012`, `data1013`) VALUES('1013', 'Finnish', 'Finnisch', 'Suomi');
INSERT INTO `field_title` (`pages_id`, `data`, `data1012`, `data1013`) VALUES('1015', 'Recent', '', '');
INSERT INTO `field_title` (`pages_id`, `data`, `data1012`, `data1013`) VALUES('1016', 'Can see recently edited pages', '', '');
INSERT INTO `field_title` (`pages_id`, `data`, `data1012`, `data1013`) VALUES('1017', 'Logs', '', '');
INSERT INTO `field_title` (`pages_id`, `data`, `data1012`, `data1013`) VALUES('1018', 'Can view system logs', '', '');
INSERT INTO `field_title` (`pages_id`, `data`, `data1012`, `data1013`) VALUES('1019', 'Can manage system logs', '', '');
INSERT INTO `field_title` (`pages_id`, `data`, `data1012`, `data1013`) VALUES('1020', 'Shop', '', '');
INSERT INTO `field_title` (`pages_id`, `data`, `data1012`, `data1013`) VALUES('1021', 'Boards', '', '');
INSERT INTO `field_title` (`pages_id`, `data`, `data1012`, `data1013`) VALUES('1022', 'Twin-Tips', '', '');
INSERT INTO `field_title` (`pages_id`, `data`, `data1012`, `data1013`) VALUES('1023', 'Skimboards', '', '');
INSERT INTO `field_title` (`pages_id`, `data`, `data1012`, `data1013`) VALUES('1024', 'Team', '', '');
INSERT INTO `field_title` (`pages_id`, `data`, `data1012`, `data1013`) VALUES('1025', 'Blog', '', '');
INSERT INTO `field_title` (`pages_id`, `data`, `data1012`, `data1013`) VALUES('1026', 'Contact', '', '');
INSERT INTO `field_title` (`pages_id`, `data`, `data1012`, `data1013`) VALUES('1027', 'Repeaters', '', '');
INSERT INTO `field_title` (`pages_id`, `data`, `data1012`, `data1013`) VALUES('1028', 'text_fields', '', '');
INSERT INTO `field_title` (`pages_id`, `data`, `data1012`, `data1013`) VALUES('1029', 'en', '', '');
INSERT INTO `field_title` (`pages_id`, `data`, `data1012`, `data1013`) VALUES('1031', 'simple_textblocks', '', '');
INSERT INTO `field_title` (`pages_id`, `data`, `data1012`, `data1013`) VALUES('1032', 'en', '', '');
INSERT INTO `field_title` (`pages_id`, `data`, `data1012`, `data1013`) VALUES('1033', 'repeater_why', '', '');
INSERT INTO `field_title` (`pages_id`, `data`, `data1012`, `data1013`) VALUES('1034', 'en', '', '');
INSERT INTO `field_title` (`pages_id`, `data`, `data1012`, `data1013`) VALUES('1043', 'blog', '', '');
INSERT INTO `field_title` (`pages_id`, `data`, `data1012`, `data1013`) VALUES('1044', 'about', '', '');
INSERT INTO `field_title` (`pages_id`, `data`, `data1012`, `data1013`) VALUES('1048', 'DB Backups', '', '');
INSERT INTO `field_title` (`pages_id`, `data`, `data1012`, `data1013`) VALUES('1049', 'Manage database backups (recommended for superuser only)', '', '');

DROP TABLE IF EXISTS `field_why_headline`;
CREATE TABLE `field_why_headline` (
  `pages_id` int(10) unsigned NOT NULL,
  `data` text NOT NULL,
  PRIMARY KEY (`pages_id`),
  KEY `data_exact` (`data`(250)),
  FULLTEXT KEY `data` (`data`)
) ENGINE=MyISAM DEFAULT CHARSET=utf8mb4;

INSERT INTO `field_why_headline` (`pages_id`, `data`) VALUES('1', 'WHY YOU SHOULD CHOOSE BOARDSCHMIEDE');

DROP TABLE IF EXISTS `field_why_subheadline`;
CREATE TABLE `field_why_subheadline` (
  `pages_id` int(10) unsigned NOT NULL,
  `data` text NOT NULL,
  PRIMARY KEY (`pages_id`),
  KEY `data_exact` (`data`(250)),
  FULLTEXT KEY `data` (`data`)
) ENGINE=MyISAM DEFAULT CHARSET=utf8mb4;

INSERT INTO `field_why_subheadline` (`pages_id`, `data`) VALUES('1', 'Our boards are the best...');

DROP TABLE IF EXISTS `fieldgroups`;
CREATE TABLE `fieldgroups` (
  `id` int(10) unsigned NOT NULL AUTO_INCREMENT,
  `name` varchar(250) CHARACTER SET ascii NOT NULL,
  PRIMARY KEY (`id`),
  UNIQUE KEY `name` (`name`)
) ENGINE=MyISAM AUTO_INCREMENT=101 DEFAULT CHARSET=utf8mb4;

INSERT INTO `fieldgroups` (`id`, `name`) VALUES('2', 'admin');
INSERT INTO `fieldgroups` (`id`, `name`) VALUES('3', 'user');
INSERT INTO `fieldgroups` (`id`, `name`) VALUES('4', 'role');
INSERT INTO `fieldgroups` (`id`, `name`) VALUES('5', 'permission');
INSERT INTO `fieldgroups` (`id`, `name`) VALUES('1', 'home');
INSERT INTO `fieldgroups` (`id`, `name`) VALUES('88', 'sitemap');
INSERT INTO `fieldgroups` (`id`, `name`) VALUES('83', 'basic-page');
INSERT INTO `fieldgroups` (`id`, `name`) VALUES('80', 'search');
INSERT INTO `fieldgroups` (`id`, `name`) VALUES('97', 'language');
INSERT INTO `fieldgroups` (`id`, `name`) VALUES('98', 'repeater_text_fields');
INSERT INTO `fieldgroups` (`id`, `name`) VALUES('99', 'repeater_simple_textblocks');
INSERT INTO `fieldgroups` (`id`, `name`) VALUES('100', 'repeater_repeater_why');

DROP TABLE IF EXISTS `fieldgroups_fields`;
CREATE TABLE `fieldgroups_fields` (
  `fieldgroups_id` int(10) unsigned NOT NULL DEFAULT 0,
  `fields_id` int(10) unsigned NOT NULL DEFAULT 0,
  `sort` int(11) unsigned NOT NULL DEFAULT 0,
  `data` text DEFAULT NULL,
  PRIMARY KEY (`fieldgroups_id`,`fields_id`)
) ENGINE=MyISAM DEFAULT CHARSET=utf8mb4;

INSERT INTO `fieldgroups_fields` (`fieldgroups_id`, `fields_id`, `sort`, `data`) VALUES('2', '1', '0', NULL);
INSERT INTO `fieldgroups_fields` (`fieldgroups_id`, `fields_id`, `sort`, `data`) VALUES('3', '92', '1', NULL);
INSERT INTO `fieldgroups_fields` (`fieldgroups_id`, `fields_id`, `sort`, `data`) VALUES('4', '5', '0', NULL);
INSERT INTO `fieldgroups_fields` (`fieldgroups_id`, `fields_id`, `sort`, `data`) VALUES('5', '1', '0', NULL);
INSERT INTO `fieldgroups_fields` (`fieldgroups_id`, `fields_id`, `sort`, `data`) VALUES('3', '4', '2', NULL);
INSERT INTO `fieldgroups_fields` (`fieldgroups_id`, `fields_id`, `sort`, `data`) VALUES('1', '117', '18', NULL);
INSERT INTO `fieldgroups_fields` (`fieldgroups_id`, `fields_id`, `sort`, `data`) VALUES('80', '1', '0', NULL);
INSERT INTO `fieldgroups_fields` (`fieldgroups_id`, `fields_id`, `sort`, `data`) VALUES('98', '78', '0', NULL);
INSERT INTO `fieldgroups_fields` (`fieldgroups_id`, `fields_id`, `sort`, `data`) VALUES('1', '121', '17', NULL);
INSERT INTO `fieldgroups_fields` (`fieldgroups_id`, `fields_id`, `sort`, `data`) VALUES('88', '79', '1', NULL);
INSERT INTO `fieldgroups_fields` (`fieldgroups_id`, `fields_id`, `sort`, `data`) VALUES('99', '78', '0', NULL);
INSERT INTO `fieldgroups_fields` (`fieldgroups_id`, `fields_id`, `sort`, `data`) VALUES('88', '1', '0', NULL);
INSERT INTO `fieldgroups_fields` (`fieldgroups_id`, `fields_id`, `sort`, `data`) VALUES('83', '76', '3', NULL);
INSERT INTO `fieldgroups_fields` (`fieldgroups_id`, `fields_id`, `sort`, `data`) VALUES('97', '1', '0', NULL);
INSERT INTO `fieldgroups_fields` (`fieldgroups_id`, `fields_id`, `sort`, `data`) VALUES('3', '98', '3', NULL);
INSERT INTO `fieldgroups_fields` (`fieldgroups_id`, `fields_id`, `sort`, `data`) VALUES('83', '79', '2', NULL);
INSERT INTO `fieldgroups_fields` (`fieldgroups_id`, `fields_id`, `sort`, `data`) VALUES('97', '100', '1', NULL);
INSERT INTO `fieldgroups_fields` (`fieldgroups_id`, `fields_id`, `sort`, `data`) VALUES('1', '120', '16', NULL);
INSERT INTO `fieldgroups_fields` (`fieldgroups_id`, `fields_id`, `sort`, `data`) VALUES('3', '3', '0', NULL);
INSERT INTO `fieldgroups_fields` (`fieldgroups_id`, `fields_id`, `sort`, `data`) VALUES('2', '2', '1', NULL);
INSERT INTO `fieldgroups_fields` (`fieldgroups_id`, `fields_id`, `sort`, `data`) VALUES('83', '116', '5', NULL);
INSERT INTO `fieldgroups_fields` (`fieldgroups_id`, `fields_id`, `sort`, `data`) VALUES('97', '97', '2', NULL);
INSERT INTO `fieldgroups_fields` (`fieldgroups_id`, `fields_id`, `sort`, `data`) VALUES('3', '103', '4', NULL);
INSERT INTO `fieldgroups_fields` (`fieldgroups_id`, `fields_id`, `sort`, `data`) VALUES('98', '106', '1', NULL);
INSERT INTO `fieldgroups_fields` (`fieldgroups_id`, `fields_id`, `sort`, `data`) VALUES('98', '105', '2', NULL);
INSERT INTO `fieldgroups_fields` (`fieldgroups_id`, `fields_id`, `sort`, `data`) VALUES('83', '118', '6', NULL);
INSERT INTO `fieldgroups_fields` (`fieldgroups_id`, `fields_id`, `sort`, `data`) VALUES('1', '119', '15', NULL);
INSERT INTO `fieldgroups_fields` (`fieldgroups_id`, `fields_id`, `sort`, `data`) VALUES('83', '104', '4', NULL);
INSERT INTO `fieldgroups_fields` (`fieldgroups_id`, `fields_id`, `sort`, `data`) VALUES('1', '122', '14', NULL);
INSERT INTO `fieldgroups_fields` (`fieldgroups_id`, `fields_id`, `sort`, `data`) VALUES('83', '1', '0', NULL);
INSERT INTO `fieldgroups_fields` (`fieldgroups_id`, `fields_id`, `sort`, `data`) VALUES('99', '106', '1', NULL);
INSERT INTO `fieldgroups_fields` (`fieldgroups_id`, `fields_id`, `sort`, `data`) VALUES('1', '118', '13', NULL);
INSERT INTO `fieldgroups_fields` (`fieldgroups_id`, `fields_id`, `sort`, `data`) VALUES('100', '106', '1', NULL);
INSERT INTO `fieldgroups_fields` (`fieldgroups_id`, `fields_id`, `sort`, `data`) VALUES('100', '78', '0', NULL);
INSERT INTO `fieldgroups_fields` (`fieldgroups_id`, `fields_id`, `sort`, `data`) VALUES('1', '116', '12', NULL);
INSERT INTO `fieldgroups_fields` (`fieldgroups_id`, `fields_id`, `sort`, `data`) VALUES('1', '110', '11', NULL);
INSERT INTO `fieldgroups_fields` (`fieldgroups_id`, `fields_id`, `sort`, `data`) VALUES('1', '111', '10', NULL);
INSERT INTO `fieldgroups_fields` (`fieldgroups_id`, `fields_id`, `sort`, `data`) VALUES('1', '112', '9', NULL);
INSERT INTO `fieldgroups_fields` (`fieldgroups_id`, `fields_id`, `sort`, `data`) VALUES('1', '115', '8', NULL);
INSERT INTO `fieldgroups_fields` (`fieldgroups_id`, `fields_id`, `sort`, `data`) VALUES('1', '114', '7', NULL);
INSERT INTO `fieldgroups_fields` (`fieldgroups_id`, `fields_id`, `sort`, `data`) VALUES('1', '109', '6', NULL);
INSERT INTO `fieldgroups_fields` (`fieldgroups_id`, `fields_id`, `sort`, `data`) VALUES('1', '108', '5', NULL);
INSERT INTO `fieldgroups_fields` (`fieldgroups_id`, `fields_id`, `sort`, `data`) VALUES('1', '76', '4', NULL);
INSERT INTO `fieldgroups_fields` (`fieldgroups_id`, `fields_id`, `sort`, `data`) VALUES('1', '79', '3', NULL);
INSERT INTO `fieldgroups_fields` (`fieldgroups_id`, `fields_id`, `sort`, `data`) VALUES('1', '78', '2', NULL);
INSERT INTO `fieldgroups_fields` (`fieldgroups_id`, `fields_id`, `sort`, `data`) VALUES('1', '123', '1', NULL);
INSERT INTO `fieldgroups_fields` (`fieldgroups_id`, `fields_id`, `sort`, `data`) VALUES('1', '1', '0', NULL);
INSERT INTO `fieldgroups_fields` (`fieldgroups_id`, `fields_id`, `sort`, `data`) VALUES('83', '123', '1', NULL);
INSERT INTO `fieldgroups_fields` (`fieldgroups_id`, `fields_id`, `sort`, `data`) VALUES('1', '44', '19', NULL);
INSERT INTO `fieldgroups_fields` (`fieldgroups_id`, `fields_id`, `sort`, `data`) VALUES('83', '122', '7', NULL);
INSERT INTO `fieldgroups_fields` (`fieldgroups_id`, `fields_id`, `sort`, `data`) VALUES('83', '119', '8', NULL);
INSERT INTO `fieldgroups_fields` (`fieldgroups_id`, `fields_id`, `sort`, `data`) VALUES('83', '120', '9', NULL);
INSERT INTO `fieldgroups_fields` (`fieldgroups_id`, `fields_id`, `sort`, `data`) VALUES('83', '121', '10', NULL);
INSERT INTO `fieldgroups_fields` (`fieldgroups_id`, `fields_id`, `sort`, `data`) VALUES('83', '117', '11', NULL);
INSERT INTO `fieldgroups_fields` (`fieldgroups_id`, `fields_id`, `sort`, `data`) VALUES('83', '44', '12', NULL);

DROP TABLE IF EXISTS `fields`;
CREATE TABLE `fields` (
  `id` int(10) unsigned NOT NULL AUTO_INCREMENT,
  `type` varchar(128) CHARACTER SET ascii NOT NULL,
  `name` varchar(250) CHARACTER SET ascii NOT NULL,
  `flags` int(11) NOT NULL DEFAULT 0,
  `label` varchar(250) NOT NULL DEFAULT '',
  `data` text NOT NULL,
  PRIMARY KEY (`id`),
  UNIQUE KEY `name` (`name`),
  KEY `type` (`type`)
) ENGINE=MyISAM AUTO_INCREMENT=124 DEFAULT CHARSET=utf8mb4;

INSERT INTO `fields` (`id`, `type`, `name`, `flags`, `label`, `data`) VALUES('1', 'FieldtypePageTitleLanguage', 'title', '13', 'Title', '{\"required\":1,\"textformatters\":[\"TextformatterEntities\"],\"size\":0,\"maxlength\":255,\"label1012\":\"Titel\",\"label1013\":\"Nimi\\u00f6\",\"langBlankInherit\":0}');
INSERT INTO `fields` (`id`, `type`, `name`, `flags`, `label`, `data`) VALUES('2', 'FieldtypeModule', 'process', '25', 'Process', '{\"description\":\"The process that is executed on this page. Since this is mostly used by ProcessWire internally, it is recommended that you don\'t change the value of this unless adding your own pages in the admin.\",\"collapsed\":1,\"required\":1,\"moduleTypes\":[\"Process\"],\"permanent\":1}');
INSERT INTO `fields` (`id`, `type`, `name`, `flags`, `label`, `data`) VALUES('3', 'FieldtypePassword', 'pass', '24', 'Set Password', '{\"collapsed\":1,\"size\":50,\"maxlength\":128}');
INSERT INTO `fields` (`id`, `type`, `name`, `flags`, `label`, `data`) VALUES('5', 'FieldtypePage', 'permissions', '24', 'Permissions', '{\"derefAsPage\":0,\"parent_id\":31,\"labelFieldName\":\"title\",\"inputfield\":\"InputfieldCheckboxes\"}');
INSERT INTO `fields` (`id`, `type`, `name`, `flags`, `label`, `data`) VALUES('4', 'FieldtypePage', 'roles', '24', 'Roles', '{\"derefAsPage\":0,\"parent_id\":30,\"labelFieldName\":\"name\",\"inputfield\":\"InputfieldCheckboxes\",\"description\":\"User will inherit the permissions assigned to each role. You may assign multiple roles to a user. When accessing a page, the user will only inherit permissions from the roles that are also assigned to the page\'s template.\"}');
INSERT INTO `fields` (`id`, `type`, `name`, `flags`, `label`, `data`) VALUES('92', 'FieldtypeEmail', 'email', '9', 'E-Mail Address', '{\"size\":70,\"maxlength\":255}');
INSERT INTO `fields` (`id`, `type`, `name`, `flags`, `label`, `data`) VALUES('105', 'FieldtypeImage', 'image', '0', '', '{\"label1012\":\"Bild\",\"extensions\":\"gif jpg jpeg png\",\"maxFiles\":1,\"outputFormat\":0,\"defaultValuePage\":0,\"useTags\":0,\"inputfieldClass\":\"InputfieldImage\",\"descriptionRows\":1,\"gridMode\":\"grid\",\"focusMode\":\"on\",\"resizeServer\":0,\"clientQuality\":90,\"maxReject\":0,\"dimensionsByAspectRatio\":0,\"columnWidth\":75,\"fileSchema\":6}');
INSERT INTO `fields` (`id`, `type`, `name`, `flags`, `label`, `data`) VALUES('106', 'FieldtypeTextareaLanguage', 'textblock', '0', '', '{\"label1012\":\"Textblock\",\"inputfieldClass\":\"InputfieldTextarea\",\"contentType\":1,\"langBlankInherit\":0,\"collapsed\":0,\"minlength\":0,\"maxlength\":0,\"showCount\":0,\"rows\":5}');
INSERT INTO `fields` (`id`, `type`, `name`, `flags`, `label`, `data`) VALUES('44', 'FieldtypeImage', 'images', '0', 'Images', '{\"extensions\":\"gif jpg jpeg png\",\"adminThumbs\":1,\"inputfieldClass\":\"InputfieldImage\",\"maxFiles\":0,\"descriptionRows\":1,\"fileSchema\":6,\"outputFormat\":1,\"defaultValuePage\":0,\"defaultGrid\":0,\"icon\":\"camera\",\"label1012\":\"Bilder\",\"label1013\":\"Kuvat\",\"textformatters\":[\"TextformatterEntities\"]}');
INSERT INTO `fields` (`id`, `type`, `name`, `flags`, `label`, `data`) VALUES('79', 'FieldtypeTextareaLanguage', 'summary', '1', 'Summary', '{\"textformatters\":[\"TextformatterEntities\"],\"inputfieldClass\":\"InputfieldTextarea\",\"collapsed\":2,\"rows\":3,\"contentType\":0,\"label1012\":\"Zusammenfassung\",\"label1013\":\"Yhteenveto\",\"langBlankInherit\":0}');
INSERT INTO `fields` (`id`, `type`, `name`, `flags`, `label`, `data`) VALUES('76', 'FieldtypeTextareaLanguage', 'body', '0', 'Body', '{\"inputfieldClass\":\"InputfieldCKEditor\",\"rows\":10,\"contentType\":1,\"toolbar\":\"Format, Bold, Italic, -, RemoveFormat\\nJustifyLeft, JustifyCenter, JustifyRight, JustifyBlock\\nNumberedList, BulletedList, -, Blockquote\\nPWLink, Unlink, Anchor\\nPWImage, Table, HorizontalRule, SpecialChar\\nPasteText, PasteFromWord\\nScayt, -, Sourcedialog\",\"inlineMode\":0,\"useACF\":0,\"usePurifier\":1,\"formatTags\":\"p;h1;h2;h3;h4;h5;h6;pre;address\",\"extraPlugins\":[\"pwimage\",\"pwlink\",\"sourcedialog\"],\"removePlugins\":\"image,magicline\",\"toggles\":[2,4,8],\"label1012\":\"Inhalt\",\"label1013\":\"Sis\\u00e4llys\",\"langBlankInherit\":0,\"collapsed\":0,\"minlength\":0,\"maxlength\":0,\"showCount\":0}');
INSERT INTO `fields` (`id`, `type`, `name`, `flags`, `label`, `data`) VALUES('78', 'FieldtypeTextLanguage', 'headline', '0', 'Headline', '{\"description\":\"Use this instead of the field above if more text is needed for the page than for the navigation. \",\"textformatters\":[\"TextformatterEntities\"],\"collapsed\":2,\"size\":0,\"maxlength\":1024,\"langBlankInherit\":1,\"label1012\":\"\\u00dcberschrift\",\"label1013\":\"Otsikko\",\"description1012\":\"Verwenden Sie diese statt dem obigen Feld, wenn mehr Text für die Seite als f\\u00fcr die Navigation ben\\u00f6tigt wird.j\",\"description1013\":\"K\\u00e4yt\\u00e4 t\\u00e4t\\u00e4 sijasta kent\\u00e4n yl\\u00e4puolella, jos enemm\\u00e4n teksti\\u00e4 tarvitaan sivun kuin navigointiin.\"}');
INSERT INTO `fields` (`id`, `type`, `name`, `flags`, `label`, `data`) VALUES('97', 'FieldtypeFile', 'language_files', '24', 'Core Translation Files', '{\"extensions\":\"json csv\",\"maxFiles\":0,\"inputfieldClass\":\"InputfieldFile\",\"unzip\":1,\"descriptionRows\":0,\"fileSchema\":2,\"outputFormat\":0,\"defaultValuePage\":0,\"clone_field\":1,\"description\":\"Use this for field for [language packs](http:\\/\\/modules.processwire.com\\/categories\\/language-pack\\/). To delete all files, double-click the trash can for any file, then save.\"}');
INSERT INTO `fields` (`id`, `type`, `name`, `flags`, `label`, `data`) VALUES('98', 'FieldtypePage', 'language', '24', 'Language', '{\"derefAsPage\":1,\"parent_id\":1009,\"labelFieldName\":\"title\",\"inputfield\":\"InputfieldRadios\",\"required\":1}');
INSERT INTO `fields` (`id`, `type`, `name`, `flags`, `label`, `data`) VALUES('100', 'FieldtypeFile', 'language_files_site', '24', 'Site Translation Files', '{\"description\":\"Use this for field for translations specific to your site (like files in \\/site\\/templates\\/ for example).\",\"extensions\":\"json csv\",\"maxFiles\":0,\"inputfieldClass\":\"InputfieldFile\",\"unzip\":1,\"descriptionRows\":0,\"fileSchema\":2}');
INSERT INTO `fields` (`id`, `type`, `name`, `flags`, `label`, `data`) VALUES('103', 'FieldtypeModule', 'admin_theme', '8', 'Admin Theme', '{\"moduleTypes\":[\"AdminTheme\"],\"labelField\":\"title\",\"inputfieldClass\":\"InputfieldRadios\"}');
INSERT INTO `fields` (`id`, `type`, `name`, `flags`, `label`, `data`) VALUES('104', 'FieldtypeRepeater', 'text_fields', '0', 'Textblocks', '{\"label1012\":\"Textbl\\u00f6cke\",\"template_id\":44,\"parent_id\":1028,\"repeaterFields\":[78,106,105],\"repeaterTitle\":\"#n: {headline}\",\"repeaterAddLabel1012\":\"Neuer Textblock\",\"repeaterCollapse\":1,\"repeaterLoading\":1,\"collapsed\":0,\"repeaterAddLabel\":\"New textblock\"}');
INSERT INTO `fields` (`id`, `type`, `name`, `flags`, `label`, `data`) VALUES('107', 'FieldtypeCheckbox', 'image_alignment', '0', '', '{\"label1012\":\"Bildausrichtung\",\"collapsed\":0,\"columnWidth\":25}');
INSERT INTO `fields` (`id`, `type`, `name`, `flags`, `label`, `data`) VALUES('108', 'FieldtypeRepeater', 'simple_textblocks', '0', 'Simple textblocks', '{\"label1012\":\"Einfache Textbl\\u00f6cke\",\"template_id\":45,\"parent_id\":1031,\"repeaterFields\":[78,106],\"repeaterTitle\":\"#n: {headline}\",\"repeaterCollapse\":1,\"repeaterLoading\":1,\"collapsed\":0}');
INSERT INTO `fields` (`id`, `type`, `name`, `flags`, `label`, `data`) VALUES('109', 'FieldtypeFieldsetOpen', 'fieldset_why', '0', 'Why block', '{\"label1012\":\"Warum Block\",\"closeFieldID\":110,\"collapsed\":1}');
INSERT INTO `fields` (`id`, `type`, `name`, `flags`, `label`, `data`) VALUES('110', 'FieldtypeFieldsetClose', 'fieldset_why_END', '0', 'Close an open fieldset', '{\"description\":\"This field was added automatically to accompany fieldset \'fieldset_why\'.  It should be placed in your template\\/fieldgroup wherever you want the fieldset to end.\",\"openFieldID\":109}');
INSERT INTO `fields` (`id`, `type`, `name`, `flags`, `label`, `data`) VALUES('111', 'FieldtypeRepeater', 'repeater_why', '0', 'Why blocks', '{\"label1012\":\"Warum Bl\\u00f6cke\",\"template_id\":46,\"parent_id\":1033,\"repeaterFields\":[78,106],\"repeaterCollapse\":1,\"repeaterLoading\":1,\"collapsed\":0}');
INSERT INTO `fields` (`id`, `type`, `name`, `flags`, `label`, `data`) VALUES('112', 'FieldtypeImage', 'image_why', '0', 'Why image', '{\"label1012\":\"Warum Bild\",\"extensions\":\"gif jpg jpeg png\",\"maxFiles\":1,\"outputFormat\":0,\"defaultValuePage\":0,\"useTags\":0,\"inputfieldClass\":\"InputfieldImage\",\"descriptionRows\":1,\"gridMode\":\"grid\",\"focusMode\":\"on\",\"resizeServer\":0,\"clientQuality\":90,\"maxReject\":0,\"dimensionsByAspectRatio\":0,\"fileSchema\":6}');
INSERT INTO `fields` (`id`, `type`, `name`, `flags`, `label`, `data`) VALUES('113', 'FieldtypeTextLanguage', 'subheadline', '0', 'Subheadline', '{\"label1012\":\"Zweite \\u00dcberschrift\",\"minlength\":0,\"maxlength\":2048,\"showCount\":0,\"size\":0}');
INSERT INTO `fields` (`id`, `type`, `name`, `flags`, `label`, `data`) VALUES('114', 'FieldtypeText', 'why_headline', '0', 'Why headline', '{\"label1012\":\"Warum \\u00dcberschrift\"}');
INSERT INTO `fields` (`id`, `type`, `name`, `flags`, `label`, `data`) VALUES('115', 'FieldtypeText', 'why_subheadline', '0', 'Why subheadline', '{\"label1012\":\"Warum zweite \\u00dcberschrift\"}');
INSERT INTO `fields` (`id`, `type`, `name`, `flags`, `label`, `data`) VALUES('116', 'FieldtypeFieldsetOpen', 'fieldset_teaser', '0', 'Teaser', '{\"label1012\":\"Teaser\",\"closeFieldID\":117,\"collapsed\":1}');
INSERT INTO `fields` (`id`, `type`, `name`, `flags`, `label`, `data`) VALUES('117', 'FieldtypeFieldsetClose', 'fieldset_teaser_END', '0', 'Close an open fieldset', '{\"description\":\"This field was added automatically to accompany fieldset \'fieldset_teaser\'.  It should be placed in your template\\/fieldgroup wherever you want the fieldset to end.\",\"openFieldID\":116}');
INSERT INTO `fields` (`id`, `type`, `name`, `flags`, `label`, `data`) VALUES('118', 'FieldtypeImage', 'teaer_image', '0', 'Teaserimage', '{\"label1012\":\"Teaserbild\",\"extensions\":\"gif jpg jpeg png\",\"maxFiles\":1,\"outputFormat\":0,\"defaultValuePage\":0,\"useTags\":0,\"inputfieldClass\":\"InputfieldImage\",\"descriptionRows\":1,\"gridMode\":\"grid\",\"focusMode\":\"on\",\"resizeServer\":0,\"clientQuality\":90,\"maxReject\":0,\"dimensionsByAspectRatio\":0,\"fileSchema\":6}');
INSERT INTO `fields` (`id`, `type`, `name`, `flags`, `label`, `data`) VALUES('119', 'FieldtypeTextareaLanguage', 'teaser_text', '0', 'Teasertext', '{\"label1012\":\"Teasertext\"}');
INSERT INTO `fields` (`id`, `type`, `name`, `flags`, `label`, `data`) VALUES('120', 'FieldtypeURL', 'teaser_link', '0', 'Teaserlink', '{\"label1012\":\"Teaserlink\",\"noRelative\":0,\"allowIDN\":0,\"allowQuotes\":0,\"addRoot\":0,\"collapsed\":0,\"minlength\":0,\"maxlength\":1024,\"showCount\":0,\"size\":0}');
INSERT INTO `fields` (`id`, `type`, `name`, `flags`, `label`, `data`) VALUES('121', 'FieldtypeTextLanguage', 'teaser_linktext', '0', 'Teaserlink label', '{\"label1012\":\"Teaserlink Label\"}');
INSERT INTO `fields` (`id`, `type`, `name`, `flags`, `label`, `data`) VALUES('122', 'FieldtypeTextLanguage', 'teaser_headline', '0', 'Teaserheadline', '{\"label1012\":\"Teaser\\u00fcberschrift\"}');
INSERT INTO `fields` (`id`, `type`, `name`, `flags`, `label`, `data`) VALUES('123', 'FieldtypeImage', 'coverimage', '0', 'Coverimage', '{\"label1012\":\"Coverbild\",\"extensions\":\"gif jpg jpeg png\",\"maxFiles\":1,\"outputFormat\":0,\"defaultValuePage\":0,\"useTags\":0,\"inputfieldClass\":\"InputfieldImage\",\"descriptionRows\":1,\"gridMode\":\"grid\",\"focusMode\":\"on\",\"resizeServer\":0,\"clientQuality\":90,\"maxReject\":0,\"dimensionsByAspectRatio\":0,\"fileSchema\":6}');

DROP TABLE IF EXISTS `modules`;
CREATE TABLE `modules` (
  `id` int(10) unsigned NOT NULL AUTO_INCREMENT,
  `class` varchar(128) CHARACTER SET ascii NOT NULL,
  `flags` int(11) NOT NULL DEFAULT 0,
  `data` text NOT NULL,
  `created` timestamp NOT NULL DEFAULT current_timestamp(),
  PRIMARY KEY (`id`),
  UNIQUE KEY `class` (`class`)
) ENGINE=MyISAM AUTO_INCREMENT=175 DEFAULT CHARSET=utf8mb4;

INSERT INTO `modules` (`id`, `class`, `flags`, `data`, `created`) VALUES('1', 'FieldtypeTextarea', '0', '', '2020-02-05 09:51:13');
INSERT INTO `modules` (`id`, `class`, `flags`, `data`, `created`) VALUES('2', 'FieldtypeNumber', '0', '', '2020-02-05 09:51:13');
INSERT INTO `modules` (`id`, `class`, `flags`, `data`, `created`) VALUES('3', 'FieldtypeText', '1', '', '2020-02-05 09:51:13');
INSERT INTO `modules` (`id`, `class`, `flags`, `data`, `created`) VALUES('4', 'FieldtypePage', '3', '', '2020-02-05 09:51:13');
INSERT INTO `modules` (`id`, `class`, `flags`, `data`, `created`) VALUES('30', 'InputfieldForm', '0', '', '2020-02-05 09:51:13');
INSERT INTO `modules` (`id`, `class`, `flags`, `data`, `created`) VALUES('6', 'FieldtypeFile', '1', '', '2020-02-05 09:51:13');
INSERT INTO `modules` (`id`, `class`, `flags`, `data`, `created`) VALUES('7', 'ProcessPageEdit', '1', '', '2020-02-05 09:51:13');
INSERT INTO `modules` (`id`, `class`, `flags`, `data`, `created`) VALUES('10', 'ProcessLogin', '0', '', '2020-02-05 09:51:13');
INSERT INTO `modules` (`id`, `class`, `flags`, `data`, `created`) VALUES('12', 'ProcessPageList', '0', '{\"pageLabelField\":\"title\",\"paginationLimit\":25,\"limit\":50}', '2020-02-05 09:51:13');
INSERT INTO `modules` (`id`, `class`, `flags`, `data`, `created`) VALUES('121', 'ProcessPageEditLink', '1', '', '2020-02-05 09:51:13');
INSERT INTO `modules` (`id`, `class`, `flags`, `data`, `created`) VALUES('14', 'ProcessPageSort', '0', '', '2020-02-05 09:51:13');
INSERT INTO `modules` (`id`, `class`, `flags`, `data`, `created`) VALUES('15', 'InputfieldPageListSelect', '0', '', '2020-02-05 09:51:13');
INSERT INTO `modules` (`id`, `class`, `flags`, `data`, `created`) VALUES('117', 'JqueryUI', '1', '', '2020-02-05 09:51:13');
INSERT INTO `modules` (`id`, `class`, `flags`, `data`, `created`) VALUES('17', 'ProcessPageAdd', '0', '', '2020-02-05 09:51:13');
INSERT INTO `modules` (`id`, `class`, `flags`, `data`, `created`) VALUES('125', 'SessionLoginThrottle', '11', '', '2020-02-05 09:51:13');
INSERT INTO `modules` (`id`, `class`, `flags`, `data`, `created`) VALUES('122', 'InputfieldPassword', '0', '', '2020-02-05 09:51:13');
INSERT INTO `modules` (`id`, `class`, `flags`, `data`, `created`) VALUES('25', 'InputfieldAsmSelect', '0', '', '2020-02-05 09:51:13');
INSERT INTO `modules` (`id`, `class`, `flags`, `data`, `created`) VALUES('116', 'JqueryCore', '1', '', '2020-02-05 09:51:13');
INSERT INTO `modules` (`id`, `class`, `flags`, `data`, `created`) VALUES('27', 'FieldtypeModule', '1', '', '2020-02-05 09:51:13');
INSERT INTO `modules` (`id`, `class`, `flags`, `data`, `created`) VALUES('28', 'FieldtypeDatetime', '0', '', '2020-02-05 09:51:13');
INSERT INTO `modules` (`id`, `class`, `flags`, `data`, `created`) VALUES('29', 'FieldtypeEmail', '1', '', '2020-02-05 09:51:13');
INSERT INTO `modules` (`id`, `class`, `flags`, `data`, `created`) VALUES('108', 'InputfieldURL', '0', '', '2020-02-05 09:51:13');
INSERT INTO `modules` (`id`, `class`, `flags`, `data`, `created`) VALUES('32', 'InputfieldSubmit', '0', '', '2020-02-05 09:51:13');
INSERT INTO `modules` (`id`, `class`, `flags`, `data`, `created`) VALUES('33', 'InputfieldWrapper', '0', '', '2020-02-05 09:51:13');
INSERT INTO `modules` (`id`, `class`, `flags`, `data`, `created`) VALUES('34', 'InputfieldText', '0', '', '2020-02-05 09:51:13');
INSERT INTO `modules` (`id`, `class`, `flags`, `data`, `created`) VALUES('35', 'InputfieldTextarea', '0', '', '2020-02-05 09:51:13');
INSERT INTO `modules` (`id`, `class`, `flags`, `data`, `created`) VALUES('36', 'InputfieldSelect', '0', '', '2020-02-05 09:51:13');
INSERT INTO `modules` (`id`, `class`, `flags`, `data`, `created`) VALUES('37', 'InputfieldCheckbox', '0', '', '2020-02-05 09:51:13');
INSERT INTO `modules` (`id`, `class`, `flags`, `data`, `created`) VALUES('38', 'InputfieldCheckboxes', '0', '', '2020-02-05 09:51:13');
INSERT INTO `modules` (`id`, `class`, `flags`, `data`, `created`) VALUES('39', 'InputfieldRadios', '0', '', '2020-02-05 09:51:13');
INSERT INTO `modules` (`id`, `class`, `flags`, `data`, `created`) VALUES('40', 'InputfieldHidden', '0', '', '2020-02-05 09:51:13');
INSERT INTO `modules` (`id`, `class`, `flags`, `data`, `created`) VALUES('41', 'InputfieldName', '0', '', '2020-02-05 09:51:13');
INSERT INTO `modules` (`id`, `class`, `flags`, `data`, `created`) VALUES('43', 'InputfieldSelectMultiple', '0', '', '2020-02-05 09:51:13');
INSERT INTO `modules` (`id`, `class`, `flags`, `data`, `created`) VALUES('45', 'JqueryWireTabs', '0', '', '2020-02-05 09:51:13');
INSERT INTO `modules` (`id`, `class`, `flags`, `data`, `created`) VALUES('46', 'ProcessPage', '0', '', '2020-02-05 09:51:13');
INSERT INTO `modules` (`id`, `class`, `flags`, `data`, `created`) VALUES('47', 'ProcessTemplate', '0', '', '2020-02-05 09:51:13');
INSERT INTO `modules` (`id`, `class`, `flags`, `data`, `created`) VALUES('48', 'ProcessField', '32', '', '2020-02-05 09:51:13');
INSERT INTO `modules` (`id`, `class`, `flags`, `data`, `created`) VALUES('50', 'ProcessModule', '0', '', '2020-02-05 09:51:13');
INSERT INTO `modules` (`id`, `class`, `flags`, `data`, `created`) VALUES('114', 'PagePermissions', '3', '', '2020-02-05 09:51:13');
INSERT INTO `modules` (`id`, `class`, `flags`, `data`, `created`) VALUES('97', 'FieldtypeCheckbox', '1', '', '2020-02-05 09:51:13');
INSERT INTO `modules` (`id`, `class`, `flags`, `data`, `created`) VALUES('115', 'PageRender', '3', '{\"clearCache\":1}', '2020-02-05 09:51:13');
INSERT INTO `modules` (`id`, `class`, `flags`, `data`, `created`) VALUES('55', 'InputfieldFile', '0', '', '2020-02-05 09:51:13');
INSERT INTO `modules` (`id`, `class`, `flags`, `data`, `created`) VALUES('56', 'InputfieldImage', '0', '', '2020-02-05 09:51:13');
INSERT INTO `modules` (`id`, `class`, `flags`, `data`, `created`) VALUES('57', 'FieldtypeImage', '1', '', '2020-02-05 09:51:13');
INSERT INTO `modules` (`id`, `class`, `flags`, `data`, `created`) VALUES('60', 'InputfieldPage', '0', '{\"inputfieldClasses\":[\"InputfieldSelect\",\"InputfieldSelectMultiple\",\"InputfieldCheckboxes\",\"InputfieldRadios\",\"InputfieldAsmSelect\",\"InputfieldPageListSelect\",\"InputfieldPageListSelectMultiple\"]}', '2020-02-05 09:51:13');
INSERT INTO `modules` (`id`, `class`, `flags`, `data`, `created`) VALUES('61', 'TextformatterEntities', '0', '', '2020-02-05 09:51:13');
INSERT INTO `modules` (`id`, `class`, `flags`, `data`, `created`) VALUES('66', 'ProcessUser', '0', '{\"showFields\":[\"name\",\"email\",\"roles\"]}', '2020-02-05 09:51:13');
INSERT INTO `modules` (`id`, `class`, `flags`, `data`, `created`) VALUES('67', 'MarkupAdminDataTable', '0', '', '2020-02-05 09:51:13');
INSERT INTO `modules` (`id`, `class`, `flags`, `data`, `created`) VALUES('68', 'ProcessRole', '0', '{\"showFields\":[\"name\"]}', '2020-02-05 09:51:13');
INSERT INTO `modules` (`id`, `class`, `flags`, `data`, `created`) VALUES('76', 'ProcessList', '0', '', '2020-02-05 09:51:13');
INSERT INTO `modules` (`id`, `class`, `flags`, `data`, `created`) VALUES('78', 'InputfieldFieldset', '0', '', '2020-02-05 09:51:13');
INSERT INTO `modules` (`id`, `class`, `flags`, `data`, `created`) VALUES('79', 'InputfieldMarkup', '0', '', '2020-02-05 09:51:13');
INSERT INTO `modules` (`id`, `class`, `flags`, `data`, `created`) VALUES('80', 'InputfieldEmail', '0', '', '2020-02-05 09:51:13');
INSERT INTO `modules` (`id`, `class`, `flags`, `data`, `created`) VALUES('89', 'FieldtypeFloat', '1', '', '2020-02-05 09:51:13');
INSERT INTO `modules` (`id`, `class`, `flags`, `data`, `created`) VALUES('83', 'ProcessPageView', '0', '', '2020-02-05 09:51:13');
INSERT INTO `modules` (`id`, `class`, `flags`, `data`, `created`) VALUES('84', 'FieldtypeInteger', '0', '', '2020-02-05 09:51:13');
INSERT INTO `modules` (`id`, `class`, `flags`, `data`, `created`) VALUES('85', 'InputfieldInteger', '0', '', '2020-02-05 09:51:13');
INSERT INTO `modules` (`id`, `class`, `flags`, `data`, `created`) VALUES('86', 'InputfieldPageName', '0', '', '2020-02-05 09:51:13');
INSERT INTO `modules` (`id`, `class`, `flags`, `data`, `created`) VALUES('87', 'ProcessHome', '0', '', '2020-02-05 09:51:13');
INSERT INTO `modules` (`id`, `class`, `flags`, `data`, `created`) VALUES('90', 'InputfieldFloat', '0', '', '2020-02-05 09:51:13');
INSERT INTO `modules` (`id`, `class`, `flags`, `data`, `created`) VALUES('94', 'InputfieldDatetime', '0', '', '2020-02-05 09:51:13');
INSERT INTO `modules` (`id`, `class`, `flags`, `data`, `created`) VALUES('98', 'MarkupPagerNav', '0', '', '2020-02-05 09:51:13');
INSERT INTO `modules` (`id`, `class`, `flags`, `data`, `created`) VALUES('129', 'ProcessPageEditImageSelect', '1', '', '2020-02-05 09:51:13');
INSERT INTO `modules` (`id`, `class`, `flags`, `data`, `created`) VALUES('103', 'JqueryTableSorter', '1', '', '2020-02-05 09:51:13');
INSERT INTO `modules` (`id`, `class`, `flags`, `data`, `created`) VALUES('104', 'ProcessPageSearch', '1', '{\"searchFields\":\"title\",\"displayField\":\"title path\"}', '2020-02-05 09:51:13');
INSERT INTO `modules` (`id`, `class`, `flags`, `data`, `created`) VALUES('105', 'FieldtypeFieldsetOpen', '1', '', '2020-02-05 09:51:13');
INSERT INTO `modules` (`id`, `class`, `flags`, `data`, `created`) VALUES('106', 'FieldtypeFieldsetClose', '1', '', '2020-02-05 09:51:13');
INSERT INTO `modules` (`id`, `class`, `flags`, `data`, `created`) VALUES('107', 'FieldtypeFieldsetTabOpen', '1', '', '2020-02-05 09:51:13');
INSERT INTO `modules` (`id`, `class`, `flags`, `data`, `created`) VALUES('109', 'ProcessPageTrash', '1', '', '2020-02-05 09:51:13');
INSERT INTO `modules` (`id`, `class`, `flags`, `data`, `created`) VALUES('111', 'FieldtypePageTitle', '1', '', '2020-02-05 09:51:13');
INSERT INTO `modules` (`id`, `class`, `flags`, `data`, `created`) VALUES('112', 'InputfieldPageTitle', '0', '', '2020-02-05 09:51:13');
INSERT INTO `modules` (`id`, `class`, `flags`, `data`, `created`) VALUES('113', 'MarkupPageArray', '3', '', '2020-02-05 09:51:13');
INSERT INTO `modules` (`id`, `class`, `flags`, `data`, `created`) VALUES('131', 'InputfieldButton', '0', '', '2020-02-05 09:51:13');
INSERT INTO `modules` (`id`, `class`, `flags`, `data`, `created`) VALUES('133', 'FieldtypePassword', '1', '', '2020-02-05 09:51:13');
INSERT INTO `modules` (`id`, `class`, `flags`, `data`, `created`) VALUES('134', 'ProcessPageType', '33', '{\"showFields\":[]}', '2020-02-05 09:51:13');
INSERT INTO `modules` (`id`, `class`, `flags`, `data`, `created`) VALUES('135', 'FieldtypeURL', '1', '', '2020-02-05 09:51:13');
INSERT INTO `modules` (`id`, `class`, `flags`, `data`, `created`) VALUES('136', 'ProcessPermission', '1', '{\"showFields\":[\"name\",\"title\"]}', '2020-02-05 09:51:13');
INSERT INTO `modules` (`id`, `class`, `flags`, `data`, `created`) VALUES('137', 'InputfieldPageListSelectMultiple', '0', '', '2020-02-05 09:51:13');
INSERT INTO `modules` (`id`, `class`, `flags`, `data`, `created`) VALUES('138', 'ProcessProfile', '1', '{\"profileFields\":[\"pass\",\"email\",\"language\",\"admin_theme\"]}', '2020-02-05 09:51:13');
INSERT INTO `modules` (`id`, `class`, `flags`, `data`, `created`) VALUES('139', 'SystemUpdater', '1', '{\"systemVersion\":17,\"coreVersion\":\"3.0.148\"}', '2020-02-05 09:51:13');
INSERT INTO `modules` (`id`, `class`, `flags`, `data`, `created`) VALUES('148', 'AdminThemeDefault', '10', '{\"colors\":\"classic\"}', '2020-02-05 09:51:13');
INSERT INTO `modules` (`id`, `class`, `flags`, `data`, `created`) VALUES('149', 'InputfieldSelector', '42', '', '2020-02-05 09:51:13');
INSERT INTO `modules` (`id`, `class`, `flags`, `data`, `created`) VALUES('150', 'ProcessPageLister', '32', '', '2020-02-05 09:51:13');
INSERT INTO `modules` (`id`, `class`, `flags`, `data`, `created`) VALUES('151', 'JqueryMagnific', '1', '', '2020-02-05 09:51:13');
INSERT INTO `modules` (`id`, `class`, `flags`, `data`, `created`) VALUES('152', 'PagePathHistory', '3', '', '2020-02-05 09:51:13');
INSERT INTO `modules` (`id`, `class`, `flags`, `data`, `created`) VALUES('155', 'InputfieldCKEditor', '0', '', '2020-02-05 09:51:13');
INSERT INTO `modules` (`id`, `class`, `flags`, `data`, `created`) VALUES('156', 'MarkupHTMLPurifier', '0', '', '2020-02-05 09:51:13');
INSERT INTO `modules` (`id`, `class`, `flags`, `data`, `created`) VALUES('158', 'LanguageSupport', '35', '{\"languagesPageID\":1009,\"defaultLanguagePageID\":1010,\"otherLanguagePageIDs\":[1012,1013],\"languageTranslatorPageID\":1011}', '2020-02-05 09:51:13');
INSERT INTO `modules` (`id`, `class`, `flags`, `data`, `created`) VALUES('159', 'ProcessLanguage', '1', '', '2020-02-05 09:51:13');
INSERT INTO `modules` (`id`, `class`, `flags`, `data`, `created`) VALUES('160', 'ProcessLanguageTranslator', '1', '', '2020-02-05 09:51:13');
INSERT INTO `modules` (`id`, `class`, `flags`, `data`, `created`) VALUES('161', 'LanguageSupportFields', '3', '', '2020-02-05 09:51:13');
INSERT INTO `modules` (`id`, `class`, `flags`, `data`, `created`) VALUES('162', 'FieldtypeTextLanguage', '1', '', '2020-02-05 09:51:13');
INSERT INTO `modules` (`id`, `class`, `flags`, `data`, `created`) VALUES('163', 'FieldtypePageTitleLanguage', '1', '', '2020-02-05 09:51:13');
INSERT INTO `modules` (`id`, `class`, `flags`, `data`, `created`) VALUES('164', 'FieldtypeTextareaLanguage', '1', '', '2020-02-05 09:51:13');
INSERT INTO `modules` (`id`, `class`, `flags`, `data`, `created`) VALUES('165', 'LanguageSupportPageNames', '3', '{\"moduleVersion\":10,\"pageNumUrlPrefix1010\":\"page\",\"useHomeSegment\":0}', '2020-02-05 09:51:13');
INSERT INTO `modules` (`id`, `class`, `flags`, `data`, `created`) VALUES('166', 'LanguageTabs', '11', '', '2020-02-05 09:51:13');
INSERT INTO `modules` (`id`, `class`, `flags`, `data`, `created`) VALUES('168', 'ProcessRecentPages', '1', '', '2020-02-05 09:51:29');
INSERT INTO `modules` (`id`, `class`, `flags`, `data`, `created`) VALUES('169', 'AdminThemeUikit', '10', '', '2020-02-05 09:51:30');
INSERT INTO `modules` (`id`, `class`, `flags`, `data`, `created`) VALUES('170', 'ProcessLogger', '1', '', '2020-02-05 09:51:35');
INSERT INTO `modules` (`id`, `class`, `flags`, `data`, `created`) VALUES('171', 'InputfieldIcon', '0', '', '2020-02-05 09:51:35');
INSERT INTO `modules` (`id`, `class`, `flags`, `data`, `created`) VALUES('172', 'FieldtypeRepeater', '35', '{\"repeatersRootPageID\":1027,\"uninstall\":\"\",\"submit_save_module\":\"Submit\"}', '2020-04-20 08:38:23');
INSERT INTO `modules` (`id`, `class`, `flags`, `data`, `created`) VALUES('173', 'InputfieldRepeater', '0', '', '2020-04-20 08:38:23');
INSERT INTO `modules` (`id`, `class`, `flags`, `data`, `created`) VALUES('174', 'ProcessDatabaseBackups', '1', '', '2020-04-20 11:47:22');

DROP TABLE IF EXISTS `page_path_history`;
CREATE TABLE `page_path_history` (
  `path` varchar(250) NOT NULL,
  `pages_id` int(10) unsigned NOT NULL,
  `created` timestamp NOT NULL DEFAULT current_timestamp() ON UPDATE current_timestamp(),
  `language_id` int(10) unsigned DEFAULT 0,
  PRIMARY KEY (`path`),
  KEY `pages_id` (`pages_id`),
  KEY `created` (`created`)
) ENGINE=MyISAM DEFAULT CHARSET=utf8mb4;

INSERT INTO `page_path_history` (`path`, `pages_id`, `created`, `language_id`) VALUES('/de/uber/unterseite-seite-beispiel-1', '1002', '2020-04-15 11:32:43', '1012');
INSERT INTO `page_path_history` (`path`, `pages_id`, `created`, `language_id`) VALUES('/fi/tietoja/alasivu-sivu-esimerkki-1', '1002', '2020-04-15 11:32:43', '1013');
INSERT INTO `page_path_history` (`path`, `pages_id`, `created`, `language_id`) VALUES('/en/about/child-page-example-1', '1002', '2020-04-15 11:32:43', '0');
INSERT INTO `page_path_history` (`path`, `pages_id`, `created`, `language_id`) VALUES('/de/uber/unterseite-beispiel-2', '1004', '2020-04-15 11:33:21', '1012');
INSERT INTO `page_path_history` (`path`, `pages_id`, `created`, `language_id`) VALUES('/fi/tietoja/alasivu-esimerkki-2', '1004', '2020-04-15 11:33:21', '1013');
INSERT INTO `page_path_history` (`path`, `pages_id`, `created`, `language_id`) VALUES('/en/about/child-page-example-2', '1004', '2020-04-15 11:33:21', '0');

DROP TABLE IF EXISTS `pages`;
CREATE TABLE `pages` (
  `id` int(10) unsigned NOT NULL AUTO_INCREMENT,
  `parent_id` int(11) unsigned NOT NULL DEFAULT 0,
  `templates_id` int(11) unsigned NOT NULL DEFAULT 0,
  `name` varchar(128) CHARACTER SET ascii NOT NULL,
  `status` int(10) unsigned NOT NULL DEFAULT 1,
  `modified` timestamp NOT NULL DEFAULT current_timestamp(),
  `modified_users_id` int(10) unsigned NOT NULL DEFAULT 2,
  `created` timestamp NOT NULL DEFAULT '2015-12-18 06:09:00',
  `created_users_id` int(10) unsigned NOT NULL DEFAULT 2,
  `published` datetime DEFAULT NULL,
  `sort` int(11) NOT NULL DEFAULT 0,
  `name1012` varchar(128) CHARACTER SET ascii DEFAULT NULL,
  `status1012` int(10) unsigned NOT NULL DEFAULT 1,
  `name1013` varchar(128) CHARACTER SET ascii DEFAULT NULL,
  `status1013` int(10) unsigned NOT NULL DEFAULT 1,
  PRIMARY KEY (`id`),
  UNIQUE KEY `name_parent_id` (`name`,`parent_id`),
  UNIQUE KEY `name1012_parent_id` (`name1012`,`parent_id`),
  UNIQUE KEY `name1013_parent_id` (`name1013`,`parent_id`),
  KEY `parent_id` (`parent_id`),
  KEY `templates_id` (`templates_id`),
  KEY `modified` (`modified`),
  KEY `created` (`created`),
  KEY `status` (`status`),
  KEY `published` (`published`)
) ENGINE=MyISAM AUTO_INCREMENT=1050 DEFAULT CHARSET=utf8mb4;

INSERT INTO `pages` (`id`, `parent_id`, `templates_id`, `name`, `status`, `modified`, `modified_users_id`, `created`, `created_users_id`, `published`, `sort`, `name1012`, `status1012`, `name1013`, `status1013`) VALUES('1', '0', '1', 'en', '9', '2020-04-20 11:30:19', '41', '2020-02-05 09:51:13', '2', '2020-02-05 09:51:13', '0', 'de', '1', 'fi', '1');
INSERT INTO `pages` (`id`, `parent_id`, `templates_id`, `name`, `status`, `modified`, `modified_users_id`, `created`, `created_users_id`, `published`, `sort`, `name1012`, `status1012`, `name1013`, `status1013`) VALUES('2', '1', '2', 'admin', '1035', '2020-02-05 09:51:30', '40', '2020-02-05 09:51:13', '2', '2020-02-05 09:51:13', '8', NULL, '1', NULL, '1');
INSERT INTO `pages` (`id`, `parent_id`, `templates_id`, `name`, `status`, `modified`, `modified_users_id`, `created`, `created_users_id`, `published`, `sort`, `name1012`, `status1012`, `name1013`, `status1013`) VALUES('3', '2', '2', 'page', '21', '2020-02-05 09:51:13', '41', '2020-02-05 09:51:13', '2', '2020-02-05 09:51:13', '0', NULL, '1', NULL, '1');
INSERT INTO `pages` (`id`, `parent_id`, `templates_id`, `name`, `status`, `modified`, `modified_users_id`, `created`, `created_users_id`, `published`, `sort`, `name1012`, `status1012`, `name1013`, `status1013`) VALUES('6', '3', '2', 'add', '21', '2020-02-05 09:51:39', '40', '2020-02-05 09:51:13', '2', '2020-02-05 09:51:13', '1', NULL, '1', NULL, '1');
INSERT INTO `pages` (`id`, `parent_id`, `templates_id`, `name`, `status`, `modified`, `modified_users_id`, `created`, `created_users_id`, `published`, `sort`, `name1012`, `status1012`, `name1013`, `status1013`) VALUES('7', '1', '2', 'trash', '1039', '2020-02-05 09:51:13', '41', '2020-02-05 09:51:13', '2', '2020-02-05 09:51:13', '9', NULL, '1', NULL, '1');
INSERT INTO `pages` (`id`, `parent_id`, `templates_id`, `name`, `status`, `modified`, `modified_users_id`, `created`, `created_users_id`, `published`, `sort`, `name1012`, `status1012`, `name1013`, `status1013`) VALUES('8', '3', '2', 'list', '21', '2020-02-05 09:51:41', '41', '2020-02-05 09:51:13', '2', '2020-02-05 09:51:13', '0', NULL, '1', NULL, '1');
INSERT INTO `pages` (`id`, `parent_id`, `templates_id`, `name`, `status`, `modified`, `modified_users_id`, `created`, `created_users_id`, `published`, `sort`, `name1012`, `status1012`, `name1013`, `status1013`) VALUES('9', '3', '2', 'sort', '1047', '2020-02-05 09:51:13', '41', '2020-02-05 09:51:13', '2', '2020-02-05 09:51:13', '3', NULL, '1', NULL, '1');
INSERT INTO `pages` (`id`, `parent_id`, `templates_id`, `name`, `status`, `modified`, `modified_users_id`, `created`, `created_users_id`, `published`, `sort`, `name1012`, `status1012`, `name1013`, `status1013`) VALUES('10', '3', '2', 'edit', '1045', '2020-02-05 09:51:40', '41', '2020-02-05 09:51:13', '2', '2020-02-05 09:51:13', '4', NULL, '1', NULL, '1');
INSERT INTO `pages` (`id`, `parent_id`, `templates_id`, `name`, `status`, `modified`, `modified_users_id`, `created`, `created_users_id`, `published`, `sort`, `name1012`, `status1012`, `name1013`, `status1013`) VALUES('11', '22', '2', 'template', '21', '2020-02-05 09:51:13', '41', '2020-02-05 09:51:13', '2', '2020-02-05 09:51:13', '0', NULL, '1', NULL, '1');
INSERT INTO `pages` (`id`, `parent_id`, `templates_id`, `name`, `status`, `modified`, `modified_users_id`, `created`, `created_users_id`, `published`, `sort`, `name1012`, `status1012`, `name1013`, `status1013`) VALUES('16', '22', '2', 'field', '21', '2020-02-05 09:51:13', '41', '2020-02-05 09:51:13', '2', '2020-02-05 09:51:13', '2', NULL, '1', NULL, '1');
INSERT INTO `pages` (`id`, `parent_id`, `templates_id`, `name`, `status`, `modified`, `modified_users_id`, `created`, `created_users_id`, `published`, `sort`, `name1012`, `status1012`, `name1013`, `status1013`) VALUES('21', '2', '2', 'module', '21', '2020-02-05 09:51:13', '41', '2020-02-05 09:51:13', '2', '2020-02-05 09:51:13', '2', NULL, '1', NULL, '1');
INSERT INTO `pages` (`id`, `parent_id`, `templates_id`, `name`, `status`, `modified`, `modified_users_id`, `created`, `created_users_id`, `published`, `sort`, `name1012`, `status1012`, `name1013`, `status1013`) VALUES('22', '2', '2', 'setup', '21', '2020-02-05 09:51:13', '41', '2020-02-05 09:51:13', '2', '2020-02-05 09:51:13', '1', NULL, '1', NULL, '1');
INSERT INTO `pages` (`id`, `parent_id`, `templates_id`, `name`, `status`, `modified`, `modified_users_id`, `created`, `created_users_id`, `published`, `sort`, `name1012`, `status1012`, `name1013`, `status1013`) VALUES('23', '2', '2', 'login', '1035', '2020-02-05 09:51:13', '41', '2020-02-05 09:51:13', '2', '2020-02-05 09:51:13', '4', NULL, '1', NULL, '1');
INSERT INTO `pages` (`id`, `parent_id`, `templates_id`, `name`, `status`, `modified`, `modified_users_id`, `created`, `created_users_id`, `published`, `sort`, `name1012`, `status1012`, `name1013`, `status1013`) VALUES('27', '1', '29', 'http404', '1035', '2020-02-05 09:51:13', '41', '2020-02-05 09:51:13', '3', '2020-02-05 09:51:13', '7', NULL, '1', NULL, '1');
INSERT INTO `pages` (`id`, `parent_id`, `templates_id`, `name`, `status`, `modified`, `modified_users_id`, `created`, `created_users_id`, `published`, `sort`, `name1012`, `status1012`, `name1013`, `status1013`) VALUES('28', '2', '2', 'access', '13', '2020-02-05 09:51:13', '41', '2020-02-05 09:51:13', '2', '2020-02-05 09:51:13', '3', NULL, '1', NULL, '1');
INSERT INTO `pages` (`id`, `parent_id`, `templates_id`, `name`, `status`, `modified`, `modified_users_id`, `created`, `created_users_id`, `published`, `sort`, `name1012`, `status1012`, `name1013`, `status1013`) VALUES('29', '28', '2', 'users', '29', '2020-02-05 09:51:13', '41', '2020-02-05 09:51:13', '2', '2020-02-05 09:51:13', '0', NULL, '1', NULL, '1');
INSERT INTO `pages` (`id`, `parent_id`, `templates_id`, `name`, `status`, `modified`, `modified_users_id`, `created`, `created_users_id`, `published`, `sort`, `name1012`, `status1012`, `name1013`, `status1013`) VALUES('30', '28', '2', 'roles', '29', '2020-02-05 09:51:13', '41', '2020-02-05 09:51:13', '2', '2020-02-05 09:51:13', '1', NULL, '1', NULL, '1');
INSERT INTO `pages` (`id`, `parent_id`, `templates_id`, `name`, `status`, `modified`, `modified_users_id`, `created`, `created_users_id`, `published`, `sort`, `name1012`, `status1012`, `name1013`, `status1013`) VALUES('31', '28', '2', 'permissions', '29', '2020-02-05 09:51:13', '41', '2020-02-05 09:51:13', '2', '2020-02-05 09:51:13', '2', NULL, '1', NULL, '1');
INSERT INTO `pages` (`id`, `parent_id`, `templates_id`, `name`, `status`, `modified`, `modified_users_id`, `created`, `created_users_id`, `published`, `sort`, `name1012`, `status1012`, `name1013`, `status1013`) VALUES('32', '31', '5', 'page-edit', '25', '2020-02-05 09:51:13', '41', '2020-02-05 09:51:13', '2', '2020-02-05 09:51:13', '2', NULL, '1', NULL, '1');
INSERT INTO `pages` (`id`, `parent_id`, `templates_id`, `name`, `status`, `modified`, `modified_users_id`, `created`, `created_users_id`, `published`, `sort`, `name1012`, `status1012`, `name1013`, `status1013`) VALUES('34', '31', '5', 'page-delete', '25', '2020-02-05 09:51:13', '41', '2020-02-05 09:51:13', '2', '2020-02-05 09:51:13', '3', NULL, '1', NULL, '1');
INSERT INTO `pages` (`id`, `parent_id`, `templates_id`, `name`, `status`, `modified`, `modified_users_id`, `created`, `created_users_id`, `published`, `sort`, `name1012`, `status1012`, `name1013`, `status1013`) VALUES('35', '31', '5', 'page-move', '25', '2020-02-05 09:51:13', '41', '2020-02-05 09:51:13', '2', '2020-02-05 09:51:13', '4', NULL, '1', NULL, '1');
INSERT INTO `pages` (`id`, `parent_id`, `templates_id`, `name`, `status`, `modified`, `modified_users_id`, `created`, `created_users_id`, `published`, `sort`, `name1012`, `status1012`, `name1013`, `status1013`) VALUES('36', '31', '5', 'page-view', '25', '2020-02-05 09:51:13', '41', '2020-02-05 09:51:13', '2', '2020-02-05 09:51:13', '0', NULL, '1', NULL, '1');
INSERT INTO `pages` (`id`, `parent_id`, `templates_id`, `name`, `status`, `modified`, `modified_users_id`, `created`, `created_users_id`, `published`, `sort`, `name1012`, `status1012`, `name1013`, `status1013`) VALUES('37', '30', '4', 'guest', '25', '2020-02-05 09:51:13', '41', '2020-02-05 09:51:13', '2', '2020-02-05 09:51:13', '0', NULL, '1', NULL, '1');
INSERT INTO `pages` (`id`, `parent_id`, `templates_id`, `name`, `status`, `modified`, `modified_users_id`, `created`, `created_users_id`, `published`, `sort`, `name1012`, `status1012`, `name1013`, `status1013`) VALUES('38', '30', '4', 'superuser', '25', '2020-02-05 09:51:13', '41', '2020-02-05 09:51:13', '2', '2020-02-05 09:51:13', '1', NULL, '1', NULL, '1');
INSERT INTO `pages` (`id`, `parent_id`, `templates_id`, `name`, `status`, `modified`, `modified_users_id`, `created`, `created_users_id`, `published`, `sort`, `name1012`, `status1012`, `name1013`, `status1013`) VALUES('41', '29', '3', 'admin', '1', '2020-02-05 09:51:30', '40', '2020-02-05 09:51:13', '2', '2020-02-05 09:51:13', '0', NULL, '1', NULL, '1');
INSERT INTO `pages` (`id`, `parent_id`, `templates_id`, `name`, `status`, `modified`, `modified_users_id`, `created`, `created_users_id`, `published`, `sort`, `name1012`, `status1012`, `name1013`, `status1013`) VALUES('40', '29', '3', 'guest', '25', '2020-02-05 09:51:13', '41', '2020-02-05 09:51:13', '2', '2020-02-05 09:51:13', '1', NULL, '1', NULL, '1');
INSERT INTO `pages` (`id`, `parent_id`, `templates_id`, `name`, `status`, `modified`, `modified_users_id`, `created`, `created_users_id`, `published`, `sort`, `name1012`, `status1012`, `name1013`, `status1013`) VALUES('50', '31', '5', 'page-sort', '25', '2020-02-05 09:51:13', '41', '2020-02-05 09:51:13', '41', '2020-02-05 09:51:13', '5', NULL, '1', NULL, '1');
INSERT INTO `pages` (`id`, `parent_id`, `templates_id`, `name`, `status`, `modified`, `modified_users_id`, `created`, `created_users_id`, `published`, `sort`, `name1012`, `status1012`, `name1013`, `status1013`) VALUES('51', '31', '5', 'page-template', '25', '2020-02-05 09:51:13', '41', '2020-02-05 09:51:13', '41', '2020-02-05 09:51:13', '6', NULL, '1', NULL, '1');
INSERT INTO `pages` (`id`, `parent_id`, `templates_id`, `name`, `status`, `modified`, `modified_users_id`, `created`, `created_users_id`, `published`, `sort`, `name1012`, `status1012`, `name1013`, `status1013`) VALUES('52', '31', '5', 'user-admin', '25', '2020-02-05 09:51:13', '41', '2020-02-05 09:51:13', '41', '2020-02-05 09:51:13', '10', NULL, '1', NULL, '1');
INSERT INTO `pages` (`id`, `parent_id`, `templates_id`, `name`, `status`, `modified`, `modified_users_id`, `created`, `created_users_id`, `published`, `sort`, `name1012`, `status1012`, `name1013`, `status1013`) VALUES('53', '31', '5', 'profile-edit', '1', '2020-02-05 09:51:13', '41', '2020-02-05 09:51:13', '41', '2020-02-05 09:51:13', '13', NULL, '1', NULL, '1');
INSERT INTO `pages` (`id`, `parent_id`, `templates_id`, `name`, `status`, `modified`, `modified_users_id`, `created`, `created_users_id`, `published`, `sort`, `name1012`, `status1012`, `name1013`, `status1013`) VALUES('54', '31', '5', 'page-lock', '1', '2020-02-05 09:51:13', '41', '2020-02-05 09:51:13', '41', '2020-02-05 09:51:13', '8', NULL, '1', NULL, '1');
INSERT INTO `pages` (`id`, `parent_id`, `templates_id`, `name`, `status`, `modified`, `modified_users_id`, `created`, `created_users_id`, `published`, `sort`, `name1012`, `status1012`, `name1013`, `status1013`) VALUES('300', '3', '2', 'search', '1045', '2020-02-05 09:51:13', '41', '2020-02-05 09:51:13', '2', '2020-02-05 09:51:13', '6', NULL, '1', NULL, '1');
INSERT INTO `pages` (`id`, `parent_id`, `templates_id`, `name`, `status`, `modified`, `modified_users_id`, `created`, `created_users_id`, `published`, `sort`, `name1012`, `status1012`, `name1013`, `status1013`) VALUES('301', '3', '2', 'trash', '1047', '2020-02-05 09:51:13', '41', '2020-02-05 09:51:13', '2', '2020-02-05 09:51:13', '6', NULL, '1', NULL, '1');
INSERT INTO `pages` (`id`, `parent_id`, `templates_id`, `name`, `status`, `modified`, `modified_users_id`, `created`, `created_users_id`, `published`, `sort`, `name1012`, `status1012`, `name1013`, `status1013`) VALUES('302', '3', '2', 'link', '1041', '2020-02-05 09:51:13', '41', '2020-02-05 09:51:13', '2', '2020-02-05 09:51:13', '7', NULL, '1', NULL, '1');
INSERT INTO `pages` (`id`, `parent_id`, `templates_id`, `name`, `status`, `modified`, `modified_users_id`, `created`, `created_users_id`, `published`, `sort`, `name1012`, `status1012`, `name1013`, `status1013`) VALUES('303', '3', '2', 'image', '1041', '2020-02-05 09:51:13', '41', '2020-02-05 09:51:13', '2', '2020-02-05 09:51:13', '8', NULL, '1', NULL, '1');
INSERT INTO `pages` (`id`, `parent_id`, `templates_id`, `name`, `status`, `modified`, `modified_users_id`, `created`, `created_users_id`, `published`, `sort`, `name1012`, `status1012`, `name1013`, `status1013`) VALUES('304', '2', '2', 'profile', '1025', '2020-02-05 09:51:13', '41', '2020-02-05 09:51:13', '41', '2020-02-05 09:51:13', '5', NULL, '1', NULL, '1');
INSERT INTO `pages` (`id`, `parent_id`, `templates_id`, `name`, `status`, `modified`, `modified_users_id`, `created`, `created_users_id`, `published`, `sort`, `name1012`, `status1012`, `name1013`, `status1013`) VALUES('1000', '1', '26', 'search', '1025', '2020-04-15 11:34:23', '41', '2020-02-05 09:51:13', '2', '2020-02-05 09:51:13', '6', 'suche', '1', 'haku', '1');
INSERT INTO `pages` (`id`, `parent_id`, `templates_id`, `name`, `status`, `modified`, `modified_users_id`, `created`, `created_users_id`, `published`, `sort`, `name1012`, `status1012`, `name1013`, `status1013`) VALUES('1001', '1', '29', 'about', '1', '2020-04-20 11:32:05', '41', '2020-02-05 09:51:13', '2', '2020-02-05 09:51:13', '2', 'uber', '1', 'tietoja', '1');
INSERT INTO `pages` (`id`, `parent_id`, `templates_id`, `name`, `status`, `modified`, `modified_users_id`, `created`, `created_users_id`, `published`, `sort`, `name1012`, `status1012`, `name1013`, `status1013`) VALUES('1002', '1001', '29', 'manufactur', '1', '2020-04-15 11:32:43', '41', '2020-02-05 09:51:13', '2', '2020-02-05 09:51:13', '0', 'manufaktur', '1', NULL, '1');
INSERT INTO `pages` (`id`, `parent_id`, `templates_id`, `name`, `status`, `modified`, `modified_users_id`, `created`, `created_users_id`, `published`, `sort`, `name1012`, `status1012`, `name1013`, `status1013`) VALUES('1024', '1001', '29', 'team', '1', '2020-04-15 11:33:37', '41', '2020-04-15 11:33:35', '41', '2020-04-15 11:33:37', '2', NULL, '1', NULL, '1');
INSERT INTO `pages` (`id`, `parent_id`, `templates_id`, `name`, `status`, `modified`, `modified_users_id`, `created`, `created_users_id`, `published`, `sort`, `name1012`, `status1012`, `name1013`, `status1013`) VALUES('1004', '1001', '29', 'history', '1', '2020-04-15 11:33:21', '41', '2020-02-05 09:51:13', '2', '2020-02-05 09:51:13', '1', 'geschichte', '1', NULL, '1');
INSERT INTO `pages` (`id`, `parent_id`, `templates_id`, `name`, `status`, `modified`, `modified_users_id`, `created`, `created_users_id`, `published`, `sort`, `name1012`, `status1012`, `name1013`, `status1013`) VALUES('1005', '1', '34', 'site-map', '1025', '2020-04-15 11:34:27', '41', '2020-02-05 09:51:13', '2', '2020-02-05 09:51:13', '5', 'sitemap', '1', 'sivukartta', '1');
INSERT INTO `pages` (`id`, `parent_id`, `templates_id`, `name`, `status`, `modified`, `modified_users_id`, `created`, `created_users_id`, `published`, `sort`, `name1012`, `status1012`, `name1013`, `status1013`) VALUES('1006', '31', '5', 'page-lister', '1', '2020-02-05 09:51:13', '40', '2020-02-05 09:51:13', '40', '2020-02-05 09:51:13', '9', NULL, '1', NULL, '1');
INSERT INTO `pages` (`id`, `parent_id`, `templates_id`, `name`, `status`, `modified`, `modified_users_id`, `created`, `created_users_id`, `published`, `sort`, `name1012`, `status1012`, `name1013`, `status1013`) VALUES('1007', '3', '2', 'lister', '1', '2020-02-05 09:51:13', '40', '2020-02-05 09:51:13', '40', '2020-02-05 09:51:13', '9', NULL, '1', NULL, '1');
INSERT INTO `pages` (`id`, `parent_id`, `templates_id`, `name`, `status`, `modified`, `modified_users_id`, `created`, `created_users_id`, `published`, `sort`, `name1012`, `status1012`, `name1013`, `status1013`) VALUES('1009', '22', '2', 'languages', '16', '2020-02-05 09:51:13', '41', '2020-02-05 09:51:13', '41', '2020-02-05 09:51:13', '2', NULL, '1', NULL, '1');
INSERT INTO `pages` (`id`, `parent_id`, `templates_id`, `name`, `status`, `modified`, `modified_users_id`, `created`, `created_users_id`, `published`, `sort`, `name1012`, `status1012`, `name1013`, `status1013`) VALUES('1010', '1009', '43', 'default', '16', '2020-02-05 09:51:13', '41', '2020-02-05 09:51:13', '41', '2020-02-05 09:51:13', '0', NULL, '1', NULL, '1');
INSERT INTO `pages` (`id`, `parent_id`, `templates_id`, `name`, `status`, `modified`, `modified_users_id`, `created`, `created_users_id`, `published`, `sort`, `name1012`, `status1012`, `name1013`, `status1013`) VALUES('1011', '22', '2', 'language-translator', '1040', '2020-02-05 09:51:13', '41', '2020-02-05 09:51:13', '41', '2020-02-05 09:51:13', '3', NULL, '1', NULL, '1');
INSERT INTO `pages` (`id`, `parent_id`, `templates_id`, `name`, `status`, `modified`, `modified_users_id`, `created`, `created_users_id`, `published`, `sort`, `name1012`, `status1012`, `name1013`, `status1013`) VALUES('1012', '1009', '43', 'de', '1', '2020-02-05 09:51:13', '41', '2020-02-05 09:51:13', '41', '2020-02-05 09:51:13', '1', NULL, '1', NULL, '1');
INSERT INTO `pages` (`id`, `parent_id`, `templates_id`, `name`, `status`, `modified`, `modified_users_id`, `created`, `created_users_id`, `published`, `sort`, `name1012`, `status1012`, `name1013`, `status1013`) VALUES('1013', '1009', '43', 'fi', '1', '2020-02-05 09:51:13', '41', '2020-02-05 09:51:13', '41', '2020-02-05 09:51:13', '2', NULL, '1', NULL, '1');
INSERT INTO `pages` (`id`, `parent_id`, `templates_id`, `name`, `status`, `modified`, `modified_users_id`, `created`, `created_users_id`, `published`, `sort`, `name1012`, `status1012`, `name1013`, `status1013`) VALUES('1015', '3', '2', 'recent-pages', '1', '2020-02-05 09:51:29', '40', '2020-02-05 09:51:29', '40', '2020-02-05 09:51:29', '10', NULL, '0', NULL, '0');
INSERT INTO `pages` (`id`, `parent_id`, `templates_id`, `name`, `status`, `modified`, `modified_users_id`, `created`, `created_users_id`, `published`, `sort`, `name1012`, `status1012`, `name1013`, `status1013`) VALUES('1016', '31', '5', 'page-edit-recent', '1', '2020-02-05 09:51:29', '40', '2020-02-05 09:51:29', '40', '2020-02-05 09:51:29', '10', NULL, '1', NULL, '1');
INSERT INTO `pages` (`id`, `parent_id`, `templates_id`, `name`, `status`, `modified`, `modified_users_id`, `created`, `created_users_id`, `published`, `sort`, `name1012`, `status1012`, `name1013`, `status1013`) VALUES('1017', '22', '2', 'logs', '1', '2020-02-05 09:51:35', '40', '2020-02-05 09:51:35', '40', '2020-02-05 09:51:35', '4', NULL, '0', NULL, '0');
INSERT INTO `pages` (`id`, `parent_id`, `templates_id`, `name`, `status`, `modified`, `modified_users_id`, `created`, `created_users_id`, `published`, `sort`, `name1012`, `status1012`, `name1013`, `status1013`) VALUES('1018', '31', '5', 'logs-view', '1', '2020-02-05 09:51:35', '40', '2020-02-05 09:51:35', '40', '2020-02-05 09:51:35', '11', NULL, '1', NULL, '1');
INSERT INTO `pages` (`id`, `parent_id`, `templates_id`, `name`, `status`, `modified`, `modified_users_id`, `created`, `created_users_id`, `published`, `sort`, `name1012`, `status1012`, `name1013`, `status1013`) VALUES('1019', '31', '5', 'logs-edit', '1', '2020-02-05 09:51:35', '40', '2020-02-05 09:51:35', '40', '2020-02-05 09:51:35', '12', NULL, '1', NULL, '1');
INSERT INTO `pages` (`id`, `parent_id`, `templates_id`, `name`, `status`, `modified`, `modified_users_id`, `created`, `created_users_id`, `published`, `sort`, `name1012`, `status1012`, `name1013`, `status1013`) VALUES('1020', '1', '29', 'shop', '1', '2020-04-15 11:34:36', '41', '2020-04-15 11:31:08', '41', '2020-04-15 11:31:17', '0', NULL, '1', NULL, '1');
INSERT INTO `pages` (`id`, `parent_id`, `templates_id`, `name`, `status`, `modified`, `modified_users_id`, `created`, `created_users_id`, `published`, `sort`, `name1012`, `status1012`, `name1013`, `status1013`) VALUES('1021', '1', '29', 'boards', '1', '2020-04-15 11:34:12', '41', '2020-04-15 11:31:23', '41', '2020-04-15 11:31:43', '1', NULL, '1', NULL, '1');
INSERT INTO `pages` (`id`, `parent_id`, `templates_id`, `name`, `status`, `modified`, `modified_users_id`, `created`, `created_users_id`, `published`, `sort`, `name1012`, `status1012`, `name1013`, `status1013`) VALUES('1022', '1021', '29', 'twin-tips', '1', '2020-04-15 11:31:46', '41', '2020-04-15 11:31:36', '41', '2020-04-15 11:31:46', '0', NULL, '1', NULL, '1');
INSERT INTO `pages` (`id`, `parent_id`, `templates_id`, `name`, `status`, `modified`, `modified_users_id`, `created`, `created_users_id`, `published`, `sort`, `name1012`, `status1012`, `name1013`, `status1013`) VALUES('1023', '1021', '29', 'skimboards', '1', '2020-04-15 11:31:59', '41', '2020-04-15 11:31:57', '41', '2020-04-15 11:31:59', '1', NULL, '1', NULL, '1');
INSERT INTO `pages` (`id`, `parent_id`, `templates_id`, `name`, `status`, `modified`, `modified_users_id`, `created`, `created_users_id`, `published`, `sort`, `name1012`, `status1012`, `name1013`, `status1013`) VALUES('1025', '1', '29', 'blog', '2049', '2020-04-20 11:00:38', '41', '2020-04-15 11:33:54', '41', '2020-04-15 11:33:57', '3', NULL, '1', NULL, '1');
INSERT INTO `pages` (`id`, `parent_id`, `templates_id`, `name`, `status`, `modified`, `modified_users_id`, `created`, `created_users_id`, `published`, `sort`, `name1012`, `status1012`, `name1013`, `status1013`) VALUES('1026', '1', '29', 'contact', '1', '2020-04-15 11:35:00', '41', '2020-04-15 11:34:51', '41', '2020-04-15 11:34:53', '4', NULL, '1', NULL, '1');
INSERT INTO `pages` (`id`, `parent_id`, `templates_id`, `name`, `status`, `modified`, `modified_users_id`, `created`, `created_users_id`, `published`, `sort`, `name1012`, `status1012`, `name1013`, `status1013`) VALUES('1027', '2', '2', 'repeaters', '1036', '2020-04-20 08:38:23', '41', '2020-04-20 08:38:23', '41', '2020-04-20 08:38:23', '6', NULL, '0', NULL, '0');
INSERT INTO `pages` (`id`, `parent_id`, `templates_id`, `name`, `status`, `modified`, `modified_users_id`, `created`, `created_users_id`, `published`, `sort`, `name1012`, `status1012`, `name1013`, `status1013`) VALUES('1028', '1027', '2', 'for-field-104', '17', '2020-04-20 08:47:53', '41', '2020-04-20 08:47:53', '41', '2020-04-20 08:47:53', '0', NULL, '0', NULL, '0');
INSERT INTO `pages` (`id`, `parent_id`, `templates_id`, `name`, `status`, `modified`, `modified_users_id`, `created`, `created_users_id`, `published`, `sort`, `name1012`, `status1012`, `name1013`, `status1013`) VALUES('1029', '1028', '2', 'for-page-1', '17', '2020-04-20 09:24:05', '41', '2020-04-20 09:24:05', '41', '2020-04-20 09:24:05', '0', NULL, '0', NULL, '0');
INSERT INTO `pages` (`id`, `parent_id`, `templates_id`, `name`, `status`, `modified`, `modified_users_id`, `created`, `created_users_id`, `published`, `sort`, `name1012`, `status1012`, `name1013`, `status1013`) VALUES('1030', '1029', '44', '1587365554-6473-1', '3073', '2020-04-20 09:53:33', '41', '2020-04-20 09:52:34', '41', NULL, '0', NULL, '1', NULL, '1');
INSERT INTO `pages` (`id`, `parent_id`, `templates_id`, `name`, `status`, `modified`, `modified_users_id`, `created`, `created_users_id`, `published`, `sort`, `name1012`, `status1012`, `name1013`, `status1013`) VALUES('1031', '1027', '2', 'for-field-108', '17', '2020-04-20 09:54:54', '41', '2020-04-20 09:54:54', '41', '2020-04-20 09:54:54', '1', NULL, '0', NULL, '0');
INSERT INTO `pages` (`id`, `parent_id`, `templates_id`, `name`, `status`, `modified`, `modified_users_id`, `created`, `created_users_id`, `published`, `sort`, `name1012`, `status1012`, `name1013`, `status1013`) VALUES('1032', '1031', '2', 'for-page-1', '17', '2020-04-20 09:55:51', '41', '2020-04-20 09:55:51', '41', '2020-04-20 09:55:51', '0', NULL, '0', NULL, '0');
INSERT INTO `pages` (`id`, `parent_id`, `templates_id`, `name`, `status`, `modified`, `modified_users_id`, `created`, `created_users_id`, `published`, `sort`, `name1012`, `status1012`, `name1013`, `status1013`) VALUES('1033', '1027', '2', 'for-field-111', '17', '2020-04-20 09:57:54', '41', '2020-04-20 09:57:54', '41', '2020-04-20 09:57:54', '2', NULL, '0', NULL, '0');
INSERT INTO `pages` (`id`, `parent_id`, `templates_id`, `name`, `status`, `modified`, `modified_users_id`, `created`, `created_users_id`, `published`, `sort`, `name1012`, `status1012`, `name1013`, `status1013`) VALUES('1034', '1033', '2', 'for-page-1', '17', '2020-04-20 10:07:14', '41', '2020-04-20 10:07:14', '41', '2020-04-20 10:07:14', '0', NULL, '0', NULL, '0');
INSERT INTO `pages` (`id`, `parent_id`, `templates_id`, `name`, `status`, `modified`, `modified_users_id`, `created`, `created_users_id`, `published`, `sort`, `name1012`, `status1012`, `name1013`, `status1013`) VALUES('1035', '1032', '45', '1587366473-433-1', '1', '2020-04-20 10:09:30', '41', '2020-04-20 10:07:53', '41', '2020-04-20 10:08:31', '0', NULL, '1', NULL, '1');
INSERT INTO `pages` (`id`, `parent_id`, `templates_id`, `name`, `status`, `modified`, `modified_users_id`, `created`, `created_users_id`, `published`, `sort`, `name1012`, `status1012`, `name1013`, `status1013`) VALUES('1036', '1032', '45', '1587366487-1834-1', '1', '2020-04-20 10:09:30', '41', '2020-04-20 10:08:07', '41', '2020-04-20 10:08:31', '1', NULL, '1', NULL, '1');
INSERT INTO `pages` (`id`, `parent_id`, `templates_id`, `name`, `status`, `modified`, `modified_users_id`, `created`, `created_users_id`, `published`, `sort`, `name1012`, `status1012`, `name1013`, `status1013`) VALUES('1037', '1032', '45', '1587366498-3997-1', '1', '2020-04-20 10:09:30', '41', '2020-04-20 10:08:18', '41', '2020-04-20 10:08:31', '2', NULL, '1', NULL, '1');
INSERT INTO `pages` (`id`, `parent_id`, `templates_id`, `name`, `status`, `modified`, `modified_users_id`, `created`, `created_users_id`, `published`, `sort`, `name1012`, `status1012`, `name1013`, `status1013`) VALUES('1038', '1032', '45', '1587366504-9452-1', '1', '2020-04-20 10:09:30', '41', '2020-04-20 10:08:24', '41', '2020-04-20 10:08:31', '3', NULL, '1', NULL, '1');
INSERT INTO `pages` (`id`, `parent_id`, `templates_id`, `name`, `status`, `modified`, `modified_users_id`, `created`, `created_users_id`, `published`, `sort`, `name1012`, `status1012`, `name1013`, `status1013`) VALUES('1043', '1028', '2', 'for-page-1025', '17', '2020-04-20 11:00:38', '41', '2020-04-20 11:00:38', '41', '2020-04-20 11:00:38', '1', NULL, '0', NULL, '0');
INSERT INTO `pages` (`id`, `parent_id`, `templates_id`, `name`, `status`, `modified`, `modified_users_id`, `created`, `created_users_id`, `published`, `sort`, `name1012`, `status1012`, `name1013`, `status1013`) VALUES('1039', '1034', '46', '1587366539-3996-1', '1', '2020-04-20 10:10:14', '41', '2020-04-20 10:08:59', '41', '2020-04-20 10:09:30', '0', NULL, '1', NULL, '1');
INSERT INTO `pages` (`id`, `parent_id`, `templates_id`, `name`, `status`, `modified`, `modified_users_id`, `created`, `created_users_id`, `published`, `sort`, `name1012`, `status1012`, `name1013`, `status1013`) VALUES('1040', '1034', '46', '1587366554-4292-1', '1', '2020-04-20 10:10:14', '41', '2020-04-20 10:09:14', '41', '2020-04-20 10:09:30', '1', NULL, '1', NULL, '1');
INSERT INTO `pages` (`id`, `parent_id`, `templates_id`, `name`, `status`, `modified`, `modified_users_id`, `created`, `created_users_id`, `published`, `sort`, `name1012`, `status1012`, `name1013`, `status1013`) VALUES('1041', '1034', '46', '1587366559-4722-1', '1', '2020-04-20 10:10:14', '41', '2020-04-20 10:09:19', '41', '2020-04-20 10:09:30', '2', NULL, '1', NULL, '1');
INSERT INTO `pages` (`id`, `parent_id`, `templates_id`, `name`, `status`, `modified`, `modified_users_id`, `created`, `created_users_id`, `published`, `sort`, `name1012`, `status1012`, `name1013`, `status1013`) VALUES('1042', '1034', '46', '1587366564-8884-1', '1', '2020-04-20 10:10:14', '41', '2020-04-20 10:09:24', '41', '2020-04-20 10:09:30', '3', NULL, '1', NULL, '1');
INSERT INTO `pages` (`id`, `parent_id`, `templates_id`, `name`, `status`, `modified`, `modified_users_id`, `created`, `created_users_id`, `published`, `sort`, `name1012`, `status1012`, `name1013`, `status1013`) VALUES('1044', '1028', '2', 'for-page-1001', '17', '2020-04-20 11:00:49', '41', '2020-04-20 11:00:49', '41', '2020-04-20 11:00:49', '2', NULL, '0', NULL, '0');
INSERT INTO `pages` (`id`, `parent_id`, `templates_id`, `name`, `status`, `modified`, `modified_users_id`, `created`, `created_users_id`, `published`, `sort`, `name1012`, `status1012`, `name1013`, `status1013`) VALUES('1045', '1044', '44', '1587369833-5524-1', '1', '2020-04-20 11:17:51', '41', '2020-04-20 11:03:53', '41', '2020-04-20 11:04:24', '0', NULL, '1', NULL, '1');
INSERT INTO `pages` (`id`, `parent_id`, `templates_id`, `name`, `status`, `modified`, `modified_users_id`, `created`, `created_users_id`, `published`, `sort`, `name1012`, `status1012`, `name1013`, `status1013`) VALUES('1048', '22', '2', 'db-backups', '1', '2020-04-20 11:47:22', '41', '2020-04-20 11:47:22', '41', '2020-04-20 11:47:22', '5', NULL, '0', NULL, '0');
INSERT INTO `pages` (`id`, `parent_id`, `templates_id`, `name`, `status`, `modified`, `modified_users_id`, `created`, `created_users_id`, `published`, `sort`, `name1012`, `status1012`, `name1013`, `status1013`) VALUES('1046', '1044', '44', '1587370386-2849-1', '1', '2020-04-20 11:19:24', '41', '2020-04-20 11:13:06', '41', '2020-04-20 11:13:30', '1', NULL, '1', NULL, '1');
INSERT INTO `pages` (`id`, `parent_id`, `templates_id`, `name`, `status`, `modified`, `modified_users_id`, `created`, `created_users_id`, `published`, `sort`, `name1012`, `status1012`, `name1013`, `status1013`) VALUES('1047', '1044', '44', '1587370388-9256-1', '3073', '2020-04-20 11:13:08', '41', '2020-04-20 11:13:08', '41', NULL, '2', NULL, '1', NULL, '1');
INSERT INTO `pages` (`id`, `parent_id`, `templates_id`, `name`, `status`, `modified`, `modified_users_id`, `created`, `created_users_id`, `published`, `sort`, `name1012`, `status1012`, `name1013`, `status1013`) VALUES('1049', '31', '5', 'db-backup', '1', '2020-04-20 11:47:22', '41', '2020-04-20 11:47:22', '41', '2020-04-20 11:47:22', '13', NULL, '1', NULL, '1');

DROP TABLE IF EXISTS `pages_access`;
CREATE TABLE `pages_access` (
  `pages_id` int(11) NOT NULL,
  `templates_id` int(11) NOT NULL,
  `ts` timestamp NOT NULL DEFAULT current_timestamp() ON UPDATE current_timestamp(),
  PRIMARY KEY (`pages_id`),
  KEY `templates_id` (`templates_id`)
) ENGINE=MyISAM DEFAULT CHARSET=utf8mb4;

INSERT INTO `pages_access` (`pages_id`, `templates_id`, `ts`) VALUES('37', '2', '2020-02-05 09:51:13');
INSERT INTO `pages_access` (`pages_id`, `templates_id`, `ts`) VALUES('38', '2', '2020-02-05 09:51:13');
INSERT INTO `pages_access` (`pages_id`, `templates_id`, `ts`) VALUES('32', '2', '2020-02-05 09:51:13');
INSERT INTO `pages_access` (`pages_id`, `templates_id`, `ts`) VALUES('34', '2', '2020-02-05 09:51:13');
INSERT INTO `pages_access` (`pages_id`, `templates_id`, `ts`) VALUES('35', '2', '2020-02-05 09:51:13');
INSERT INTO `pages_access` (`pages_id`, `templates_id`, `ts`) VALUES('36', '2', '2020-02-05 09:51:13');
INSERT INTO `pages_access` (`pages_id`, `templates_id`, `ts`) VALUES('50', '2', '2020-02-05 09:51:13');
INSERT INTO `pages_access` (`pages_id`, `templates_id`, `ts`) VALUES('51', '2', '2020-02-05 09:51:13');
INSERT INTO `pages_access` (`pages_id`, `templates_id`, `ts`) VALUES('52', '2', '2020-02-05 09:51:13');
INSERT INTO `pages_access` (`pages_id`, `templates_id`, `ts`) VALUES('53', '2', '2020-02-05 09:51:13');
INSERT INTO `pages_access` (`pages_id`, `templates_id`, `ts`) VALUES('54', '2', '2020-02-05 09:51:13');
INSERT INTO `pages_access` (`pages_id`, `templates_id`, `ts`) VALUES('1006', '2', '2020-02-05 09:51:13');
INSERT INTO `pages_access` (`pages_id`, `templates_id`, `ts`) VALUES('1010', '2', '2020-02-05 09:51:13');
INSERT INTO `pages_access` (`pages_id`, `templates_id`, `ts`) VALUES('1012', '2', '2020-02-05 09:51:13');
INSERT INTO `pages_access` (`pages_id`, `templates_id`, `ts`) VALUES('1013', '2', '2020-02-05 09:51:13');
INSERT INTO `pages_access` (`pages_id`, `templates_id`, `ts`) VALUES('1016', '2', '2020-02-05 09:51:29');
INSERT INTO `pages_access` (`pages_id`, `templates_id`, `ts`) VALUES('1018', '2', '2020-02-05 09:51:35');
INSERT INTO `pages_access` (`pages_id`, `templates_id`, `ts`) VALUES('1019', '2', '2020-02-05 09:51:35');
INSERT INTO `pages_access` (`pages_id`, `templates_id`, `ts`) VALUES('1020', '1', '2020-04-15 11:31:08');
INSERT INTO `pages_access` (`pages_id`, `templates_id`, `ts`) VALUES('1021', '1', '2020-04-15 11:31:23');
INSERT INTO `pages_access` (`pages_id`, `templates_id`, `ts`) VALUES('1022', '1', '2020-04-15 11:31:36');
INSERT INTO `pages_access` (`pages_id`, `templates_id`, `ts`) VALUES('1023', '1', '2020-04-15 11:31:57');
INSERT INTO `pages_access` (`pages_id`, `templates_id`, `ts`) VALUES('1024', '1', '2020-04-15 11:33:35');
INSERT INTO `pages_access` (`pages_id`, `templates_id`, `ts`) VALUES('1025', '1', '2020-04-15 11:33:54');
INSERT INTO `pages_access` (`pages_id`, `templates_id`, `ts`) VALUES('1026', '1', '2020-04-15 11:34:51');
INSERT INTO `pages_access` (`pages_id`, `templates_id`, `ts`) VALUES('1030', '2', '2020-04-20 09:52:34');
INSERT INTO `pages_access` (`pages_id`, `templates_id`, `ts`) VALUES('1035', '2', '2020-04-20 10:07:53');
INSERT INTO `pages_access` (`pages_id`, `templates_id`, `ts`) VALUES('1036', '2', '2020-04-20 10:08:07');
INSERT INTO `pages_access` (`pages_id`, `templates_id`, `ts`) VALUES('1037', '2', '2020-04-20 10:08:18');
INSERT INTO `pages_access` (`pages_id`, `templates_id`, `ts`) VALUES('1038', '2', '2020-04-20 10:08:24');
INSERT INTO `pages_access` (`pages_id`, `templates_id`, `ts`) VALUES('1039', '2', '2020-04-20 10:08:59');
INSERT INTO `pages_access` (`pages_id`, `templates_id`, `ts`) VALUES('1040', '2', '2020-04-20 10:09:14');
INSERT INTO `pages_access` (`pages_id`, `templates_id`, `ts`) VALUES('1041', '2', '2020-04-20 10:09:19');
INSERT INTO `pages_access` (`pages_id`, `templates_id`, `ts`) VALUES('1042', '2', '2020-04-20 10:09:24');
INSERT INTO `pages_access` (`pages_id`, `templates_id`, `ts`) VALUES('1045', '2', '2020-04-20 11:03:53');
INSERT INTO `pages_access` (`pages_id`, `templates_id`, `ts`) VALUES('1046', '2', '2020-04-20 11:13:06');
INSERT INTO `pages_access` (`pages_id`, `templates_id`, `ts`) VALUES('1047', '2', '2020-04-20 11:13:08');
INSERT INTO `pages_access` (`pages_id`, `templates_id`, `ts`) VALUES('1049', '2', '2020-04-20 11:47:22');

DROP TABLE IF EXISTS `pages_parents`;
CREATE TABLE `pages_parents` (
  `pages_id` int(10) unsigned NOT NULL,
  `parents_id` int(10) unsigned NOT NULL,
  PRIMARY KEY (`pages_id`,`parents_id`)
) ENGINE=MyISAM DEFAULT CHARSET=utf8mb4;

INSERT INTO `pages_parents` (`pages_id`, `parents_id`) VALUES('2', '1');
INSERT INTO `pages_parents` (`pages_id`, `parents_id`) VALUES('3', '1');
INSERT INTO `pages_parents` (`pages_id`, `parents_id`) VALUES('3', '2');
INSERT INTO `pages_parents` (`pages_id`, `parents_id`) VALUES('7', '1');
INSERT INTO `pages_parents` (`pages_id`, `parents_id`) VALUES('22', '1');
INSERT INTO `pages_parents` (`pages_id`, `parents_id`) VALUES('22', '2');
INSERT INTO `pages_parents` (`pages_id`, `parents_id`) VALUES('28', '1');
INSERT INTO `pages_parents` (`pages_id`, `parents_id`) VALUES('28', '2');
INSERT INTO `pages_parents` (`pages_id`, `parents_id`) VALUES('29', '1');
INSERT INTO `pages_parents` (`pages_id`, `parents_id`) VALUES('29', '2');
INSERT INTO `pages_parents` (`pages_id`, `parents_id`) VALUES('29', '28');
INSERT INTO `pages_parents` (`pages_id`, `parents_id`) VALUES('30', '1');
INSERT INTO `pages_parents` (`pages_id`, `parents_id`) VALUES('30', '2');
INSERT INTO `pages_parents` (`pages_id`, `parents_id`) VALUES('30', '28');
INSERT INTO `pages_parents` (`pages_id`, `parents_id`) VALUES('31', '1');
INSERT INTO `pages_parents` (`pages_id`, `parents_id`) VALUES('31', '2');
INSERT INTO `pages_parents` (`pages_id`, `parents_id`) VALUES('31', '28');
INSERT INTO `pages_parents` (`pages_id`, `parents_id`) VALUES('1001', '1');
INSERT INTO `pages_parents` (`pages_id`, `parents_id`) VALUES('1002', '1');
INSERT INTO `pages_parents` (`pages_id`, `parents_id`) VALUES('1002', '1001');
INSERT INTO `pages_parents` (`pages_id`, `parents_id`) VALUES('1004', '1');
INSERT INTO `pages_parents` (`pages_id`, `parents_id`) VALUES('1004', '1001');
INSERT INTO `pages_parents` (`pages_id`, `parents_id`) VALUES('1005', '1');
INSERT INTO `pages_parents` (`pages_id`, `parents_id`) VALUES('1009', '1');
INSERT INTO `pages_parents` (`pages_id`, `parents_id`) VALUES('1009', '2');
INSERT INTO `pages_parents` (`pages_id`, `parents_id`) VALUES('1009', '22');
INSERT INTO `pages_parents` (`pages_id`, `parents_id`) VALUES('1027', '2');
INSERT INTO `pages_parents` (`pages_id`, `parents_id`) VALUES('1028', '2');
INSERT INTO `pages_parents` (`pages_id`, `parents_id`) VALUES('1028', '1027');
INSERT INTO `pages_parents` (`pages_id`, `parents_id`) VALUES('1029', '2');
INSERT INTO `pages_parents` (`pages_id`, `parents_id`) VALUES('1029', '1027');
INSERT INTO `pages_parents` (`pages_id`, `parents_id`) VALUES('1029', '1028');
INSERT INTO `pages_parents` (`pages_id`, `parents_id`) VALUES('1031', '2');
INSERT INTO `pages_parents` (`pages_id`, `parents_id`) VALUES('1031', '1027');
INSERT INTO `pages_parents` (`pages_id`, `parents_id`) VALUES('1032', '2');
INSERT INTO `pages_parents` (`pages_id`, `parents_id`) VALUES('1032', '1027');
INSERT INTO `pages_parents` (`pages_id`, `parents_id`) VALUES('1032', '1031');
INSERT INTO `pages_parents` (`pages_id`, `parents_id`) VALUES('1033', '2');
INSERT INTO `pages_parents` (`pages_id`, `parents_id`) VALUES('1033', '1027');
INSERT INTO `pages_parents` (`pages_id`, `parents_id`) VALUES('1034', '2');
INSERT INTO `pages_parents` (`pages_id`, `parents_id`) VALUES('1034', '1027');
INSERT INTO `pages_parents` (`pages_id`, `parents_id`) VALUES('1034', '1033');
INSERT INTO `pages_parents` (`pages_id`, `parents_id`) VALUES('1044', '2');
INSERT INTO `pages_parents` (`pages_id`, `parents_id`) VALUES('1044', '1027');
INSERT INTO `pages_parents` (`pages_id`, `parents_id`) VALUES('1044', '1028');

DROP TABLE IF EXISTS `pages_sortfields`;
CREATE TABLE `pages_sortfields` (
  `pages_id` int(10) unsigned NOT NULL DEFAULT 0,
  `sortfield` varchar(20) NOT NULL DEFAULT '',
  PRIMARY KEY (`pages_id`)
) ENGINE=MyISAM DEFAULT CHARSET=utf8mb4;


DROP TABLE IF EXISTS `session_login_throttle`;
CREATE TABLE `session_login_throttle` (
  `name` varchar(128) NOT NULL,
  `attempts` int(10) unsigned NOT NULL DEFAULT 0,
  `last_attempt` int(10) unsigned NOT NULL,
  PRIMARY KEY (`name`)
) ENGINE=MyISAM DEFAULT CHARSET=utf8mb4;

INSERT INTO `session_login_throttle` (`name`, `attempts`, `last_attempt`) VALUES('admin', '1', '1587361076');

DROP TABLE IF EXISTS `templates`;
CREATE TABLE `templates` (
  `id` int(10) unsigned NOT NULL AUTO_INCREMENT,
  `name` varchar(250) CHARACTER SET ascii NOT NULL,
  `fieldgroups_id` int(10) unsigned NOT NULL DEFAULT 0,
  `flags` int(11) NOT NULL DEFAULT 0,
  `cache_time` mediumint(9) NOT NULL DEFAULT 0,
  `data` text NOT NULL,
  PRIMARY KEY (`id`),
  UNIQUE KEY `name` (`name`),
  KEY `fieldgroups_id` (`fieldgroups_id`)
) ENGINE=MyISAM AUTO_INCREMENT=47 DEFAULT CHARSET=utf8mb4;

INSERT INTO `templates` (`id`, `name`, `fieldgroups_id`, `flags`, `cache_time`, `data`) VALUES('2', 'admin', '2', '8', '0', '{\"useRoles\":1,\"parentTemplates\":[2],\"allowPageNum\":1,\"redirectLogin\":23,\"slashUrls\":1,\"noGlobal\":1,\"compile\":3,\"modified\":1577984776,\"ns\":\"ProcessWire\"}');
INSERT INTO `templates` (`id`, `name`, `fieldgroups_id`, `flags`, `cache_time`, `data`) VALUES('3', 'user', '3', '8', '0', '{\"useRoles\":1,\"noChildren\":1,\"parentTemplates\":[2],\"slashUrls\":1,\"pageClass\":\"User\",\"noGlobal\":1,\"noMove\":1,\"noTrash\":1,\"noSettings\":1,\"noChangeTemplate\":1,\"nameContentTab\":1}');
INSERT INTO `templates` (`id`, `name`, `fieldgroups_id`, `flags`, `cache_time`, `data`) VALUES('4', 'role', '4', '8', '0', '{\"noChildren\":1,\"parentTemplates\":[2],\"slashUrls\":1,\"pageClass\":\"Role\",\"noGlobal\":1,\"noMove\":1,\"noTrash\":1,\"noSettings\":1,\"noChangeTemplate\":1,\"nameContentTab\":1}');
INSERT INTO `templates` (`id`, `name`, `fieldgroups_id`, `flags`, `cache_time`, `data`) VALUES('5', 'permission', '5', '8', '0', '{\"noChildren\":1,\"parentTemplates\":[2],\"slashUrls\":1,\"guestSearchable\":1,\"pageClass\":\"Permission\",\"noGlobal\":1,\"noMove\":1,\"noTrash\":1,\"noSettings\":1,\"noChangeTemplate\":1,\"nameContentTab\":1}');
INSERT INTO `templates` (`id`, `name`, `fieldgroups_id`, `flags`, `cache_time`, `data`) VALUES('1', 'home', '1', '0', '0', '{\"useRoles\":1,\"noParents\":1,\"slashUrls\":1,\"compile\":3,\"label\":\"Home\",\"modified\":1587370104,\"ns\":\"ProcessWire\",\"label1012\":\"Zuhause\",\"label1013\":\"Koti\",\"roles\":[37]}');
INSERT INTO `templates` (`id`, `name`, `fieldgroups_id`, `flags`, `cache_time`, `data`) VALUES('29', 'basic-page', '83', '0', '0', '{\"slashUrls\":1,\"compile\":3,\"label\":\"Basic Page\",\"modified\":1587371966,\"ns\":\"ProcessWire\",\"label1012\":\"Grund Seite\",\"label1013\":\"Perus Sivu\"}');
INSERT INTO `templates` (`id`, `name`, `fieldgroups_id`, `flags`, `cache_time`, `data`) VALUES('26', 'search', '80', '0', '0', '{\"noChildren\":1,\"noParents\":1,\"allowPageNum\":1,\"slashUrls\":1,\"compile\":3,\"label\":\"Search\",\"modified\":1577984776,\"ns\":\"ProcessWire\",\"label1012\":\"Suche\",\"label1013\":\"Haku\"}');
INSERT INTO `templates` (`id`, `name`, `fieldgroups_id`, `flags`, `cache_time`, `data`) VALUES('34', 'sitemap', '88', '0', '0', '{\"noChildren\":1,\"noParents\":1,\"redirectLogin\":23,\"slashUrls\":1,\"compile\":3,\"label\":\"Site Map\",\"modified\":1577984776,\"ns\":\"ProcessWire\",\"label1012\":\"Sitemap\",\"label1013\":\"Sivukartta\"}');
INSERT INTO `templates` (`id`, `name`, `fieldgroups_id`, `flags`, `cache_time`, `data`) VALUES('43', 'language', '97', '8', '0', '{\"parentTemplates\":[2],\"slashUrls\":1,\"pageClass\":\"Language\",\"pageLabelField\":\"name\",\"noGlobal\":1,\"noMove\":1,\"noTrash\":1,\"noChangeTemplate\":1,\"noUnpublish\":1,\"nameContentTab\":1,\"modified\":1409651146}');
INSERT INTO `templates` (`id`, `name`, `fieldgroups_id`, `flags`, `cache_time`, `data`) VALUES('44', 'repeater_text_fields', '98', '8', '0', '{\"noChildren\":1,\"noParents\":1,\"slashUrls\":1,\"pageClass\":\"RepeaterPage\",\"noGlobal\":1,\"compile\":3,\"modified\":1587361673}');
INSERT INTO `templates` (`id`, `name`, `fieldgroups_id`, `flags`, `cache_time`, `data`) VALUES('45', 'repeater_simple_textblocks', '99', '8', '0', '{\"noChildren\":1,\"noParents\":1,\"slashUrls\":1,\"pageClass\":\"RepeaterPage\",\"noGlobal\":1,\"compile\":3,\"modified\":1587365694}');
INSERT INTO `templates` (`id`, `name`, `fieldgroups_id`, `flags`, `cache_time`, `data`) VALUES('46', 'repeater_repeater_why', '100', '8', '0', '{\"noChildren\":1,\"noParents\":1,\"slashUrls\":1,\"pageClass\":\"RepeaterPage\",\"noGlobal\":1,\"compile\":3,\"modified\":1587365874}');

# --- /WireDatabaseBackup {"numTables":46,"numCreateTables":46,"numInserts":700,"numSeconds":0}