# --- WireDatabaseBackup {"time":"2021-03-14 19:18:40","user":"admin","dbName":"k64752_boardschmiede","description":"","tables":[],"excludeTables":[],"excludeCreateTables":[],"excludeExportTables":[]}

DROP TABLE IF EXISTS `caches`;
CREATE TABLE `caches` (
  `name` varchar(250) NOT NULL,
  `data` mediumtext NOT NULL,
  `expires` datetime NOT NULL,
  PRIMARY KEY (`name`),
  KEY `expires` (`expires`)
) ENGINE=MyISAM DEFAULT CHARSET=utf8;

INSERT INTO `caches` (`name`, `data`, `expires`) VALUES('Modules.wire/modules/', 'Process/ProcessPageAdd/ProcessPageAdd.module\nProcess/ProcessCommentsManager/ProcessCommentsManager.module\nProcess/ProcessProfile/ProcessProfile.module\nProcess/ProcessLogin/ProcessLogin.module\nProcess/ProcessPageSearch/ProcessPageSearch.module\nProcess/ProcessList.module\nProcess/ProcessPageType/ProcessPageType.module\nProcess/ProcessUser/ProcessUser.module\nProcess/ProcessPageSort.module\nProcess/ProcessPageLister/ProcessPageLister.module\nProcess/ProcessModule/ProcessModule.module\nProcess/ProcessRecentPages/ProcessRecentPages.module\nProcess/ProcessTemplate/ProcessTemplate.module\nProcess/ProcessLogger/ProcessLogger.module\nProcess/ProcessHome.module\nProcess/ProcessField/ProcessField.module\nProcess/ProcessPageList/ProcessPageList.module\nProcess/ProcessForgotPassword.module\nProcess/ProcessPageEdit/ProcessPageEdit.module\nProcess/ProcessPageEditImageSelect/ProcessPageEditImageSelect.module\nProcess/ProcessRole/ProcessRole.module\nProcess/ProcessPermission/ProcessPermission.module\nProcess/ProcessPageClone.module\nProcess/ProcessPageView.module\nProcess/ProcessPageEditLink/ProcessPageEditLink.module\nProcess/ProcessPagesExportImport/ProcessPagesExportImport.module\nProcess/ProcessPageTrash.module\nPage/PageFrontEdit/PageFrontEdit.module\nFieldtype/FieldtypeFieldsetClose.module\nFieldtype/FieldtypeFieldsetOpen.module\nFieldtype/FieldtypeEmail.module\nFieldtype/FieldtypeImage.module\nFieldtype/FieldtypeSelector.module\nFieldtype/FieldtypeInteger.module\nFieldtype/FieldtypeCache.module\nFieldtype/FieldtypePageTitle.module\nFieldtype/FieldtypeToggle.module\nFieldtype/FieldtypeURL.module\nFieldtype/FieldtypeComments/FieldtypeComments.module\nFieldtype/FieldtypeComments/InputfieldCommentsAdmin.module\nFieldtype/FieldtypeComments/CommentFilterAkismet.module\nFieldtype/FieldtypeFile.module\nFieldtype/FieldtypeFloat.module\nFieldtype/FieldtypeOptions/FieldtypeOptions.module\nFieldtype/FieldtypePageTable.module\nFieldtype/FieldtypeText.module\nFieldtype/FieldtypePage.module\nFieldtype/FieldtypePassword.module\nFieldtype/FieldtypeDatetime.module\nFieldtype/FieldtypeCheckbox.module\nFieldtype/FieldtypeModule.module\nFieldtype/FieldtypeTextarea.module\nFieldtype/FieldtypeFieldsetTabOpen.module\nFieldtype/FieldtypeRepeater/InputfieldRepeater.module\nFieldtype/FieldtypeRepeater/FieldtypeFieldsetPage.module\nFieldtype/FieldtypeRepeater/FieldtypeRepeater.module\nLazyCron.module\nSession/SessionHandlerDB/ProcessSessionDB.module\nSession/SessionHandlerDB/SessionHandlerDB.module\nSession/SessionLoginThrottle/SessionLoginThrottle.module\nLanguageSupport/LanguageSupportFields.module\nLanguageSupport/ProcessLanguageTranslator.module\nLanguageSupport/ProcessLanguage.module\nLanguageSupport/LanguageTabs.module\nLanguageSupport/FieldtypePageTitleLanguage.module\nLanguageSupport/FieldtypeTextLanguage.module\nLanguageSupport/FieldtypeTextareaLanguage.module\nLanguageSupport/LanguageSupport.module\nLanguageSupport/LanguageSupportPageNames.module\nInputfield/InputfieldHidden.module\nInputfield/InputfieldName.module\nInputfield/InputfieldButton.module\nInputfield/InputfieldInteger.module\nInputfield/InputfieldSelect.module\nInputfield/InputfieldSelector/InputfieldSelector.module\nInputfield/InputfieldPassword/InputfieldPassword.module\nInputfield/InputfieldIcon/InputfieldIcon.module\nInputfield/InputfieldPageTitle/InputfieldPageTitle.module\nInputfield/InputfieldPage/InputfieldPage.module\nInputfield/InputfieldSubmit/InputfieldSubmit.module\nInputfield/InputfieldAsmSelect/InputfieldAsmSelect.module\nInputfield/InputfieldText.module\nInputfield/InputfieldPageTable/InputfieldPageTable.module\nInputfield/InputfieldTextarea.module\nInputfield/InputfieldFieldset.module\nInputfield/InputfieldToggle/InputfieldToggle.module\nInputfield/InputfieldPageAutocomplete/InputfieldPageAutocomplete.module\nInputfield/InputfieldURL.module\nInputfield/InputfieldForm.module\nInputfield/InputfieldCheckboxes/InputfieldCheckboxes.module\nInputfield/InputfieldPageListSelect/InputfieldPageListSelectMultiple.module\nInputfield/InputfieldPageListSelect/InputfieldPageListSelect.module\nInputfield/InputfieldEmail.module\nInputfield/InputfieldSelectMultiple.module\nInputfield/InputfieldMarkup.module\nInputfield/InputfieldFloat.module\nInputfield/InputfieldImage/InputfieldImage.module\nInputfield/InputfieldCheckbox.module\nInputfield/InputfieldPageName/InputfieldPageName.module\nInputfield/InputfieldFile/InputfieldFile.module\nInputfield/InputfieldDatetime/InputfieldDatetime.module\nInputfield/InputfieldRadios/InputfieldRadios.module\nInputfield/InputfieldCKEditor/InputfieldCKEditor.module\nTextformatter/TextformatterNewlineBR.module\nTextformatter/TextformatterSmartypants/TextformatterSmartypants.module\nTextformatter/TextformatterEntities.module\nTextformatter/TextformatterMarkdownExtra/TextformatterMarkdownExtra.module\nTextformatter/TextformatterStripTags.module\nTextformatter/TextformatterNewlineUL.module\nTextformatter/TextformatterPstripper.module\nImage/ImageSizerEngineAnimatedGif/ImageSizerEngineAnimatedGif.module\nImage/ImageSizerEngineIMagick/ImageSizerEngineIMagick.module\nPagePermissions.module\nJquery/JqueryCore/JqueryCore.module\nJquery/JqueryMagnific/JqueryMagnific.module\nJquery/JqueryUI/JqueryUI.module\nJquery/JqueryTableSorter/JqueryTableSorter.module\nJquery/JqueryWireTabs/JqueryWireTabs.module\nPagePaths.module\nMarkup/MarkupCache.module\nMarkup/MarkupAdminDataTable/MarkupAdminDataTable.module\nMarkup/MarkupHTMLPurifier/MarkupHTMLPurifier.module\nMarkup/MarkupPageFields.module\nMarkup/MarkupRSS.module\nMarkup/MarkupPageArray.module\nMarkup/MarkupPagerNav/MarkupPagerNav.module\nAdminTheme/AdminThemeDefault/AdminThemeDefault.module\nAdminTheme/AdminThemeReno/AdminThemeReno.module\nAdminTheme/AdminThemeUikit/AdminThemeUikit.module\nPagePathHistory.module\nPageRender.module\nSystem/SystemNotifications/FieldtypeNotifications.module\nSystem/SystemNotifications/SystemNotifications.module\nSystem/SystemUpdater/SystemUpdater.module\nFileCompilerTags.module', '2010-04-08 03:10:01');
INSERT INTO `caches` (`name`, `data`, `expires`) VALUES('FileCompiler__96914bd8798f3c5fb506774354a9f5b6', '{\"source\":{\"file\":\"\\/var\\/www\\/html\\/site\\/modules\\/FieldtypeColorPicker\\/FieldtypeColorPicker.module\",\"hash\":\"a5662dad93c52208b2bb67ee927704a9\",\"size\":4310,\"time\":1615122570,\"ns\":\"\\\\\"},\"target\":{\"file\":\"\\/var\\/www\\/html\\/site\\/assets\\/cache\\/FileCompiler\\/site\\/modules\\/FieldtypeColorPicker\\/FieldtypeColorPicker.module\",\"hash\":\"075fa213e401de3a823507bd005ec87f\",\"size\":4479,\"time\":1615122570}}', '2010-04-08 03:10:10');
INSERT INTO `caches` (`name`, `data`, `expires`) VALUES('FileCompiler__421e3b7f4b74778748c0c30d586811e0', '{\"source\":{\"file\":\"D:\\/workspace\\/boardschmiede\\/site\\/modules\\/DiagnosePhp\\/DiagnoseWebserver.module\",\"hash\":\"dff2512a4382810bd7c6ce2123472fb1\",\"size\":4413,\"time\":1587556382,\"ns\":\"\\\\\"},\"target\":{\"file\":\"D:\\/workspace\\/boardschmiede\\/site\\/assets\\/cache\\/FileCompiler\\/site\\/modules\\/DiagnosePhp\\/DiagnoseWebserver.module\",\"hash\":\"eb203ddbb51e22987a643e21b5eb5482\",\"size\":4605,\"time\":1587556382}}', '2010-04-08 03:10:10');
INSERT INTO `caches` (`name`, `data`, `expires`) VALUES('FileCompiler__ae14da2f1639603ae9d2703c82d4e5fb', '{\"source\":{\"file\":\"D:\\/workspace\\/boardschmiede\\/site\\/modules\\/DiagnosePhp\\/ProcessDiagnostics.module\",\"hash\":\"4560b510543cc143dfd2d7d481cd7deb\",\"size\":10814,\"time\":1587556382,\"ns\":\"\\\\\"},\"target\":{\"file\":\"D:\\/workspace\\/boardschmiede\\/site\\/assets\\/cache\\/FileCompiler\\/site\\/modules\\/DiagnosePhp\\/ProcessDiagnostics.module\",\"hash\":\"e1612e7268b43349dcebe13459faf147\",\"size\":11021,\"time\":1587556382}}', '2010-04-08 03:10:10');
INSERT INTO `caches` (`name`, `data`, `expires`) VALUES('Modules.site/modules/', 'DiagnosePhp/DiagnoseImagehandling.module\nDiagnosePhp/DiagnoseExample.module\nDiagnosePhp/DiagnoseDatabase.module\nDiagnosePhp/DiagnoseFiles.module\nDiagnosePhp/ProcessDiagnostics.module\nDiagnosePhp/DiagnoseModules.module\nDiagnosePhp/DiagnosePhp.module\nDiagnosePhp/DiagnoseWebserver.module\nFieldtypeColorPicker/FieldtypeColorPicker.module\nFieldtypeColorPicker/InputfieldColorPicker.module\nProcessDatabaseBackups/ProcessDatabaseBackups.module\nHelloworld/Helloworld.module\nWireMailSendGrid/WireMailSendGrid.module.php\nCroppableImage3/ProcessCroppableImage3/ProcessCroppableImage3.module\nCroppableImage3/InputfieldCroppableImage3/InputfieldCroppableImage3.module\nCroppableImage3/FieldtypeCroppableImage3/FieldtypeCroppableImage3.module\nCroppableImage3/CroppableImage3.module\nWireMailPHPMailer/WireMailPHPMailer.module.php\nTextformatterVideoEmbed/TextformatterVideoEmbed.module\nProcessAssetsBackups/ProcessAssetsBackups.module', '2010-04-08 03:10:01');
INSERT INTO `caches` (`name`, `data`, `expires`) VALUES('FileCompiler__5ae34ac82eb8933d4f53f0884eb122a1', '{\"source\":{\"file\":\"D:\\/workspace\\/boardschmiede\\/site\\/templates\\/admin.php\",\"hash\":\"9636f854995462a4cb877cb1204bc2fe\",\"size\":467,\"time\":1577984776,\"ns\":\"ProcessWire\"},\"target\":{\"file\":\"D:\\/workspace\\/boardschmiede\\/site\\/assets\\/cache\\/FileCompiler\\/site\\/templates\\/admin.php\",\"hash\":\"9636f854995462a4cb877cb1204bc2fe\",\"size\":467,\"time\":1577984776}}', '2010-04-08 03:10:10');
INSERT INTO `caches` (`name`, `data`, `expires`) VALUES('FileCompiler__df6816735208d9d77e71d4a6321bb79b', '{\"source\":{\"file\":\"D:\\/workspace\\/boardschmiede\\/site\\/modules\\/DiagnosePhp\\/DiagnoseDatabase.module\",\"hash\":\"c896ad8a79fd6d265db22845c46189ea\",\"size\":9660,\"time\":1587556382,\"ns\":\"\\\\\"},\"target\":{\"file\":\"D:\\/workspace\\/boardschmiede\\/site\\/assets\\/cache\\/FileCompiler\\/site\\/modules\\/DiagnosePhp\\/DiagnoseDatabase.module\",\"hash\":\"b3d567b03954855a292489ff87499f72\",\"size\":9850,\"time\":1587556382}}', '2010-04-08 03:10:10');
INSERT INTO `caches` (`name`, `data`, `expires`) VALUES('FileCompiler__7dcd25b51b01ac74a219fc8ef52a56db', '{\"source\":{\"file\":\"D:\\/workspace\\/boardschmiede\\/site\\/templates\\/_init.php\",\"hash\":\"03d948499ec1c07d62a674daefd3ad67\",\"size\":1035,\"time\":1587762335,\"ns\":\"ProcessWire\"},\"target\":{\"file\":\"D:\\/workspace\\/boardschmiede\\/site\\/assets\\/cache\\/FileCompiler\\/site\\/templates\\/_init.php\",\"hash\":\"03d948499ec1c07d62a674daefd3ad67\",\"size\":1035,\"time\":1587762335}}', '2010-04-08 03:10:10');
INSERT INTO `caches` (`name`, `data`, `expires`) VALUES('FileCompiler__5959a832c0f8b39b1aa4d23d82ee12ec', '{\"source\":{\"file\":\"D:\\/workspace\\/boardschmiede\\/site\\/templates\\/_main.php\",\"hash\":\"d858f9dace62bdbfab0579f1a2b8edb5\",\"size\":2908,\"time\":1589622620,\"ns\":\"ProcessWire\"},\"target\":{\"file\":\"D:\\/workspace\\/boardschmiede\\/site\\/assets\\/cache\\/FileCompiler\\/site\\/templates\\/_main.php\",\"hash\":\"d858f9dace62bdbfab0579f1a2b8edb5\",\"size\":2908,\"time\":1589622620}}', '2010-04-08 03:10:10');
INSERT INTO `caches` (`name`, `data`, `expires`) VALUES('FileCompiler__e1018a841de9d71b642846de25c5ee36', '{\"source\":{\"file\":\"D:\\/workspace\\/boardschmiede\\/site\\/templates\\/home.php\",\"hash\":\"d907e145d2d589a8810e0c02334528b0\",\"size\":4516,\"time\":1587755630,\"ns\":\"ProcessWire\"},\"target\":{\"file\":\"D:\\/workspace\\/boardschmiede\\/site\\/assets\\/cache\\/FileCompiler\\/site\\/templates\\/home.php\",\"hash\":\"d907e145d2d589a8810e0c02334528b0\",\"size\":4516,\"time\":1587755630}}', '2010-04-08 03:10:10');
INSERT INTO `caches` (`name`, `data`, `expires`) VALUES('FileCompiler__90649f37a650d3a10bdc0274a1195ec5', '{\"source\":{\"file\":\"D:\\/workspace\\/boardschmiede\\/site\\/templates\\/basic-page.php\",\"hash\":\"343a5c586f1e72cafba78739f0acd525\",\"size\":969,\"time\":1587754342,\"ns\":\"ProcessWire\"},\"target\":{\"file\":\"D:\\/workspace\\/boardschmiede\\/site\\/assets\\/cache\\/FileCompiler\\/site\\/templates\\/basic-page.php\",\"hash\":\"343a5c586f1e72cafba78739f0acd525\",\"size\":969,\"time\":1587754342}}', '2010-04-08 03:10:10');
INSERT INTO `caches` (`name`, `data`, `expires`) VALUES('FileCompiler__b794072abe17c7ede759dbfec87990f3', '{\"source\":{\"file\":\"D:\\/workspace\\/boardschmiede\\/site\\/modules\\/DiagnosePhp\\/DiagnoseModules.module\",\"hash\":\"9541494d63373f3c5df290126ddf4359\",\"size\":6597,\"time\":1587556382,\"ns\":\"\\\\\"},\"target\":{\"file\":\"D:\\/workspace\\/boardschmiede\\/site\\/assets\\/cache\\/FileCompiler\\/site\\/modules\\/DiagnosePhp\\/DiagnoseModules.module\",\"hash\":\"385ac5bb67dfd52de1ef8e49971f170e\",\"size\":6889,\"time\":1587556382}}', '2010-04-08 03:10:10');
INSERT INTO `caches` (`name`, `data`, `expires`) VALUES('FileCompiler__e1107e52278cf85427af9a0d145c7a53', '{\"source\":{\"file\":\"D:\\/workspace\\/boardschmiede\\/site\\/modules\\/DiagnosePhp\\/DiagnosePhp.module\",\"hash\":\"b36f04d3ae3e0a63753a40f40d68035d\",\"size\":8319,\"time\":1587556382,\"ns\":\"\\\\\"},\"target\":{\"file\":\"D:\\/workspace\\/boardschmiede\\/site\\/assets\\/cache\\/FileCompiler\\/site\\/modules\\/DiagnosePhp\\/DiagnosePhp.module\",\"hash\":\"4b32a4ab728343fb7e71e26cd2240b78\",\"size\":8499,\"time\":1587556382}}', '2010-04-08 03:10:10');
INSERT INTO `caches` (`name`, `data`, `expires`) VALUES('FileCompiler__20977776d24cd3dea39e9ba8ce3d0246', '{\"source\":{\"file\":\"D:\\/workspace\\/boardschmiede\\/site\\/templates\\/board-overview-page.php\",\"hash\":\"dc09884f99c596788ae7ccb7c69db1cc\",\"size\":2002,\"time\":1587764973,\"ns\":\"ProcessWire\"},\"target\":{\"file\":\"D:\\/workspace\\/boardschmiede\\/site\\/assets\\/cache\\/FileCompiler\\/site\\/templates\\/board-overview-page.php\",\"hash\":\"dc09884f99c596788ae7ccb7c69db1cc\",\"size\":2002,\"time\":1587764973}}', '2010-04-08 03:10:10');
INSERT INTO `caches` (`name`, `data`, `expires`) VALUES('FileCompiler__c5c7ce541a2ab620a161df216a462e7b', '{\"source\":{\"file\":\"D:\\/workspace\\/boardschmiede\\/site\\/modules\\/DiagnosePhp\\/DiagnoseExample.module\",\"hash\":\"cdaa285c8c566fe75265d4b47d337ffc\",\"size\":1476,\"time\":1587556382,\"ns\":\"\\\\\"},\"target\":{\"file\":\"D:\\/workspace\\/boardschmiede\\/site\\/assets\\/cache\\/FileCompiler\\/site\\/modules\\/DiagnosePhp\\/DiagnoseExample.module\",\"hash\":\"4096eb00a3c2570f06fb3239363809f4\",\"size\":1664,\"time\":1587556382}}', '2010-04-08 03:10:10');
INSERT INTO `caches` (`name`, `data`, `expires`) VALUES('FileCompiler__f3cca45a1191a9540ac8152dd3f20051', '{\"source\":{\"file\":\"D:\\/workspace\\/boardschmiede\\/site\\/modules\\/DiagnosePhp\\/DiagnoseFiles.module\",\"hash\":\"c0bbb0d9ddb27f412461f26cd1a1ef11\",\"size\":6110,\"time\":1587556382,\"ns\":\"\\\\\"},\"target\":{\"file\":\"D:\\/workspace\\/boardschmiede\\/site\\/assets\\/cache\\/FileCompiler\\/site\\/modules\\/DiagnosePhp\\/DiagnoseFiles.module\",\"hash\":\"96a1b363de5e0cccb7ac0940f3faf344\",\"size\":6294,\"time\":1587556382}}', '2010-04-08 03:10:10');
INSERT INTO `caches` (`name`, `data`, `expires`) VALUES('FileCompiler__c82002e99d4ffa99e968da946c80c8b1', '{\"source\":{\"file\":\"D:\\/workspace\\/boardschmiede\\/site\\/modules\\/DiagnosePhp\\/DiagnoseImagehandling.module\",\"hash\":\"7dd8fa804558f80a390773c9ba82aa29\",\"size\":6577,\"time\":1587556382,\"ns\":\"\\\\\"},\"target\":{\"file\":\"D:\\/workspace\\/boardschmiede\\/site\\/assets\\/cache\\/FileCompiler\\/site\\/modules\\/DiagnosePhp\\/DiagnoseImagehandling.module\",\"hash\":\"9f23df0ea1a1b64624700726868fcca0\",\"size\":6777,\"time\":1587556382}}', '2010-04-08 03:10:10');
INSERT INTO `caches` (`name`, `data`, `expires`) VALUES('FileCompiler__baffbabf1acbc47fe13788735b158c1e', '{\"source\":{\"file\":\"D:\\/workspace\\/boardschmiede\\/site\\/templates\\/board-page.php\",\"hash\":\"62efedd3f9a105fd78f3ba98bf7bf6b9\",\"size\":2337,\"time\":1587763911,\"ns\":\"ProcessWire\"},\"target\":{\"file\":\"D:\\/workspace\\/boardschmiede\\/site\\/assets\\/cache\\/FileCompiler\\/site\\/templates\\/board-page.php\",\"hash\":\"62efedd3f9a105fd78f3ba98bf7bf6b9\",\"size\":2337,\"time\":1587763911}}', '2010-04-08 03:10:10');
INSERT INTO `caches` (`name`, `data`, `expires`) VALUES('FileCompiler__08d2d0b637039fcf971af74cf221aa14', '{\"source\":{\"file\":\"\\/var\\/www\\/html\\/site\\/modules\\/DiagnosePhp\\/DiagnoseImagehandling.module\",\"hash\":\"7dd8fa804558f80a390773c9ba82aa29\",\"size\":6577,\"time\":1611219107,\"ns\":\"\\\\\"},\"target\":{\"file\":\"\\/var\\/www\\/html\\/site\\/assets\\/cache\\/FileCompiler\\/site\\/modules\\/DiagnosePhp\\/DiagnoseImagehandling.module\",\"hash\":\"f68ae20a082c18ebc0062dac893912c3\",\"size\":6751,\"time\":1611219107}}', '2010-04-08 03:10:10');
INSERT INTO `caches` (`name`, `data`, `expires`) VALUES('FileCompiler__dc7cea36f468e9fca8e2f46ffcc15a77', '{\"source\":{\"file\":\"\\/var\\/www\\/html\\/site\\/modules\\/DiagnosePhp\\/DiagnoseDatabase.module\",\"hash\":\"c896ad8a79fd6d265db22845c46189ea\",\"size\":9660,\"time\":1611219107,\"ns\":\"\\\\\"},\"target\":{\"file\":\"\\/var\\/www\\/html\\/site\\/assets\\/cache\\/FileCompiler\\/site\\/modules\\/DiagnosePhp\\/DiagnoseDatabase.module\",\"hash\":\"b8997138e09eea4cd8fd97e0bb9cb7bd\",\"size\":9824,\"time\":1611219107}}', '2010-04-08 03:10:10');
INSERT INTO `caches` (`name`, `data`, `expires`) VALUES('FileCompiler__28e37a78fe9a06a874481ff7dbe21dae', '{\"source\":{\"file\":\"\\/var\\/www\\/html\\/site\\/modules\\/DiagnosePhp\\/DiagnoseExample.module\",\"hash\":\"cdaa285c8c566fe75265d4b47d337ffc\",\"size\":1476,\"time\":1611219107,\"ns\":\"\\\\\"},\"target\":{\"file\":\"\\/var\\/www\\/html\\/site\\/assets\\/cache\\/FileCompiler\\/site\\/modules\\/DiagnosePhp\\/DiagnoseExample.module\",\"hash\":\"ffe1a583f9658c72297f796883fced66\",\"size\":1638,\"time\":1611219107}}', '2010-04-08 03:10:10');
INSERT INTO `caches` (`name`, `data`, `expires`) VALUES('FileCompiler__beee426143b91013fd0aa871bfca1609', '{\"source\":{\"file\":\"\\/var\\/www\\/html\\/site\\/modules\\/DiagnosePhp\\/DiagnoseFiles.module\",\"hash\":\"c0bbb0d9ddb27f412461f26cd1a1ef11\",\"size\":6110,\"time\":1611219107,\"ns\":\"\\\\\"},\"target\":{\"file\":\"\\/var\\/www\\/html\\/site\\/assets\\/cache\\/FileCompiler\\/site\\/modules\\/DiagnosePhp\\/DiagnoseFiles.module\",\"hash\":\"73d2184b1128f17fddaeca02017f6cd5\",\"size\":6268,\"time\":1611219107}}', '2010-04-08 03:10:10');
INSERT INTO `caches` (`name`, `data`, `expires`) VALUES('FileCompiler__16122b191f15b11469d30519ad824976', '{\"source\":{\"file\":\"\\/var\\/www\\/html\\/site\\/modules\\/DiagnosePhp\\/DiagnoseModules.module\",\"hash\":\"9541494d63373f3c5df290126ddf4359\",\"size\":6597,\"time\":1611219107,\"ns\":\"\\\\\"},\"target\":{\"file\":\"\\/var\\/www\\/html\\/site\\/assets\\/cache\\/FileCompiler\\/site\\/modules\\/DiagnosePhp\\/DiagnoseModules.module\",\"hash\":\"b87343fbee5f9cce6ea2ce91f741e6ac\",\"size\":6863,\"time\":1611219107}}', '2010-04-08 03:10:10');
INSERT INTO `caches` (`name`, `data`, `expires`) VALUES('FileCompiler__598541cb13523f3b812773211c09272a', '{\"source\":{\"file\":\"\\/var\\/www\\/html\\/site\\/modules\\/DiagnosePhp\\/DiagnosePhp.module\",\"hash\":\"b36f04d3ae3e0a63753a40f40d68035d\",\"size\":8319,\"time\":1611219107,\"ns\":\"\\\\\"},\"target\":{\"file\":\"\\/var\\/www\\/html\\/site\\/assets\\/cache\\/FileCompiler\\/site\\/modules\\/DiagnosePhp\\/DiagnosePhp.module\",\"hash\":\"571729220ee48a626b5fa323d08e2694\",\"size\":8473,\"time\":1611219107}}', '2010-04-08 03:10:10');
INSERT INTO `caches` (`name`, `data`, `expires`) VALUES('FileCompiler__94db96b2d46b7521f4bbb88cdf429b1e', '{\"source\":{\"file\":\"\\/var\\/www\\/html\\/site\\/modules\\/DiagnosePhp\\/DiagnoseWebserver.module\",\"hash\":\"dff2512a4382810bd7c6ce2123472fb1\",\"size\":4413,\"time\":1611219107,\"ns\":\"\\\\\"},\"target\":{\"file\":\"\\/var\\/www\\/html\\/site\\/assets\\/cache\\/FileCompiler\\/site\\/modules\\/DiagnosePhp\\/DiagnoseWebserver.module\",\"hash\":\"9c0878817a4cbeb492ddfd29e923e628\",\"size\":4579,\"time\":1611219107}}', '2010-04-08 03:10:10');
INSERT INTO `caches` (`name`, `data`, `expires`) VALUES('ModulesUninstalled.info', '{\"ProcessCommentsManager\":{\"name\":\"ProcessCommentsManager\",\"title\":\"Comments\",\"version\":10,\"versionStr\":\"0.1.0\",\"author\":\"Ryan Cramer\",\"summary\":\"Manage comments in your site outside of the page editor.\",\"icon\":\"comments\",\"requiresVersions\":{\"FieldtypeComments\":[\">=\",0]},\"permission\":\"comments-manager\",\"permissions\":{\"comments-manager\":\"Use the comments manager\"},\"created\":1611226345,\"installed\":false,\"searchable\":\"comments\",\"namespace\":\"ProcessWire\\\\\",\"core\":true,\"page\":{\"name\":\"comments\",\"parent\":\"setup\",\"title\":\"Comments\"},\"nav\":[{\"url\":\"?go=approved\",\"label\":\"Approved\"},{\"url\":\"?go=pending\",\"label\":\"Pending\"},{\"url\":\"?go=spam\",\"label\":\"Spam\"},{\"url\":\"?go=all\",\"label\":\"All\"}]},\"ProcessForgotPassword\":{\"name\":\"ProcessForgotPassword\",\"title\":\"Forgot Password\",\"version\":103,\"versionStr\":\"1.0.3\",\"summary\":\"Provides password reset\\/email capability for the Login process.\",\"permission\":\"page-view\",\"created\":1611226345,\"installed\":false,\"configurable\":4,\"namespace\":\"ProcessWire\\\\\",\"core\":true},\"ProcessPageClone\":{\"name\":\"ProcessPageClone\",\"title\":\"Page Clone\",\"version\":104,\"versionStr\":\"1.0.4\",\"summary\":\"Provides ability to clone\\/copy\\/duplicate pages in the admin. Adds a &quot;copy&quot; option to all applicable pages in the PageList.\",\"permission\":\"page-clone\",\"permissions\":{\"page-clone\":\"Clone a page\",\"page-clone-tree\":\"Clone a tree of pages\"},\"autoload\":\"template=admin\",\"created\":1611226345,\"installed\":false,\"namespace\":\"ProcessWire\\\\\",\"core\":true,\"page\":{\"name\":\"clone\",\"title\":\"Clone\",\"parent\":\"page\",\"status\":1024}},\"ProcessPagesExportImport\":{\"name\":\"ProcessPagesExportImport\",\"title\":\"Pages Export\\/Import\",\"version\":1,\"versionStr\":\"0.0.1\",\"author\":\"Ryan Cramer\",\"summary\":\"Enables exporting and importing of pages. Development version, not yet recommended for production use.\",\"icon\":\"paper-plane-o\",\"permission\":\"page-edit-export\",\"created\":1611226345,\"installed\":false,\"namespace\":\"ProcessWire\\\\\",\"core\":true,\"page\":{\"name\":\"export-import\",\"parent\":\"page\",\"title\":\"Export\\/Import\"}},\"PageFrontEdit\":{\"name\":\"PageFrontEdit\",\"title\":\"Front-End Page Editor\",\"version\":3,\"versionStr\":\"0.0.3\",\"author\":\"Ryan Cramer\",\"summary\":\"Enables front-end editing of page fields.\",\"icon\":\"cube\",\"permissions\":{\"page-edit-front\":\"Use the front-end page editor\"},\"autoload\":true,\"created\":1611226345,\"installed\":false,\"configurable\":\"PageFrontEditConfig.php\",\"namespace\":\"ProcessWire\\\\\",\"core\":true,\"license\":\"MPL 2.0\"},\"FieldtypeSelector\":{\"name\":\"FieldtypeSelector\",\"title\":\"Selector\",\"version\":13,\"versionStr\":\"0.1.3\",\"author\":\"Avoine + ProcessWire\",\"summary\":\"Build a page finding selector visually.\",\"created\":1611226345,\"installed\":false,\"namespace\":\"ProcessWire\\\\\",\"core\":true},\"FieldtypeCache\":{\"name\":\"FieldtypeCache\",\"title\":\"Cache\",\"version\":102,\"versionStr\":\"1.0.2\",\"summary\":\"Caches the values of other fields for fewer runtime queries. Can also be used to combine multiple text fields and have them all be searchable under the cached field name.\",\"created\":1611226345,\"installed\":false,\"namespace\":\"ProcessWire\\\\\",\"core\":true},\"FieldtypeToggle\":{\"name\":\"FieldtypeToggle\",\"title\":\"Toggle (Yes\\/No)\",\"version\":1,\"versionStr\":\"0.0.1\",\"summary\":\"Configurable yes\\/no, on\\/off toggle alternative to a checkbox, plus optional \\u201cother\\u201d option.\",\"requiresVersions\":{\"InputfieldToggle\":[\">=\",0]},\"created\":1611226345,\"installed\":false,\"namespace\":\"ProcessWire\\\\\",\"core\":true},\"FieldtypeComments\":{\"name\":\"FieldtypeComments\",\"title\":\"Comments\",\"version\":108,\"versionStr\":\"1.0.8\",\"summary\":\"Field that stores user posted comments for a single Page\",\"installs\":[\"InputfieldCommentsAdmin\"],\"created\":1611226345,\"installed\":false,\"namespace\":\"ProcessWire\\\\\",\"core\":true},\"InputfieldCommentsAdmin\":{\"name\":\"InputfieldCommentsAdmin\",\"title\":\"Comments Admin\",\"version\":104,\"versionStr\":\"1.0.4\",\"summary\":\"Provides an administrative interface for working with comments\",\"requiresVersions\":{\"FieldtypeComments\":[\">=\",0]},\"created\":1611226345,\"installed\":false,\"namespace\":\"ProcessWire\\\\\",\"core\":true},\"CommentFilterAkismet\":{\"name\":\"CommentFilterAkismet\",\"title\":\"Comment Filter: Akismet\",\"version\":200,\"versionStr\":\"2.0.0\",\"summary\":\"Uses the Akismet service to identify comment spam. Module plugin for the Comments Fieldtype.\",\"requiresVersions\":{\"FieldtypeComments\":[\">=\",0]},\"created\":1611226345,\"installed\":false,\"configurable\":3,\"namespace\":\"ProcessWire\\\\\",\"core\":true},\"FieldtypePageTable\":{\"name\":\"FieldtypePageTable\",\"title\":\"ProFields: Page Table\",\"version\":8,\"versionStr\":\"0.0.8\",\"summary\":\"A fieldtype containing a group of editable pages.\",\"installs\":[\"InputfieldPageTable\"],\"autoload\":true,\"created\":1611226345,\"installed\":false,\"namespace\":\"ProcessWire\\\\\",\"core\":true},\"FieldtypeFieldsetPage\":{\"name\":\"FieldtypeFieldsetPage\",\"title\":\"Fieldset (Page)\",\"version\":1,\"versionStr\":\"0.0.1\",\"summary\":\"Fieldset with fields isolated to separate namespace (page), enabling re-use of fields.\",\"requiresVersions\":{\"FieldtypeRepeater\":[\">=\",0]},\"autoload\":true,\"created\":1611226345,\"installed\":false,\"configurable\":3,\"namespace\":\"ProcessWire\\\\\",\"core\":true},\"LazyCron\":{\"name\":\"LazyCron\",\"title\":\"Lazy Cron\",\"version\":102,\"versionStr\":\"1.0.2\",\"summary\":\"Provides hooks that are automatically executed at various intervals. It is called \'lazy\' because it\'s triggered by a pageview, so the interval is guaranteed to be at least the time requested, rather than exactly the time requested. This is fine for most cases, but you can make it not lazy by connecting this to a real CRON job. See the module file for details. \",\"href\":\"https:\\/\\/processwire.com\\/api\\/modules\\/lazy-cron\\/\",\"autoload\":true,\"singular\":true,\"created\":1611226345,\"installed\":false,\"namespace\":\"ProcessWire\\\\\",\"core\":true},\"ProcessSessionDB\":{\"name\":\"ProcessSessionDB\",\"title\":\"Sessions\",\"version\":4,\"versionStr\":\"0.0.4\",\"summary\":\"Enables you to browse active database sessions.\",\"icon\":\"dashboard\",\"requiresVersions\":{\"SessionHandlerDB\":[\">=\",0]},\"created\":1611226345,\"installed\":false,\"namespace\":\"ProcessWire\\\\\",\"core\":true,\"page\":{\"name\":\"sessions-db\",\"parent\":\"access\",\"title\":\"Sessions\"}},\"SessionHandlerDB\":{\"name\":\"SessionHandlerDB\",\"title\":\"Session Handler Database\",\"version\":5,\"versionStr\":\"0.0.5\",\"summary\":\"Installing this module makes ProcessWire store sessions in the database rather than the file system. Note that this module will log you out after install or uninstall.\",\"installs\":[\"ProcessSessionDB\"],\"created\":1611226345,\"installed\":false,\"configurable\":3,\"namespace\":\"ProcessWire\\\\\",\"core\":true},\"InputfieldPageTable\":{\"name\":\"InputfieldPageTable\",\"title\":\"ProFields: Page Table\",\"version\":13,\"versionStr\":\"0.1.3\",\"summary\":\"Inputfield to accompany FieldtypePageTable\",\"requiresVersions\":{\"FieldtypePageTable\":[\">=\",0]},\"created\":1611226345,\"installed\":false,\"namespace\":\"ProcessWire\\\\\",\"core\":true},\"InputfieldToggle\":{\"name\":\"InputfieldToggle\",\"title\":\"Toggle\",\"version\":1,\"versionStr\":\"0.0.1\",\"summary\":\"A toggle providing similar input capability to a checkbox but much more configurable.\",\"created\":1611226345,\"installed\":false,\"namespace\":\"ProcessWire\\\\\",\"core\":true},\"TextformatterNewlineBR\":{\"name\":\"TextformatterNewlineBR\",\"title\":\"Newlines to XHTML Line Breaks\",\"version\":100,\"versionStr\":\"1.0.0\",\"summary\":\"Converts newlines to XHTML line break <br \\/> tags. \",\"created\":1611226345,\"installed\":false,\"namespace\":\"ProcessWire\\\\\",\"core\":true},\"TextformatterSmartypants\":{\"name\":\"TextformatterSmartypants\",\"title\":\"SmartyPants Typographer\",\"version\":171,\"versionStr\":\"1.7.1\",\"summary\":\"Smart typography for web sites, by Michel Fortin based on SmartyPants by John Gruber. If combined with Markdown, it should be applied AFTER Markdown.\",\"created\":1611226345,\"installed\":false,\"configurable\":4,\"namespace\":\"ProcessWire\\\\\",\"core\":true,\"url\":\"https:\\/\\/github.com\\/michelf\\/php-smartypants\"},\"TextformatterMarkdownExtra\":{\"name\":\"TextformatterMarkdownExtra\",\"title\":\"Markdown\\/Parsedown Extra\",\"version\":130,\"versionStr\":\"1.3.0\",\"summary\":\"Markdown\\/Parsedown extra lightweight markup language by Emanuil Rusev. Based on Markdown by John Gruber.\",\"created\":1611226345,\"installed\":false,\"configurable\":3,\"namespace\":\"ProcessWire\\\\\",\"core\":true},\"TextformatterStripTags\":{\"name\":\"TextformatterStripTags\",\"title\":\"Strip Markup Tags\",\"version\":100,\"versionStr\":\"1.0.0\",\"summary\":\"Strips HTML\\/XHTML Markup Tags\",\"created\":1611226345,\"installed\":false,\"configurable\":3,\"namespace\":\"ProcessWire\\\\\",\"core\":true},\"TextformatterNewlineUL\":{\"name\":\"TextformatterNewlineUL\",\"title\":\"Newlines to Unordered List\",\"version\":100,\"versionStr\":\"1.0.0\",\"summary\":\"Converts newlines to <li> list items and surrounds in an <ul> unordered list. \",\"created\":1611226345,\"installed\":false,\"namespace\":\"ProcessWire\\\\\",\"core\":true},\"TextformatterPstripper\":{\"name\":\"TextformatterPstripper\",\"title\":\"Paragraph Stripper\",\"version\":100,\"versionStr\":\"1.0.0\",\"summary\":\"Strips paragraph <p> tags that may have been applied by other text formatters before it. \",\"created\":1611226345,\"installed\":false,\"namespace\":\"ProcessWire\\\\\",\"core\":true},\"ImageSizerEngineAnimatedGif\":{\"name\":\"ImageSizerEngineAnimatedGif\",\"title\":\"Animated GIF Image Sizer\",\"version\":1,\"versionStr\":\"0.0.1\",\"author\":\"Horst Nogajski\",\"summary\":\"Upgrades image manipulations for animated GIFs.\",\"created\":1611226345,\"installed\":false,\"configurable\":4,\"namespace\":\"ProcessWire\\\\\",\"core\":true},\"ImageSizerEngineIMagick\":{\"name\":\"ImageSizerEngineIMagick\",\"title\":\"IMagick Image Sizer\",\"version\":3,\"versionStr\":\"0.0.3\",\"author\":\"Horst Nogajski\",\"summary\":\"Upgrades image manipulations to use PHP\'s ImageMagick library when possible.\",\"created\":1611226345,\"installed\":false,\"configurable\":4,\"namespace\":\"ProcessWire\\\\\",\"core\":true},\"PagePaths\":{\"name\":\"PagePaths\",\"title\":\"Page Paths\",\"version\":1,\"versionStr\":\"0.0.1\",\"summary\":\"Enables page paths\\/urls to be queryable by selectors. Also offers potential for improved load performance. Builds an index at install (may take time on a large site). Currently supports only single languages sites.\",\"autoload\":true,\"singular\":true,\"created\":1611226345,\"installed\":false,\"namespace\":\"ProcessWire\\\\\",\"core\":true},\"MarkupCache\":{\"name\":\"MarkupCache\",\"title\":\"Markup Cache\",\"version\":101,\"versionStr\":\"1.0.1\",\"summary\":\"A simple way to cache segments of markup in your templates. \",\"href\":\"https:\\/\\/processwire.com\\/api\\/modules\\/markupcache\\/\",\"autoload\":true,\"singular\":true,\"created\":1611226345,\"installed\":false,\"configurable\":3,\"namespace\":\"ProcessWire\\\\\",\"core\":true},\"MarkupPageFields\":{\"name\":\"MarkupPageFields\",\"title\":\"Markup Page Fields\",\"version\":100,\"versionStr\":\"1.0.0\",\"summary\":\"Adds $page->renderFields() and $page->images->render() methods that return basic markup for output during development and debugging.\",\"autoload\":true,\"singular\":true,\"created\":1611226345,\"installed\":false,\"namespace\":\"ProcessWire\\\\\",\"core\":true,\"permanent\":true},\"MarkupRSS\":{\"name\":\"MarkupRSS\",\"title\":\"Markup RSS Feed\",\"version\":103,\"versionStr\":\"1.0.3\",\"summary\":\"Renders an RSS feed. Given a PageArray, renders an RSS feed of them.\",\"created\":1611226345,\"installed\":false,\"configurable\":3,\"namespace\":\"ProcessWire\\\\\",\"core\":true},\"AdminThemeReno\":{\"name\":\"AdminThemeReno\",\"title\":\"Reno\",\"version\":17,\"versionStr\":\"0.1.7\",\"author\":\"Tom Reno (Renobird)\",\"summary\":\"Admin theme for ProcessWire 2.5+ by Tom Reno (Renobird)\",\"requiresVersions\":{\"AdminThemeDefault\":[\">=\",0]},\"autoload\":\"template=admin\",\"created\":1611226345,\"installed\":false,\"configurable\":3,\"namespace\":\"ProcessWire\\\\\",\"core\":true},\"FieldtypeNotifications\":{\"name\":\"FieldtypeNotifications\",\"title\":\"Notifications\",\"version\":4,\"versionStr\":\"0.0.4\",\"summary\":\"Field that stores user notifications.\",\"requiresVersions\":{\"SystemNotifications\":[\">=\",0]},\"created\":1611226345,\"installed\":false,\"namespace\":\"ProcessWire\\\\\",\"core\":true},\"SystemNotifications\":{\"name\":\"SystemNotifications\",\"title\":\"System Notifications\",\"version\":12,\"versionStr\":\"0.1.2\",\"summary\":\"Adds support for notifications in ProcessWire (currently in development)\",\"icon\":\"bell\",\"installs\":[\"FieldtypeNotifications\"],\"autoload\":true,\"created\":1611226345,\"installed\":false,\"configurable\":\"SystemNotificationsConfig.php\",\"namespace\":\"ProcessWire\\\\\",\"core\":true},\"FileCompilerTags\":{\"name\":\"FileCompilerTags\",\"title\":\"Tags File Compiler\",\"version\":1,\"versionStr\":\"0.0.1\",\"summary\":\"Enables {var} or {var.property} variables in markup sections of a file. Can be used with any API variable.\",\"created\":1611226345,\"installed\":false,\"configurable\":4,\"namespace\":\"ProcessWire\\\\\",\"core\":true},\"DiagnoseExample\":{\"name\":\"DiagnoseExample\",\"title\":\"Example Diagnostics Provider\",\"version\":1,\"versionStr\":\"0.0.1\",\"author\":\"Stephen Dickinson, QBox\",\"summary\":\"Demonstrates how to write a simple diagnostics provider module\",\"requiresVersions\":{\"ProcessDiagnostics\":[\">=\",0]},\"installs\":[\"ProcessDiagnostics\"],\"singular\":true,\"created\":1611226344,\"installed\":false,\"namespace\":\"\\\\\"},\"DiagnoseDatabase\":{\"name\":\"DiagnoseDatabase\",\"title\":\"Database Diagnostics\",\"version\":3,\"versionStr\":\"0.0.3\",\"author\":\"Stephen Dickinson, QBox\",\"summary\":\"Allows collection of database diagnostics\",\"requiresVersions\":{\"ProcessDiagnostics\":[\">=\",0]},\"installs\":[\"ProcessDiagnostics\"],\"singular\":true,\"created\":1611226344,\"installed\":false,\"namespace\":\"\\\\\"},\"DiagnoseFiles\":{\"name\":\"DiagnoseFiles\",\"title\":\"Filesystem Diagnostics\",\"version\":1,\"versionStr\":\"0.0.1\",\"author\":\"Stephen Dickinson, QBox.co\",\"summary\":\"Allows collection of file and directory diagnostics\",\"requiresVersions\":{\"ProcessDiagnostics\":[\">=\",0]},\"installs\":[\"ProcessDiagnostics\"],\"singular\":true,\"created\":1611226344,\"installed\":false,\"namespace\":\"\\\\\"},\"DiagnoseModules\":{\"name\":\"DiagnoseModules\",\"title\":\"Module version checking\",\"version\":101,\"versionStr\":\"1.0.1\",\"author\":\"Nico Knoll\",\"summary\":\"Allows collection of module version diagnostics\",\"requiresVersions\":{\"ProcessDiagnostics\":[\">=\",0]},\"installs\":[\"ProcessDiagnostics\"],\"singular\":true,\"created\":1611226344,\"installed\":false,\"configurable\":true,\"namespace\":\"\\\\\"},\"DiagnosePhp\":{\"name\":\"DiagnosePhp\",\"title\":\"PHP Diagnostics\",\"version\":7,\"versionStr\":\"0.0.7\",\"author\":\"Stephen Dickinson, QBox\",\"summary\":\"Allows collection of PHP diagnostics\",\"requiresVersions\":{\"ProcessDiagnostics\":[\">=\",0]},\"installs\":[\"ProcessDiagnostics\"],\"singular\":true,\"created\":1611226344,\"installed\":false,\"namespace\":\"\\\\\"},\"DiagnoseWebserver\":{\"name\":\"DiagnoseWebserver\",\"title\":\"Webserver Diagnostics\",\"version\":2,\"versionStr\":\"0.0.2\",\"author\":\"Netcarver\",\"summary\":\"Allows collection of webserver diagnostics\",\"requiresVersions\":{\"ProcessDiagnostics\":[\">=\",0]},\"installs\":[\"ProcessDiagnostics\"],\"singular\":true,\"created\":1611226344,\"installed\":false,\"namespace\":\"\\\\\"},\"Helloworld\":{\"name\":\"Helloworld\",\"title\":\"Hello World\",\"version\":3,\"versionStr\":\"0.0.3\",\"summary\":\"An example module used for demonstration purposes.\",\"href\":\"https:\\/\\/processwire.com\",\"icon\":\"smile-o\",\"autoload\":true,\"singular\":true,\"created\":1611226344,\"installed\":false}}', '2010-04-08 03:10:01');
INSERT INTO `caches` (`name`, `data`, `expires`) VALUES('FileCompiler__7570546ec63930a47a98284e35f14338', '{\"source\":{\"file\":\"\\/var\\/www\\/vhosts\\/hosting105330.a2fa5.netcup.net\\/boardschmiede.startuppages.de\\/www\\/site\\/modules\\/DiagnosePhp\\/DiagnoseModules.module\",\"hash\":\"9541494d63373f3c5df290126ddf4359\",\"size\":6597,\"time\":1611226344,\"ns\":\"\\\\\"},\"target\":{\"file\":\"\\/var\\/www\\/vhosts\\/hosting105330.a2fa5.netcup.net\\/boardschmiede.startuppages.de\\/www\\/site\\/assets\\/cache\\/FileCompiler\\/site\\/modules\\/DiagnosePhp\\/DiagnoseModules.module\",\"hash\":\"f5fd022fd41c600f76e039d88f319305\",\"size\":6997,\"time\":1611226344}}', '2010-04-08 03:10:10');
INSERT INTO `caches` (`name`, `data`, `expires`) VALUES('FileCompiler__e9dcc27212e7e9ee6039449c24f390a1', '{\"source\":{\"file\":\"\\/var\\/www\\/vhosts\\/hosting105330.a2fa5.netcup.net\\/boardschmiede.startuppages.de\\/www\\/site\\/modules\\/DiagnosePhp\\/DiagnoseExample.module\",\"hash\":\"cdaa285c8c566fe75265d4b47d337ffc\",\"size\":1476,\"time\":1611226344,\"ns\":\"\\\\\"},\"target\":{\"file\":\"\\/var\\/www\\/vhosts\\/hosting105330.a2fa5.netcup.net\\/boardschmiede.startuppages.de\\/www\\/site\\/assets\\/cache\\/FileCompiler\\/site\\/modules\\/DiagnosePhp\\/DiagnoseExample.module\",\"hash\":\"c17edfce2a28f5b53f6f4a72d69e63aa\",\"size\":1772,\"time\":1611226344}}', '2010-04-08 03:10:10');
INSERT INTO `caches` (`name`, `data`, `expires`) VALUES('FileCompiler__057b8887040e098a4c4013f227c8ea5c', '{\"source\":{\"file\":\"\\/var\\/www\\/vhosts\\/hosting105330.a2fa5.netcup.net\\/boardschmiede.startuppages.de\\/www\\/site\\/modules\\/DiagnosePhp\\/DiagnoseWebserver.module\",\"hash\":\"dff2512a4382810bd7c6ce2123472fb1\",\"size\":4413,\"time\":1611226344,\"ns\":\"\\\\\"},\"target\":{\"file\":\"\\/var\\/www\\/vhosts\\/hosting105330.a2fa5.netcup.net\\/boardschmiede.startuppages.de\\/www\\/site\\/assets\\/cache\\/FileCompiler\\/site\\/modules\\/DiagnosePhp\\/DiagnoseWebserver.module\",\"hash\":\"e2df5e8f8d3f3b9928417937d443301f\",\"size\":4713,\"time\":1611226344}}', '2010-04-08 03:10:10');
INSERT INTO `caches` (`name`, `data`, `expires`) VALUES('FileCompiler__6db0c6bb5db4d2195681985715e8b0cf', '{\"source\":{\"file\":\"\\/var\\/www\\/vhosts\\/hosting105330.a2fa5.netcup.net\\/boardschmiede.startuppages.de\\/www\\/site\\/modules\\/DiagnosePhp\\/DiagnoseDatabase.module\",\"hash\":\"c896ad8a79fd6d265db22845c46189ea\",\"size\":9660,\"time\":1611226344,\"ns\":\"\\\\\"},\"target\":{\"file\":\"\\/var\\/www\\/vhosts\\/hosting105330.a2fa5.netcup.net\\/boardschmiede.startuppages.de\\/www\\/site\\/assets\\/cache\\/FileCompiler\\/site\\/modules\\/DiagnosePhp\\/DiagnoseDatabase.module\",\"hash\":\"e08cb252bf41568673f8485a6854fe47\",\"size\":9958,\"time\":1611226344}}', '2010-04-08 03:10:10');
INSERT INTO `caches` (`name`, `data`, `expires`) VALUES('FileCompiler__5dd0719e0880c53e0bcf5d87f7955c75', '{\"source\":{\"file\":\"\\/var\\/www\\/vhosts\\/hosting105330.a2fa5.netcup.net\\/boardschmiede.startuppages.de\\/www\\/site\\/modules\\/DiagnosePhp\\/DiagnoseFiles.module\",\"hash\":\"c0bbb0d9ddb27f412461f26cd1a1ef11\",\"size\":6110,\"time\":1611226344,\"ns\":\"\\\\\"},\"target\":{\"file\":\"\\/var\\/www\\/vhosts\\/hosting105330.a2fa5.netcup.net\\/boardschmiede.startuppages.de\\/www\\/site\\/assets\\/cache\\/FileCompiler\\/site\\/modules\\/DiagnosePhp\\/DiagnoseFiles.module\",\"hash\":\"7d7ae3c7c665ebab23846876c5bcd11b\",\"size\":6402,\"time\":1611226344}}', '2010-04-08 03:10:10');
INSERT INTO `caches` (`name`, `data`, `expires`) VALUES('FileCompiler__a8aaa406d4c8a2a2d5e64a124a204423', '{\"source\":{\"file\":\"\\/var\\/www\\/vhosts\\/hosting105330.a2fa5.netcup.net\\/boardschmiede.startuppages.de\\/www\\/site\\/modules\\/DiagnosePhp\\/DiagnosePhp.module\",\"hash\":\"b36f04d3ae3e0a63753a40f40d68035d\",\"size\":8319,\"time\":1611226344,\"ns\":\"\\\\\"},\"target\":{\"file\":\"\\/var\\/www\\/vhosts\\/hosting105330.a2fa5.netcup.net\\/boardschmiede.startuppages.de\\/www\\/site\\/assets\\/cache\\/FileCompiler\\/site\\/modules\\/DiagnosePhp\\/DiagnosePhp.module\",\"hash\":\"57b2e2dac9a90760b240a891fca7f6a8\",\"size\":8607,\"time\":1611226344}}', '2010-04-08 03:10:10');
INSERT INTO `caches` (`name`, `data`, `expires`) VALUES('FileCompiler__f2e4d52674d2585db1da04d8a8cfec9e', '{\"source\":{\"file\":\"\\/var\\/www\\/vhosts\\/hosting105330.a2fa5.netcup.net\\/boardschmiede.startuppages.de\\/www\\/site\\/modules\\/WireMailSmtp\\/WireMailSmtp.module\",\"hash\":\"73dc9d5d5c15f85541e37118c8f7c7c3\",\"size\":40196,\"time\":1615364152,\"ns\":\"\\\\\"},\"target\":{\"file\":\"\\/var\\/www\\/vhosts\\/hosting105330.a2fa5.netcup.net\\/boardschmiede.startuppages.de\\/www\\/site\\/assets\\/cache\\/FileCompiler\\/site\\/modules\\/WireMailSmtp\\/WireMailSmtp.module\",\"hash\":\"7f817daffc16cc77ee1428930cf579db\",\"size\":40931,\"time\":1615364152}}', '2010-04-08 03:10:10');
INSERT INTO `caches` (`name`, `data`, `expires`) VALUES('FileCompiler__418e996101ee4cef121df829cb9f305c', '{\"source\":{\"file\":\"\\/var\\/www\\/vhosts\\/hosting105330.a2fa5.netcup.net\\/boardschmiede.startuppages.de\\/www\\/site\\/modules\\/WireMailSmtp\\/WireMailSmtpConfig.php\",\"hash\":\"7d94483b967fc0f4ac3c3b9bd6c19bb5\",\"size\":29217,\"time\":1615364152,\"ns\":\"\\\\\"},\"target\":{\"file\":\"\\/var\\/www\\/vhosts\\/hosting105330.a2fa5.netcup.net\\/boardschmiede.startuppages.de\\/www\\/site\\/assets\\/cache\\/FileCompiler\\/site\\/modules\\/WireMailSmtp\\/WireMailSmtpConfig.php\",\"hash\":\"6bc0eaa55ef36690049e7152c1b5d412\",\"size\":29516,\"time\":1615364152}}', '2010-04-08 03:10:10');
INSERT INTO `caches` (`name`, `data`, `expires`) VALUES('FileCompiler__43a4ac9a77bac522cdbfe93c4594c9ab', '{\"source\":{\"file\":\"\\/var\\/www\\/vhosts\\/hosting105330.a2fa5.netcup.net\\/boardschmiede.startuppages.de\\/www\\/site\\/modules\\/WireMailSmtp\\/WireMailSmtpAdaptor.php\",\"hash\":\"9e1195ba197f9ac09c64e204b185ae49\",\"size\":17005,\"time\":1615364152,\"ns\":\"\\\\\"},\"target\":{\"file\":\"\\/var\\/www\\/vhosts\\/hosting105330.a2fa5.netcup.net\\/boardschmiede.startuppages.de\\/www\\/site\\/assets\\/cache\\/FileCompiler\\/site\\/modules\\/WireMailSmtp\\/WireMailSmtpAdaptor.php\",\"hash\":\"a1c7b569aff7955fb2357fd382aa9469\",\"size\":17911,\"time\":1615364152}}', '2010-04-08 03:10:10');
INSERT INTO `caches` (`name`, `data`, `expires`) VALUES('FileCompiler__53292c5083eb235fe2f9d69d930c3376', '{\"source\":{\"file\":\"\\/var\\/www\\/vhosts\\/hosting105330.a2fa5.netcup.net\\/boardschmiede.startuppages.de\\/www\\/site\\/modules\\/WireMailSmtp\\/smtp_classes\\/email_message.php\",\"hash\":\"5509de5f6ee8dc71b066dba00d7cd58f\",\"size\":121559,\"time\":1615364152,\"ns\":\"\\\\\"},\"target\":{\"file\":\"\\/var\\/www\\/vhosts\\/hosting105330.a2fa5.netcup.net\\/boardschmiede.startuppages.de\\/www\\/site\\/assets\\/cache\\/FileCompiler\\/site\\/modules\\/WireMailSmtp\\/smtp_classes\\/email_message.php\",\"hash\":\"9bbc832ccaa29bf04a2fe91478110bc9\",\"size\":121763,\"time\":1615364152}}', '2010-04-08 03:10:10');
INSERT INTO `caches` (`name`, `data`, `expires`) VALUES('FileCompiler__8bcef38ad754b71942afb4319d6c0a5e', '{\"source\":{\"file\":\"\\/var\\/www\\/vhosts\\/hosting105330.a2fa5.netcup.net\\/boardschmiede.startuppages.de\\/www\\/site\\/modules\\/WireMailSmtp\\/smtp_classes\\/smtp_message.php\",\"hash\":\"43ae4607f77e9dcac2f0ae28d45c89dd\",\"size\":25571,\"time\":1615364152,\"ns\":\"\\\\\"},\"target\":{\"file\":\"\\/var\\/www\\/vhosts\\/hosting105330.a2fa5.netcup.net\\/boardschmiede.startuppages.de\\/www\\/site\\/assets\\/cache\\/FileCompiler\\/site\\/modules\\/WireMailSmtp\\/smtp_classes\\/smtp_message.php\",\"hash\":\"10565b5520926581ecbf555c6ba3c551\",\"size\":26177,\"time\":1615364152}}', '2010-04-08 03:10:10');
INSERT INTO `caches` (`name`, `data`, `expires`) VALUES('FileCompiler__10d1c7948d07eb592745401399e256b5', '{\"source\":{\"file\":\"D:\\/workspace\\/boardschmiede\\/site\\/templates\\/snipcart-shop.php\",\"hash\":\"acbe7e49e5692d7e62b7bcce191aec1c\",\"size\":4804,\"time\":1587764648,\"ns\":\"ProcessWire\"},\"target\":{\"file\":\"D:\\/workspace\\/boardschmiede\\/site\\/assets\\/cache\\/FileCompiler\\/site\\/templates\\/snipcart-shop.php\",\"hash\":\"acbe7e49e5692d7e62b7bcce191aec1c\",\"size\":4804,\"time\":1587764648}}', '2010-04-08 03:10:10');
INSERT INTO `caches` (`name`, `data`, `expires`) VALUES('FileCompiler__d08a355181dd83464397bec6cad4f0d9', '{\"source\":{\"file\":\"D:\\/workspace\\/boardschmiede\\/site\\/templates\\/snipcart-product.php\",\"hash\":\"960e57fb2e0621050bd5012f17b2c759\",\"size\":3608,\"time\":1589314380,\"ns\":\"ProcessWire\"},\"target\":{\"file\":\"D:\\/workspace\\/boardschmiede\\/site\\/assets\\/cache\\/FileCompiler\\/site\\/templates\\/snipcart-product.php\",\"hash\":\"960e57fb2e0621050bd5012f17b2c759\",\"size\":3608,\"time\":1589314380}}', '2010-04-08 03:10:10');
INSERT INTO `caches` (`name`, `data`, `expires`) VALUES('FileCompiler__9c2671026bf8475e299ca16b66fff0b0', '{\"source\":{\"file\":\"\\/var\\/www\\/vhosts\\/hosting105330.a2fa5.netcup.net\\/boardschmiede.startuppages.de\\/site\\/templates\\/admin.php\",\"hash\":\"9636f854995462a4cb877cb1204bc2fe\",\"size\":467,\"time\":1581147920,\"ns\":\"ProcessWire\"},\"target\":{\"file\":\"\\/var\\/www\\/vhosts\\/hosting105330.a2fa5.netcup.net\\/boardschmiede.startuppages.de\\/site\\/assets\\/cache\\/FileCompiler\\/site\\/templates\\/admin.php\",\"hash\":\"9636f854995462a4cb877cb1204bc2fe\",\"size\":467,\"time\":1581147920}}', '2010-04-08 03:10:10');
INSERT INTO `caches` (`name`, `data`, `expires`) VALUES('FileCompiler__719b1c92c0d71287cf49f0cb9ce72722', '{\"source\":{\"file\":\"\\/var\\/www\\/vhosts\\/hosting105330.a2fa5.netcup.net\\/boardschmiede.startuppages.de\\/site\\/templates\\/_init.php\",\"hash\":\"03d948499ec1c07d62a674daefd3ad67\",\"size\":1035,\"time\":1588086579,\"ns\":\"ProcessWire\"},\"target\":{\"file\":\"\\/var\\/www\\/vhosts\\/hosting105330.a2fa5.netcup.net\\/boardschmiede.startuppages.de\\/site\\/assets\\/cache\\/FileCompiler\\/site\\/templates\\/_init.php\",\"hash\":\"03d948499ec1c07d62a674daefd3ad67\",\"size\":1035,\"time\":1588086579}}', '2010-04-08 03:10:10');
INSERT INTO `caches` (`name`, `data`, `expires`) VALUES('FileCompiler__71e1d45129dd660f2bbe9d08e08eaabe', '{\"source\":{\"file\":\"\\/var\\/www\\/vhosts\\/hosting105330.a2fa5.netcup.net\\/boardschmiede.startuppages.de\\/site\\/templates\\/_main.php\",\"hash\":\"63696b89db0432571dfee20d3d71259c\",\"size\":4730,\"time\":1591464338,\"ns\":\"ProcessWire\"},\"target\":{\"file\":\"\\/var\\/www\\/vhosts\\/hosting105330.a2fa5.netcup.net\\/boardschmiede.startuppages.de\\/site\\/assets\\/cache\\/FileCompiler\\/site\\/templates\\/_main.php\",\"hash\":\"63696b89db0432571dfee20d3d71259c\",\"size\":4730,\"time\":1591464338}}', '2010-04-08 03:10:10');
INSERT INTO `caches` (`name`, `data`, `expires`) VALUES('FileCompiler__0637f534f5e599f4fa52bf1b2ce45e14', '{\"source\":{\"file\":\"\\/var\\/www\\/vhosts\\/hosting105330.a2fa5.netcup.net\\/boardschmiede.startuppages.de\\/site\\/templates\\/home.php\",\"hash\":\"ffe39a23d734e9c83747987ac2f14266\",\"size\":4183,\"time\":1590572396,\"ns\":\"ProcessWire\"},\"target\":{\"file\":\"\\/var\\/www\\/vhosts\\/hosting105330.a2fa5.netcup.net\\/boardschmiede.startuppages.de\\/site\\/assets\\/cache\\/FileCompiler\\/site\\/templates\\/home.php\",\"hash\":\"ffe39a23d734e9c83747987ac2f14266\",\"size\":4183,\"time\":1590572396}}', '2010-04-08 03:10:10');
INSERT INTO `caches` (`name`, `data`, `expires`) VALUES('FileCompiler__6934b55f6941570c3c11ba3bb30d0eb5', '{\"source\":{\"file\":\"\\/var\\/www\\/vhosts\\/hosting105330.a2fa5.netcup.net\\/boardschmiede.startuppages.de\\/site\\/templates\\/basic-page.php\",\"hash\":\"343a5c586f1e72cafba78739f0acd525\",\"size\":969,\"time\":1587755264,\"ns\":\"ProcessWire\"},\"target\":{\"file\":\"\\/var\\/www\\/vhosts\\/hosting105330.a2fa5.netcup.net\\/boardschmiede.startuppages.de\\/site\\/assets\\/cache\\/FileCompiler\\/site\\/templates\\/basic-page.php\",\"hash\":\"343a5c586f1e72cafba78739f0acd525\",\"size\":969,\"time\":1587755264}}', '2010-04-08 03:10:10');
INSERT INTO `caches` (`name`, `data`, `expires`) VALUES('FileCompiler__77e612c9318513cbfd0f58e50db92fe2', '{\"source\":{\"file\":\"\\/var\\/www\\/vhosts\\/hosting105330.a2fa5.netcup.net\\/boardschmiede.startuppages.de\\/site\\/templates\\/board-overview-page.php\",\"hash\":\"228da90ebb07876259c207b8acde13f2\",\"size\":969,\"time\":1590572396,\"ns\":\"ProcessWire\"},\"target\":{\"file\":\"\\/var\\/www\\/vhosts\\/hosting105330.a2fa5.netcup.net\\/boardschmiede.startuppages.de\\/site\\/assets\\/cache\\/FileCompiler\\/site\\/templates\\/board-overview-page.php\",\"hash\":\"228da90ebb07876259c207b8acde13f2\",\"size\":969,\"time\":1590572396}}', '2010-04-08 03:10:10');
INSERT INTO `caches` (`name`, `data`, `expires`) VALUES('FileCompiler__ed274b250801bc6c0a06ead473f2aa92', '{\"source\":{\"file\":\"\\/var\\/www\\/vhosts\\/hosting105330.a2fa5.netcup.net\\/boardschmiede.startuppages.de\\/site\\/templates\\/snipcart-product.php\",\"hash\":\"0869ba09c3ecec5488ac110b9ae1ef80\",\"size\":3542,\"time\":1591464338,\"ns\":\"ProcessWire\"},\"target\":{\"file\":\"\\/var\\/www\\/vhosts\\/hosting105330.a2fa5.netcup.net\\/boardschmiede.startuppages.de\\/site\\/assets\\/cache\\/FileCompiler\\/site\\/templates\\/snipcart-product.php\",\"hash\":\"0869ba09c3ecec5488ac110b9ae1ef80\",\"size\":3542,\"time\":1591464338}}', '2010-04-08 03:10:10');
INSERT INTO `caches` (`name`, `data`, `expires`) VALUES('FileCompiler__bf144429e626acd79085252c7d0628ad', '{\"source\":{\"file\":\"\\/var\\/www\\/html\\/site\\/templates\\/_init.php\",\"hash\":\"03d948499ec1c07d62a674daefd3ad67\",\"size\":1035,\"time\":1590404553,\"ns\":\"ProcessWire\"},\"target\":{\"file\":\"\\/var\\/www\\/html\\/site\\/assets\\/cache\\/FileCompiler\\/site\\/templates\\/_init.php\",\"hash\":\"03d948499ec1c07d62a674daefd3ad67\",\"size\":1035,\"time\":1590404553}}', '2010-04-08 03:10:10');
INSERT INTO `caches` (`name`, `data`, `expires`) VALUES('FileCompiler__c9c7e241b39e7b8c09a07cb000306242', '{\"source\":{\"file\":\"\\/var\\/www\\/html\\/site\\/templates\\/_main.php\",\"hash\":\"8ba12b18339a15d291892d0fdeeebcb2\",\"size\":4950,\"time\":1615124631,\"ns\":\"ProcessWire\"},\"target\":{\"file\":\"\\/var\\/www\\/html\\/site\\/assets\\/cache\\/FileCompiler\\/site\\/templates\\/_main.php\",\"hash\":\"8ba12b18339a15d291892d0fdeeebcb2\",\"size\":4950,\"time\":1615124631}}', '2010-04-08 03:10:10');
INSERT INTO `caches` (`name`, `data`, `expires`) VALUES('FileCompiler__874910242a2375010bfe6ba44dda8f7d', '{\"source\":{\"file\":\"\\/var\\/www\\/html\\/site\\/templates\\/home.php\",\"hash\":\"3a5d0901c2ced0a88bea1feaf5b84686\",\"size\":4604,\"time\":1615121588,\"ns\":\"ProcessWire\"},\"target\":{\"file\":\"\\/var\\/www\\/html\\/site\\/assets\\/cache\\/FileCompiler\\/site\\/templates\\/home.php\",\"hash\":\"3a5d0901c2ced0a88bea1feaf5b84686\",\"size\":4604,\"time\":1615121588}}', '2010-04-08 03:10:10');
INSERT INTO `caches` (`name`, `data`, `expires`) VALUES('FileCompiler__edf85e782ce9741d852681e74e29205e', '{\"source\":{\"file\":\"\\/var\\/www\\/html\\/site\\/templates\\/admin.php\",\"hash\":\"9636f854995462a4cb877cb1204bc2fe\",\"size\":467,\"time\":1590404553,\"ns\":\"ProcessWire\"},\"target\":{\"file\":\"\\/var\\/www\\/html\\/site\\/assets\\/cache\\/FileCompiler\\/site\\/templates\\/admin.php\",\"hash\":\"9636f854995462a4cb877cb1204bc2fe\",\"size\":467,\"time\":1590404553}}', '2010-04-08 03:10:10');
INSERT INTO `caches` (`name`, `data`, `expires`) VALUES('FileCompiler__be292a7a1566a2c9a5f504b4d767d32b', '{\"source\":{\"file\":\"\\/var\\/www\\/html\\/site\\/templates\\/snipcart-shop.php\",\"hash\":\"a96f4f0e12f0b5aa5bc19dfb154897f6\",\"size\":3853,\"time\":1615114693,\"ns\":\"ProcessWire\"},\"target\":{\"file\":\"\\/var\\/www\\/html\\/site\\/assets\\/cache\\/FileCompiler\\/site\\/templates\\/snipcart-shop.php\",\"hash\":\"a96f4f0e12f0b5aa5bc19dfb154897f6\",\"size\":3853,\"time\":1615114693}}', '2010-04-08 03:10:10');
INSERT INTO `caches` (`name`, `data`, `expires`) VALUES('FileCompiler__dbb91cc358d7cba73b127b80e3224c38', '{\"source\":{\"file\":\"\\/var\\/www\\/html\\/site\\/templates\\/board-overview-page.php\",\"hash\":\"228da90ebb07876259c207b8acde13f2\",\"size\":969,\"time\":1611219107,\"ns\":\"ProcessWire\"},\"target\":{\"file\":\"\\/var\\/www\\/html\\/site\\/assets\\/cache\\/FileCompiler\\/site\\/templates\\/board-overview-page.php\",\"hash\":\"228da90ebb07876259c207b8acde13f2\",\"size\":969,\"time\":1611219107}}', '2010-04-08 03:10:10');
INSERT INTO `caches` (`name`, `data`, `expires`) VALUES('FileCompiler__e18d6d706f7cc3fd46f16657b1515d05', '{\"source\":{\"file\":\"\\/var\\/www\\/html\\/site\\/templates\\/snipcart-product.php\",\"hash\":\"9cf3e76a7938d7a225bf4ad295806c37\",\"size\":5064,\"time\":1615128330,\"ns\":\"ProcessWire\"},\"target\":{\"file\":\"\\/var\\/www\\/html\\/site\\/assets\\/cache\\/FileCompiler\\/site\\/templates\\/snipcart-product.php\",\"hash\":\"9cf3e76a7938d7a225bf4ad295806c37\",\"size\":5064,\"time\":1615128330}}', '2010-04-08 03:10:10');
INSERT INTO `caches` (`name`, `data`, `expires`) VALUES('FileCompiler__fb488b2a5cdaed9adaa824e46d8928bd', '{\"source\":{\"file\":\"\\/var\\/www\\/html\\/site\\/modules\\/DiagnosePhp\\/ProcessDiagnostics.module\",\"hash\":\"4560b510543cc143dfd2d7d481cd7deb\",\"size\":10814,\"time\":1611219107,\"ns\":\"\\\\\"},\"target\":{\"file\":\"\\/var\\/www\\/html\\/site\\/assets\\/cache\\/FileCompiler\\/site\\/modules\\/DiagnosePhp\\/ProcessDiagnostics.module\",\"hash\":\"f8d637f56c389feadc1d06516d54ba97\",\"size\":10995,\"time\":1611219107}}', '2010-04-08 03:10:10');
INSERT INTO `caches` (`name`, `data`, `expires`) VALUES('FileCompiler__78d9f32bd441b87dc4cee5fcb33d9e14', '{\"source\":{\"file\":\"\\/var\\/www\\/html\\/site\\/templates\\/basic-page-twoes.php\",\"hash\":\"95d5126652f84841675220e35d2465e7\",\"size\":1482,\"time\":1611219107,\"ns\":\"ProcessWire\"},\"target\":{\"file\":\"\\/var\\/www\\/html\\/site\\/assets\\/cache\\/FileCompiler\\/site\\/templates\\/basic-page-twoes.php\",\"hash\":\"95d5126652f84841675220e35d2465e7\",\"size\":1482,\"time\":1611219107}}', '2010-04-08 03:10:10');
INSERT INTO `caches` (`name`, `data`, `expires`) VALUES('FileCompiler__83ca1f68dea864aaeecc719bed1f7e58', '{\"source\":{\"file\":\"\\/var\\/www\\/vhosts\\/hosting105330.a2fa5.netcup.net\\/boardschmiede.startuppages.de\\/site\\/modules\\/DiagnosePhp\\/DiagnoseImagehandling.module\",\"hash\":\"7dd8fa804558f80a390773c9ba82aa29\",\"size\":6577,\"time\":1587643984,\"ns\":\"\\\\\"},\"target\":{\"file\":\"\\/var\\/www\\/vhosts\\/hosting105330.a2fa5.netcup.net\\/boardschmiede.startuppages.de\\/site\\/assets\\/cache\\/FileCompiler\\/site\\/modules\\/DiagnosePhp\\/DiagnoseImagehandling.module\",\"hash\":\"b7da8796303c74668c0d657ed4c84239\",\"size\":6877,\"time\":1587643984}}', '2010-04-08 03:10:10');
INSERT INTO `caches` (`name`, `data`, `expires`) VALUES('FileCompiler__5207bcfc6e29ffc4a068d4726ce9743e', '{\"source\":{\"file\":\"\\/var\\/www\\/vhosts\\/hosting105330.a2fa5.netcup.net\\/boardschmiede.startuppages.de\\/site\\/modules\\/DiagnosePhp\\/ProcessDiagnostics.module\",\"hash\":\"4560b510543cc143dfd2d7d481cd7deb\",\"size\":10814,\"time\":1587643984,\"ns\":\"\\\\\"},\"target\":{\"file\":\"\\/var\\/www\\/vhosts\\/hosting105330.a2fa5.netcup.net\\/boardschmiede.startuppages.de\\/site\\/assets\\/cache\\/FileCompiler\\/site\\/modules\\/DiagnosePhp\\/ProcessDiagnostics.module\",\"hash\":\"bdc1f290ff05e17d276920adb4668a32\",\"size\":11121,\"time\":1587643984}}', '2010-04-08 03:10:10');
INSERT INTO `caches` (`name`, `data`, `expires`) VALUES('FileCompiler__c2d19fcfe61841581a46d928931b06a0', '{\"source\":{\"file\":\"\\/var\\/www\\/vhosts\\/hosting105330.a2fa5.netcup.net\\/boardschmiede.startuppages.de\\/site\\/templates\\/snipcart-shop.php\",\"hash\":\"e0c46fd9c59c14bc031a2e87032c7629\",\"size\":3826,\"time\":1590572396,\"ns\":\"ProcessWire\"},\"target\":{\"file\":\"\\/var\\/www\\/vhosts\\/hosting105330.a2fa5.netcup.net\\/boardschmiede.startuppages.de\\/site\\/assets\\/cache\\/FileCompiler\\/site\\/templates\\/snipcart-shop.php\",\"hash\":\"e0c46fd9c59c14bc031a2e87032c7629\",\"size\":3826,\"time\":1590572396}}', '2010-04-08 03:10:10');
INSERT INTO `caches` (`name`, `data`, `expires`) VALUES('FileCompiler__6a93c26a6d4fecfd179f7b59e309d19b', '{\"source\":{\"file\":\"\\/var\\/www\\/vhosts\\/hosting105330.a2fa5.netcup.net\\/boardschmiede.startuppages.de\\/site\\/templates\\/basic-page-twoes.php\",\"hash\":\"95d5126652f84841675220e35d2465e7\",\"size\":1482,\"time\":1591464338,\"ns\":\"ProcessWire\"},\"target\":{\"file\":\"\\/var\\/www\\/vhosts\\/hosting105330.a2fa5.netcup.net\\/boardschmiede.startuppages.de\\/site\\/assets\\/cache\\/FileCompiler\\/site\\/templates\\/basic-page-twoes.php\",\"hash\":\"95d5126652f84841675220e35d2465e7\",\"size\":1482,\"time\":1591464338}}', '2010-04-08 03:10:10');
INSERT INTO `caches` (`name`, `data`, `expires`) VALUES('FileCompiler__6e3ef7a4bd4ea6cd643685ec40576860', '{\"source\":{\"file\":\"\\/var\\/www\\/html\\/site\\/templates\\/gallery.php\",\"hash\":\"6f605e9be345a729484b4ce9f3b7a515\",\"size\":255,\"time\":1615115223,\"ns\":\"ProcessWire\"},\"target\":{\"file\":\"\\/var\\/www\\/html\\/site\\/assets\\/cache\\/FileCompiler\\/site\\/templates\\/gallery.php\",\"hash\":\"6f605e9be345a729484b4ce9f3b7a515\",\"size\":255,\"time\":1615115223}}', '2010-04-08 03:10:10');
INSERT INTO `caches` (`name`, `data`, `expires`) VALUES('FileCompiler__2df9314273afdeed8cb4f684610e2cd5', '{\"source\":{\"file\":\"\\/var\\/www\\/html\\/site\\/templates\\/basic-page.php\",\"hash\":\"0bec5b24da78988fda736adb9bd87024\",\"size\":1276,\"time\":1615117815,\"ns\":\"ProcessWire\"},\"target\":{\"file\":\"\\/var\\/www\\/html\\/site\\/assets\\/cache\\/FileCompiler\\/site\\/templates\\/basic-page.php\",\"hash\":\"0bec5b24da78988fda736adb9bd87024\",\"size\":1276,\"time\":1615117815}}', '2010-04-08 03:10:10');
INSERT INTO `caches` (`name`, `data`, `expires`) VALUES('FileCompiler__1c031aca598ba8b2e8b5310e061dc7a6', '{\"source\":{\"file\":\"\\/var\\/www\\/html\\/site\\/modules\\/FieldtypeColorPicker\\/InputfieldColorPicker.module\",\"hash\":\"61be546def986999e0fdff5833779d84\",\"size\":3009,\"time\":1615122570,\"ns\":\"\\\\\"},\"target\":{\"file\":\"\\/var\\/www\\/html\\/site\\/assets\\/cache\\/FileCompiler\\/site\\/modules\\/FieldtypeColorPicker\\/InputfieldColorPicker.module\",\"hash\":\"e164f2881909deb7457cf4eef67a4701\",\"size\":3022,\"time\":1615122570}}', '2010-04-08 03:10:10');
INSERT INTO `caches` (`name`, `data`, `expires`) VALUES('FileCompiler__1b10f0531053b9d597f5f027cde6a450', '{\"source\":{\"file\":\"\\/var\\/www\\/vhosts\\/hosting105330.a2fa5.netcup.net\\/boardschmiede.startuppages.de\\/www\\/site\\/modules\\/WireMailSendGrid\\/sendgrid-php\\/vendor\\/composer\\/autoload_real.php\",\"hash\":\"7c22aeb67ff247b1ff77c07a078d5315\",\"size\":2414,\"time\":1615456682,\"ns\":\"\\\\\"},\"target\":{\"file\":\"\\/var\\/www\\/vhosts\\/hosting105330.a2fa5.netcup.net\\/boardschmiede.startuppages.de\\/www\\/site\\/assets\\/cache\\/FileCompiler\\/site\\/modules\\/WireMailSendGrid\\/sendgrid-php\\/vendor\\/composer\\/autoload_real.php\",\"hash\":\"1c3d85b8bfa99ab5b82aaa94bb07cc07\",\"size\":3815,\"time\":1615456682}}', '2010-04-08 03:10:10');
INSERT INTO `caches` (`name`, `data`, `expires`) VALUES('FileCompiler__6ca3e89be8ad359383e76d8de1453849', '{\"source\":{\"file\":\"\\/var\\/www\\/vhosts\\/hosting105330.a2fa5.netcup.net\\/boardschmiede.startuppages.de\\/www\\/site\\/modules\\/WireMailSendGrid\\/sendgrid-php\\/vendor\\/composer\\/ClassLoader.php\",\"hash\":\"cbaa5b0b4afe0bd4ab58b7bf0bb45b76\",\"size\":13422,\"time\":1615456682,\"ns\":\"Composer\\\\Autoload\"},\"target\":{\"file\":\"\\/var\\/www\\/vhosts\\/hosting105330.a2fa5.netcup.net\\/boardschmiede.startuppages.de\\/www\\/site\\/assets\\/cache\\/FileCompiler\\/site\\/modules\\/WireMailSendGrid\\/sendgrid-php\\/vendor\\/composer\\/ClassLoader.php\",\"hash\":\"9079c43bbdc11bf42036a208bb1ea62e\",\"size\":13733,\"time\":1615456682}}', '2010-04-08 03:10:10');
INSERT INTO `caches` (`name`, `data`, `expires`) VALUES('FileCompiler__7cfa265ded0eaeb4a783b8962607d8d6', '{\"source\":{\"file\":\"\\/var\\/www\\/vhosts\\/hosting105330.a2fa5.netcup.net\\/boardschmiede.startuppages.de\\/www\\/site\\/modules\\/WireMailSendGrid\\/sendgrid-php\\/vendor\\/composer\\/autoload_static.php\",\"hash\":\"d6fba56d4be7cbd515cfcf0cfd002d87\",\"size\":66192,\"time\":1615456682,\"ns\":\"Composer\\\\Autoload\"},\"target\":{\"file\":\"\\/var\\/www\\/vhosts\\/hosting105330.a2fa5.netcup.net\\/boardschmiede.startuppages.de\\/www\\/site\\/assets\\/cache\\/FileCompiler\\/site\\/modules\\/WireMailSendGrid\\/sendgrid-php\\/vendor\\/composer\\/autoload_static.php\",\"hash\":\"6f04bc1d5c0f65c89192253f7de67f65\",\"size\":141232,\"time\":1615456682}}', '2010-04-08 03:10:10');
INSERT INTO `caches` (`name`, `data`, `expires`) VALUES('FileCompiler__40425b80b6805c0ff003264bfed7b149', '{\"source\":{\"file\":\"\\/var\\/www\\/vhosts\\/hosting105330.a2fa5.netcup.net\\/boardschmiede.startuppages.de\\/www\\/site\\/modules\\/WireMailSendGrid\\/sendgrid-php\\/vendor\\/symfony\\/polyfill-ctype\\/bootstrap.php\",\"hash\":\"638f69786aaefa6c38c98251a50bb9bf\",\"size\":1107,\"time\":1615456683,\"ns\":\"\\\\\"},\"target\":{\"file\":\"\\/var\\/www\\/vhosts\\/hosting105330.a2fa5.netcup.net\\/boardschmiede.startuppages.de\\/www\\/site\\/assets\\/cache\\/FileCompiler\\/site\\/modules\\/WireMailSendGrid\\/sendgrid-php\\/vendor\\/symfony\\/polyfill-ctype\\/bootstrap.php\",\"hash\":\"638f69786aaefa6c38c98251a50bb9bf\",\"size\":1107,\"time\":1615456683}}', '2010-04-08 03:10:10');
INSERT INTO `caches` (`name`, `data`, `expires`) VALUES('FileCompiler__35dda8576cc71580d1a7594c6e1af9bc', '{\"source\":{\"file\":\"\\/var\\/www\\/vhosts\\/hosting105330.a2fa5.netcup.net\\/boardschmiede.startuppages.de\\/www\\/site\\/modules\\/WireMailSendGrid\\/sendgrid-php\\/vendor\\/myclabs\\/deep-copy\\/src\\/DeepCopy\\/deep_copy.php\",\"hash\":\"a87df00f768658016e9486b8836952c3\",\"size\":396,\"time\":1615456682,\"ns\":\"DeepCopy\"},\"target\":{\"file\":\"\\/var\\/www\\/vhosts\\/hosting105330.a2fa5.netcup.net\\/boardschmiede.startuppages.de\\/www\\/site\\/assets\\/cache\\/FileCompiler\\/site\\/modules\\/WireMailSendGrid\\/sendgrid-php\\/vendor\\/myclabs\\/deep-copy\\/src\\/DeepCopy\\/deep_copy.php\",\"hash\":\"a87df00f768658016e9486b8836952c3\",\"size\":396,\"time\":1615456682}}', '2010-04-08 03:10:10');
INSERT INTO `caches` (`name`, `data`, `expires`) VALUES('FileCompiler__15cabdef937a3a9fbb6dab9883ce9c32', '{\"source\":{\"file\":\"\\/var\\/www\\/vhosts\\/hosting105330.a2fa5.netcup.net\\/boardschmiede.startuppages.de\\/www\\/site\\/modules\\/WireMailSendGrid\\/sendgrid-php\\/lib\\/SendGrid.php\",\"hash\":\"28049fc43076c488127f45c5b3806f49\",\"size\":2045,\"time\":1615456682,\"ns\":\"\\\\\"},\"target\":{\"file\":\"\\/var\\/www\\/vhosts\\/hosting105330.a2fa5.netcup.net\\/boardschmiede.startuppages.de\\/www\\/site\\/assets\\/cache\\/FileCompiler\\/site\\/modules\\/WireMailSendGrid\\/sendgrid-php\\/lib\\/SendGrid.php\",\"hash\":\"28049fc43076c488127f45c5b3806f49\",\"size\":2045,\"time\":1615456682}}', '2010-04-08 03:10:10');
INSERT INTO `caches` (`name`, `data`, `expires`) VALUES('FileCompiler__02583367a2775ab900a2edaa56480301', '{\"source\":{\"file\":\"\\/var\\/www\\/vhosts\\/hosting105330.a2fa5.netcup.net\\/boardschmiede.startuppages.de\\/www\\/site\\/modules\\/WireMailSendGrid\\/sendgrid-php\\/lib\\/mail\\/Mail.php\",\"hash\":\"773e4cd50e02f25eb2c676dd6e424b73\",\"size\":67617,\"time\":1615456682,\"ns\":\"SendGrid\\\\Mail\"},\"target\":{\"file\":\"\\/var\\/www\\/vhosts\\/hosting105330.a2fa5.netcup.net\\/boardschmiede.startuppages.de\\/www\\/site\\/assets\\/cache\\/FileCompiler\\/site\\/modules\\/WireMailSendGrid\\/sendgrid-php\\/lib\\/mail\\/Mail.php\",\"hash\":\"773e4cd50e02f25eb2c676dd6e424b73\",\"size\":67617,\"time\":1615456682}}', '2010-04-08 03:10:10');
INSERT INTO `caches` (`name`, `data`, `expires`) VALUES('FileCompiler__c279188462f47488708a39dd2f93ae2d', '{\"source\":{\"file\":\"\\/var\\/www\\/vhosts\\/hosting105330.a2fa5.netcup.net\\/boardschmiede.startuppages.de\\/www\\/site\\/modules\\/WireMailSendGrid\\/sendgrid-php\\/lib\\/mail\\/Personalization.php\",\"hash\":\"583cf699809dd31adb564fb2db1bdf8e\",\"size\":8120,\"time\":1615456682,\"ns\":\"SendGrid\\\\Mail\"},\"target\":{\"file\":\"\\/var\\/www\\/vhosts\\/hosting105330.a2fa5.netcup.net\\/boardschmiede.startuppages.de\\/www\\/site\\/assets\\/cache\\/FileCompiler\\/site\\/modules\\/WireMailSendGrid\\/sendgrid-php\\/lib\\/mail\\/Personalization.php\",\"hash\":\"583cf699809dd31adb564fb2db1bdf8e\",\"size\":8120,\"time\":1615456682}}', '2010-04-08 03:10:10');
INSERT INTO `caches` (`name`, `data`, `expires`) VALUES('FileCompiler__af6e4fb5d252c051b044bf0a33012eea', '{\"source\":{\"file\":\"\\/var\\/www\\/vhosts\\/hosting105330.a2fa5.netcup.net\\/boardschmiede.startuppages.de\\/www\\/site\\/modules\\/WireMailSendGrid\\/sendgrid-php\\/lib\\/mail\\/TrackingSettings.php\",\"hash\":\"69ac1bf200f3356b8d7d2c185f4ac625\",\"size\":9419,\"time\":1615456682,\"ns\":\"SendGrid\\\\Mail\"},\"target\":{\"file\":\"\\/var\\/www\\/vhosts\\/hosting105330.a2fa5.netcup.net\\/boardschmiede.startuppages.de\\/www\\/site\\/assets\\/cache\\/FileCompiler\\/site\\/modules\\/WireMailSendGrid\\/sendgrid-php\\/lib\\/mail\\/TrackingSettings.php\",\"hash\":\"69ac1bf200f3356b8d7d2c185f4ac625\",\"size\":9419,\"time\":1615456682}}', '2010-04-08 03:10:10');
INSERT INTO `caches` (`name`, `data`, `expires`) VALUES('FileCompiler__69106b24e381e5ab9394602724cfceaf', '{\"source\":{\"file\":\"\\/var\\/www\\/vhosts\\/hosting105330.a2fa5.netcup.net\\/boardschmiede.startuppages.de\\/www\\/site\\/modules\\/WireMailSendGrid\\/sendgrid-php\\/lib\\/mail\\/ClickTracking.php\",\"hash\":\"a5b0bec959b36079dff70636f3b02c19\",\"size\":3026,\"time\":1615456682,\"ns\":\"SendGrid\\\\Mail\"},\"target\":{\"file\":\"\\/var\\/www\\/vhosts\\/hosting105330.a2fa5.netcup.net\\/boardschmiede.startuppages.de\\/www\\/site\\/assets\\/cache\\/FileCompiler\\/site\\/modules\\/WireMailSendGrid\\/sendgrid-php\\/lib\\/mail\\/ClickTracking.php\",\"hash\":\"a5b0bec959b36079dff70636f3b02c19\",\"size\":3026,\"time\":1615456682}}', '2010-04-08 03:10:10');
INSERT INTO `caches` (`name`, `data`, `expires`) VALUES('FileCompiler__b7a8ef5efcdfffb080cfaed7d4685898', '{\"source\":{\"file\":\"\\/var\\/www\\/vhosts\\/hosting105330.a2fa5.netcup.net\\/boardschmiede.startuppages.de\\/www\\/site\\/modules\\/WireMailSendGrid\\/sendgrid-php\\/lib\\/mail\\/OpenTracking.php\",\"hash\":\"6784722f4c6a4c32f6d79ceda43fcccd\",\"size\":3873,\"time\":1615456682,\"ns\":\"SendGrid\\\\Mail\"},\"target\":{\"file\":\"\\/var\\/www\\/vhosts\\/hosting105330.a2fa5.netcup.net\\/boardschmiede.startuppages.de\\/www\\/site\\/assets\\/cache\\/FileCompiler\\/site\\/modules\\/WireMailSendGrid\\/sendgrid-php\\/lib\\/mail\\/OpenTracking.php\",\"hash\":\"6784722f4c6a4c32f6d79ceda43fcccd\",\"size\":3873,\"time\":1615456682}}', '2010-04-08 03:10:10');
INSERT INTO `caches` (`name`, `data`, `expires`) VALUES('FileCompiler__1bf4535a8a01488cfa69c7583313ed2f', '{\"source\":{\"file\":\"\\/var\\/www\\/vhosts\\/hosting105330.a2fa5.netcup.net\\/boardschmiede.startuppages.de\\/www\\/site\\/modules\\/WireMailSendGrid\\/sendgrid-php\\/lib\\/mail\\/SubscriptionTracking.php\",\"hash\":\"8a06d29bdaaef18c409a17f39725f427\",\"size\":7219,\"time\":1615456682,\"ns\":\"SendGrid\\\\Mail\"},\"target\":{\"file\":\"\\/var\\/www\\/vhosts\\/hosting105330.a2fa5.netcup.net\\/boardschmiede.startuppages.de\\/www\\/site\\/assets\\/cache\\/FileCompiler\\/site\\/modules\\/WireMailSendGrid\\/sendgrid-php\\/lib\\/mail\\/SubscriptionTracking.php\",\"hash\":\"8a06d29bdaaef18c409a17f39725f427\",\"size\":7219,\"time\":1615456682}}', '2010-04-08 03:10:10');
INSERT INTO `caches` (`name`, `data`, `expires`) VALUES('FileCompiler__5d5e0d1aa28cc413fc19a0d861ad2253', '{\"source\":{\"file\":\"\\/var\\/www\\/vhosts\\/hosting105330.a2fa5.netcup.net\\/boardschmiede.startuppages.de\\/www\\/site\\/modules\\/WireMailSendGrid\\/sendgrid-php\\/lib\\/mail\\/TemplateId.php\",\"hash\":\"ca15376cb878d2f25fcc0156b088b97e\",\"size\":2610,\"time\":1615456682,\"ns\":\"SendGrid\\\\Mail\"},\"target\":{\"file\":\"\\/var\\/www\\/vhosts\\/hosting105330.a2fa5.netcup.net\\/boardschmiede.startuppages.de\\/www\\/site\\/assets\\/cache\\/FileCompiler\\/site\\/modules\\/WireMailSendGrid\\/sendgrid-php\\/lib\\/mail\\/TemplateId.php\",\"hash\":\"ca15376cb878d2f25fcc0156b088b97e\",\"size\":2610,\"time\":1615456682}}', '2010-04-08 03:10:10');
INSERT INTO `caches` (`name`, `data`, `expires`) VALUES('FileCompiler__93dd03ab77ff34a8dfaa9432dfaa509f', '{\"source\":{\"file\":\"\\/var\\/www\\/vhosts\\/hosting105330.a2fa5.netcup.net\\/boardschmiede.startuppages.de\\/www\\/site\\/modules\\/WireMailSendGrid\\/sendgrid-php\\/lib\\/mail\\/Subject.php\",\"hash\":\"644ca6089dddee5fc2aa7dd3b87bfd39\",\"size\":1684,\"time\":1615456682,\"ns\":\"SendGrid\\\\Mail\"},\"target\":{\"file\":\"\\/var\\/www\\/vhosts\\/hosting105330.a2fa5.netcup.net\\/boardschmiede.startuppages.de\\/www\\/site\\/assets\\/cache\\/FileCompiler\\/site\\/modules\\/WireMailSendGrid\\/sendgrid-php\\/lib\\/mail\\/Subject.php\",\"hash\":\"644ca6089dddee5fc2aa7dd3b87bfd39\",\"size\":1684,\"time\":1615456682}}', '2010-04-08 03:10:10');
INSERT INTO `caches` (`name`, `data`, `expires`) VALUES('FileCompiler__9af99992d1cf93f63702914be25d95c3', '{\"source\":{\"file\":\"\\/var\\/www\\/vhosts\\/hosting105330.a2fa5.netcup.net\\/boardschmiede.startuppages.de\\/www\\/site\\/modules\\/WireMailSendGrid\\/sendgrid-php\\/lib\\/mail\\/From.php\",\"hash\":\"73614f00a29c16e5a15c6aed932174e5\",\"size\":593,\"time\":1615456682,\"ns\":\"SendGrid\\\\Mail\"},\"target\":{\"file\":\"\\/var\\/www\\/vhosts\\/hosting105330.a2fa5.netcup.net\\/boardschmiede.startuppages.de\\/www\\/site\\/assets\\/cache\\/FileCompiler\\/site\\/modules\\/WireMailSendGrid\\/sendgrid-php\\/lib\\/mail\\/From.php\",\"hash\":\"73614f00a29c16e5a15c6aed932174e5\",\"size\":593,\"time\":1615456682}}', '2010-04-08 03:10:10');
INSERT INTO `caches` (`name`, `data`, `expires`) VALUES('FileCompiler__048bba7aafcb9d13a82747efd247a348', '{\"source\":{\"file\":\"\\/var\\/www\\/vhosts\\/hosting105330.a2fa5.netcup.net\\/boardschmiede.startuppages.de\\/www\\/site\\/modules\\/WireMailSendGrid\\/sendgrid-php\\/lib\\/mail\\/EmailAddress.php\",\"hash\":\"c8250599dd84703868f8a7102018e907\",\"size\":6350,\"time\":1615456682,\"ns\":\"SendGrid\\\\Mail\"},\"target\":{\"file\":\"\\/var\\/www\\/vhosts\\/hosting105330.a2fa5.netcup.net\\/boardschmiede.startuppages.de\\/www\\/site\\/assets\\/cache\\/FileCompiler\\/site\\/modules\\/WireMailSendGrid\\/sendgrid-php\\/lib\\/mail\\/EmailAddress.php\",\"hash\":\"c8250599dd84703868f8a7102018e907\",\"size\":6350,\"time\":1615456682}}', '2010-04-08 03:10:10');
INSERT INTO `caches` (`name`, `data`, `expires`) VALUES('FileCompiler__47c41b79aa78fb8c894f539d2190ed0c', '{\"source\":{\"file\":\"\\/var\\/www\\/vhosts\\/hosting105330.a2fa5.netcup.net\\/boardschmiede.startuppages.de\\/www\\/site\\/modules\\/WireMailSendGrid\\/sendgrid-php\\/lib\\/mail\\/ReplyTo.php\",\"hash\":\"30ff4f28b2dfbe64508dac37c75c361f\",\"size\":602,\"time\":1615456682,\"ns\":\"SendGrid\\\\Mail\"},\"target\":{\"file\":\"\\/var\\/www\\/vhosts\\/hosting105330.a2fa5.netcup.net\\/boardschmiede.startuppages.de\\/www\\/site\\/assets\\/cache\\/FileCompiler\\/site\\/modules\\/WireMailSendGrid\\/sendgrid-php\\/lib\\/mail\\/ReplyTo.php\",\"hash\":\"30ff4f28b2dfbe64508dac37c75c361f\",\"size\":602,\"time\":1615456682}}', '2010-04-08 03:10:10');
INSERT INTO `caches` (`name`, `data`, `expires`) VALUES('FileCompiler__19645da11a73c7909bcbd037e484ffc6', '{\"source\":{\"file\":\"\\/var\\/www\\/vhosts\\/hosting105330.a2fa5.netcup.net\\/boardschmiede.startuppages.de\\/www\\/site\\/modules\\/WireMailSendGrid\\/sendgrid-php\\/lib\\/mail\\/Header.php\",\"hash\":\"ea3d18aee50ed8c8f2bb355d2457802e\",\"size\":2688,\"time\":1615456682,\"ns\":\"SendGrid\\\\Mail\"},\"target\":{\"file\":\"\\/var\\/www\\/vhosts\\/hosting105330.a2fa5.netcup.net\\/boardschmiede.startuppages.de\\/www\\/site\\/assets\\/cache\\/FileCompiler\\/site\\/modules\\/WireMailSendGrid\\/sendgrid-php\\/lib\\/mail\\/Header.php\",\"hash\":\"ea3d18aee50ed8c8f2bb355d2457802e\",\"size\":2688,\"time\":1615456682}}', '2010-04-08 03:10:10');
INSERT INTO `caches` (`name`, `data`, `expires`) VALUES('FileCompiler__21e18bc133dac34b64cda4995b108922', '{\"source\":{\"file\":\"\\/var\\/www\\/vhosts\\/hosting105330.a2fa5.netcup.net\\/boardschmiede.startuppages.de\\/www\\/site\\/modules\\/WireMailSendGrid\\/sendgrid-php\\/lib\\/mail\\/To.php\",\"hash\":\"b812916cddf4f6aa1ead533ca83ced5f\",\"size\":587,\"time\":1615456682,\"ns\":\"SendGrid\\\\Mail\"},\"target\":{\"file\":\"\\/var\\/www\\/vhosts\\/hosting105330.a2fa5.netcup.net\\/boardschmiede.startuppages.de\\/www\\/site\\/assets\\/cache\\/FileCompiler\\/site\\/modules\\/WireMailSendGrid\\/sendgrid-php\\/lib\\/mail\\/To.php\",\"hash\":\"b812916cddf4f6aa1ead533ca83ced5f\",\"size\":587,\"time\":1615456682}}', '2010-04-08 03:10:10');
INSERT INTO `caches` (`name`, `data`, `expires`) VALUES('FileCompiler__ff835424e65b0ba38741bfc8537bf852', '{\"source\":{\"file\":\"\\/var\\/www\\/vhosts\\/hosting105330.a2fa5.netcup.net\\/boardschmiede.startuppages.de\\/www\\/site\\/modules\\/WireMailSendGrid\\/sendgrid-php\\/lib\\/mail\\/Substitution.php\",\"hash\":\"e9a9dc5eebeef311bfa74c17d2546a3b\",\"size\":3098,\"time\":1615456682,\"ns\":\"SendGrid\\\\Mail\"},\"target\":{\"file\":\"\\/var\\/www\\/vhosts\\/hosting105330.a2fa5.netcup.net\\/boardschmiede.startuppages.de\\/www\\/site\\/assets\\/cache\\/FileCompiler\\/site\\/modules\\/WireMailSendGrid\\/sendgrid-php\\/lib\\/mail\\/Substitution.php\",\"hash\":\"e9a9dc5eebeef311bfa74c17d2546a3b\",\"size\":3098,\"time\":1615456682}}', '2010-04-08 03:10:10');
INSERT INTO `caches` (`name`, `data`, `expires`) VALUES('FileCompiler__1bbe868ab4575260f9bce160f8cdfe05', '{\"source\":{\"file\":\"\\/var\\/www\\/vhosts\\/hosting105330.a2fa5.netcup.net\\/boardschmiede.startuppages.de\\/www\\/site\\/modules\\/WireMailSmtp\\/smtp_classes\\/smtp.php\",\"hash\":\"0c22833b2d210bc9f29b59137440214d\",\"size\":55434,\"time\":1615364152,\"ns\":\"\\\\\"},\"target\":{\"file\":\"\\/var\\/www\\/vhosts\\/hosting105330.a2fa5.netcup.net\\/boardschmiede.startuppages.de\\/www\\/site\\/assets\\/cache\\/FileCompiler\\/site\\/modules\\/WireMailSmtp\\/smtp_classes\\/smtp.php\",\"hash\":\"0c22833b2d210bc9f29b59137440214d\",\"size\":55434,\"time\":1615364152}}', '2010-04-08 03:10:10');
INSERT INTO `caches` (`name`, `data`, `expires`) VALUES('FileCompiler__3aea95f5f4bb053b9e94e363135c883b', '{\"source\":{\"file\":\"\\/var\\/www\\/vhosts\\/hosting105330.a2fa5.netcup.net\\/boardschmiede.startuppages.de\\/www\\/site\\/modules\\/WireMailSmtp\\/smtp_classes\\/sasl.php\",\"hash\":\"3fce02fe61a0d90291086b55c1c2dfa2\",\"size\":11898,\"time\":1615364152,\"ns\":\"\\\\\"},\"target\":{\"file\":\"\\/var\\/www\\/vhosts\\/hosting105330.a2fa5.netcup.net\\/boardschmiede.startuppages.de\\/www\\/site\\/assets\\/cache\\/FileCompiler\\/site\\/modules\\/WireMailSmtp\\/smtp_classes\\/sasl.php\",\"hash\":\"843e748905597a053c57e17cb65c6318\",\"size\":11995,\"time\":1615364152}}', '2010-04-08 03:10:10');
INSERT INTO `caches` (`name`, `data`, `expires`) VALUES('ModulesVerbose.info', '{\"17\":{\"summary\":\"Add a new page\",\"core\":true,\"versionStr\":\"1.0.8\"},\"138\":{\"summary\":\"Enables user to change their password, email address and other settings that you define.\",\"core\":true,\"versionStr\":\"1.0.4\"},\"10\":{\"summary\":\"Login to ProcessWire\",\"core\":true,\"versionStr\":\"1.0.8\"},\"104\":{\"summary\":\"Provides a page search engine for admin use.\",\"core\":true,\"versionStr\":\"1.0.6\"},\"76\":{\"summary\":\"Lists the Process assigned to each child page of the current\",\"core\":true,\"versionStr\":\"1.0.1\"},\"134\":{\"summary\":\"List, Edit and Add pages of a specific type\",\"core\":true,\"versionStr\":\"1.0.1\"},\"66\":{\"summary\":\"Manage system users\",\"core\":true,\"versionStr\":\"1.0.7\",\"searchable\":\"users\"},\"14\":{\"summary\":\"Handles page sorting and moving for PageList\",\"core\":true,\"versionStr\":\"1.0.0\"},\"150\":{\"summary\":\"Admin tool for finding and listing pages by any property.\",\"author\":\"Ryan Cramer\",\"core\":true,\"versionStr\":\"0.2.6\",\"permissions\":{\"page-lister\":\"Use Page Lister\"}},\"50\":{\"summary\":\"List, edit or install\\/uninstall modules\",\"core\":true,\"versionStr\":\"1.1.9\"},\"168\":{\"summary\":\"Shows a list of recently edited pages in your admin.\",\"author\":\"Ryan Cramer\",\"href\":\"http:\\/\\/modules.processwire.com\\/\",\"core\":true,\"versionStr\":\"0.0.2\",\"permissions\":{\"page-edit-recent\":\"Can see recently edited pages\"},\"page\":{\"name\":\"recent-pages\",\"parent\":\"page\",\"title\":\"Recent\"}},\"47\":{\"summary\":\"List and edit the templates that control page output\",\"core\":true,\"versionStr\":\"1.1.4\",\"searchable\":\"templates\"},\"170\":{\"summary\":\"View and manage system logs.\",\"author\":\"Ryan Cramer\",\"core\":true,\"versionStr\":\"0.0.2\",\"permissions\":{\"logs-view\":\"Can view system logs\",\"logs-edit\":\"Can manage system logs\"},\"page\":{\"name\":\"logs\",\"parent\":\"setup\",\"title\":\"Logs\"}},\"87\":{\"summary\":\"Acts as a placeholder Process for the admin root. Ensures proper flow control after login.\",\"core\":true,\"versionStr\":\"1.0.1\"},\"48\":{\"summary\":\"Edit individual fields that hold page data\",\"core\":true,\"versionStr\":\"1.1.3\",\"searchable\":\"fields\"},\"12\":{\"summary\":\"List pages in a hierarchical tree structure\",\"core\":true,\"versionStr\":\"1.2.2\"},\"7\":{\"summary\":\"Edit a Page\",\"core\":true,\"versionStr\":\"1.0.9\"},\"129\":{\"summary\":\"Provides image manipulation functions for image fields and rich text editors.\",\"core\":true,\"versionStr\":\"1.2.0\"},\"68\":{\"summary\":\"Manage user roles and what permissions are attached\",\"core\":true,\"versionStr\":\"1.0.4\"},\"136\":{\"summary\":\"Manage system permissions\",\"core\":true,\"versionStr\":\"1.0.1\"},\"83\":{\"summary\":\"All page views are routed through this Process\",\"core\":true,\"versionStr\":\"1.0.4\"},\"121\":{\"summary\":\"Provides a link capability as used by some Fieldtype modules (like rich text editors).\",\"core\":true,\"versionStr\":\"1.0.8\"},\"109\":{\"summary\":\"Handles emptying of Page trash\",\"core\":true,\"versionStr\":\"1.0.3\"},\"106\":{\"summary\":\"Close a fieldset opened by FieldsetOpen. \",\"core\":true,\"versionStr\":\"1.0.0\"},\"105\":{\"summary\":\"Open a fieldset to group fields. Should be followed by a Fieldset (Close) after one or more fields.\",\"core\":true,\"versionStr\":\"1.0.1\"},\"29\":{\"summary\":\"Field that stores an e-mail address\",\"core\":true,\"versionStr\":\"1.0.1\"},\"57\":{\"summary\":\"Field that stores one or more GIF, JPG, or PNG images\",\"core\":true,\"versionStr\":\"1.0.2\"},\"84\":{\"summary\":\"Field that stores an integer\",\"core\":true,\"versionStr\":\"1.0.2\"},\"111\":{\"summary\":\"Field that stores a page title\",\"core\":true,\"versionStr\":\"1.0.0\"},\"135\":{\"summary\":\"Field that stores a URL\",\"core\":true,\"versionStr\":\"1.0.1\"},\"6\":{\"summary\":\"Field that stores one or more files\",\"core\":true,\"versionStr\":\"1.0.6\"},\"89\":{\"summary\":\"Field that stores a floating point (decimal) number\",\"core\":true,\"versionStr\":\"1.0.6\"},\"181\":{\"summary\":\"Field that stores single and multi select options.\",\"core\":true,\"versionStr\":\"0.0.1\"},\"3\":{\"summary\":\"Field that stores a single line of text\",\"core\":true,\"versionStr\":\"1.0.1\"},\"4\":{\"summary\":\"Field that stores one or more references to ProcessWire pages\",\"core\":true,\"versionStr\":\"1.0.5\"},\"133\":{\"summary\":\"Field that stores a hashed and salted password\",\"core\":true,\"versionStr\":\"1.0.1\"},\"28\":{\"summary\":\"Field that stores a date and optionally time\",\"core\":true,\"versionStr\":\"1.0.5\"},\"97\":{\"summary\":\"This Fieldtype stores an ON\\/OFF toggle via a single checkbox. The ON value is 1 and OFF value is 0.\",\"core\":true,\"versionStr\":\"1.0.1\"},\"27\":{\"summary\":\"Field that stores a reference to another module\",\"core\":true,\"versionStr\":\"1.0.1\"},\"1\":{\"summary\":\"Field that stores multiple lines of text\",\"core\":true,\"versionStr\":\"1.0.7\"},\"107\":{\"summary\":\"Open a fieldset to group fields. Same as Fieldset (Open) except that it displays in a tab instead.\",\"core\":true,\"versionStr\":\"1.0.0\"},\"173\":{\"summary\":\"Repeats fields from another template. Provides the input for FieldtypeRepeater.\",\"core\":true,\"versionStr\":\"1.0.6\"},\"172\":{\"summary\":\"Maintains a collection of fields that are repeated for any number of times.\",\"core\":true,\"versionStr\":\"1.0.6\"},\"125\":{\"summary\":\"Throttles login attempts to help prevent dictionary attacks.\",\"core\":true,\"versionStr\":\"1.0.3\"},\"160\":{\"summary\":\"Provides language translation capabilities for ProcessWire core and modules.\",\"author\":\"Ryan Cramer\",\"core\":true,\"versionStr\":\"1.0.1\"},\"159\":{\"summary\":\"Manage system languages\",\"author\":\"Ryan Cramer\",\"core\":true,\"versionStr\":\"1.0.3\",\"permissions\":{\"lang-edit\":\"Administer languages and static translation files\"}},\"163\":{\"summary\":\"Field that stores a page title in multiple languages. Use this only if you want title inputs created for ALL languages on ALL pages. Otherwise create separate languaged-named title fields, i.e. title_fr, title_es, title_fi, etc. \",\"author\":\"Ryan Cramer\",\"core\":true,\"versionStr\":\"1.0.0\"},\"162\":{\"summary\":\"Field that stores a single line of text in multiple languages\",\"core\":true,\"versionStr\":\"1.0.0\"},\"164\":{\"summary\":\"Field that stores a multiple lines of text in multiple languages\",\"core\":true,\"versionStr\":\"1.0.0\"},\"158\":{\"summary\":\"ProcessWire multi-language support.\",\"author\":\"Ryan Cramer\",\"core\":true,\"versionStr\":\"1.0.3\"},\"161\":{\"summary\":\"Required to use multi-language fields.\",\"author\":\"Ryan Cramer\",\"core\":true,\"versionStr\":\"1.0.0\"},\"166\":{\"summary\":\"Organizes multi-language fields into tabs for a cleaner easier to use interface.\",\"author\":\"adamspruijt, ryan\",\"core\":true,\"versionStr\":\"1.1.4\"},\"165\":{\"summary\":\"Required to use multi-language page names.\",\"author\":\"Ryan Cramer\",\"core\":true,\"versionStr\":\"0.1.0\"},\"40\":{\"summary\":\"Hidden value in a form\",\"core\":true,\"versionStr\":\"1.0.1\"},\"41\":{\"summary\":\"Text input validated as a ProcessWire name field\",\"core\":true,\"versionStr\":\"1.0.0\"},\"131\":{\"summary\":\"Form button element that you can optionally pass an href attribute to.\",\"core\":true,\"versionStr\":\"1.0.0\"},\"85\":{\"summary\":\"Integer (positive or negative)\",\"core\":true,\"versionStr\":\"1.0.5\"},\"36\":{\"summary\":\"Selection of a single value from a select pulldown\",\"core\":true,\"versionStr\":\"1.0.2\"},\"149\":{\"summary\":\"Build a page finding selector visually.\",\"author\":\"Avoine + ProcessWire\",\"core\":true,\"versionStr\":\"0.2.8\"},\"122\":{\"summary\":\"Password input with confirmation field that doesn&#039;t ever echo the input back.\",\"core\":true,\"versionStr\":\"1.0.2\"},\"171\":{\"summary\":\"Select an icon\",\"core\":true,\"versionStr\":\"0.0.2\"},\"112\":{\"summary\":\"Handles input of Page Title and auto-generation of Page Name (when name is blank)\",\"core\":true,\"versionStr\":\"1.0.2\"},\"60\":{\"summary\":\"Select one or more pages\",\"core\":true,\"versionStr\":\"1.0.7\"},\"32\":{\"summary\":\"Form submit button\",\"core\":true,\"versionStr\":\"1.0.2\"},\"25\":{\"summary\":\"Multiple selection, progressive enhancement to select multiple\",\"core\":true,\"versionStr\":\"2.0.2\"},\"34\":{\"summary\":\"Single line of text\",\"core\":true,\"versionStr\":\"1.0.6\"},\"35\":{\"summary\":\"Multiple lines of text\",\"core\":true,\"versionStr\":\"1.0.3\"},\"78\":{\"summary\":\"Groups one or more fields together in a container\",\"core\":true,\"versionStr\":\"1.0.1\"},\"187\":{\"summary\":\"Multiple Page selection using auto completion and sorting capability. Intended for use as an input field for Page reference fields.\",\"core\":true,\"versionStr\":\"1.1.2\"},\"108\":{\"summary\":\"URL in valid format\",\"core\":true,\"versionStr\":\"1.0.2\"},\"30\":{\"summary\":\"Contains one or more fields in a form\",\"core\":true,\"versionStr\":\"1.0.7\"},\"38\":{\"summary\":\"Multiple checkbox toggles\",\"core\":true,\"versionStr\":\"1.0.7\"},\"137\":{\"summary\":\"Selection of multiple pages from a ProcessWire page tree list\",\"core\":true,\"versionStr\":\"1.0.2\"},\"15\":{\"summary\":\"Selection of a single page from a ProcessWire page tree list\",\"core\":true,\"versionStr\":\"1.0.1\"},\"80\":{\"summary\":\"E-Mail address in valid format\",\"core\":true,\"versionStr\":\"1.0.1\"},\"43\":{\"summary\":\"Select multiple items from a list\",\"core\":true,\"versionStr\":\"1.0.1\"},\"79\":{\"summary\":\"Contains any other markup and optionally child Inputfields\",\"core\":true,\"versionStr\":\"1.0.2\"},\"90\":{\"summary\":\"Floating point number with precision\",\"core\":true,\"versionStr\":\"1.0.4\"},\"56\":{\"summary\":\"One or more image uploads (sortable)\",\"core\":true,\"versionStr\":\"1.2.3\"},\"37\":{\"summary\":\"Single checkbox toggle\",\"core\":true,\"versionStr\":\"1.0.6\"},\"86\":{\"summary\":\"Text input validated as a ProcessWire Page name field\",\"core\":true,\"versionStr\":\"1.0.6\"},\"55\":{\"summary\":\"One or more file uploads (sortable)\",\"core\":true,\"versionStr\":\"1.2.6\"},\"94\":{\"summary\":\"Inputfield that accepts date and optionally time\",\"core\":true,\"versionStr\":\"1.0.7\"},\"39\":{\"summary\":\"Radio buttons for selection of a single item\",\"core\":true,\"versionStr\":\"1.0.5\"},\"155\":{\"summary\":\"CKEditor textarea rich text editor.\",\"core\":true,\"versionStr\":\"1.6.3\"},\"61\":{\"summary\":\"Entity encode ampersands, quotes (single and double) and greater-than\\/less-than signs using htmlspecialchars(str, ENT_QUOTES). It is recommended that you use this on all text\\/textarea fields except those using a rich text editor or a markup language like Markdown.\",\"core\":true,\"versionStr\":\"1.0.0\"},\"114\":{\"summary\":\"Adds various permission methods to Page objects that are used by Process modules.\",\"core\":true,\"versionStr\":\"1.0.5\"},\"116\":{\"summary\":\"jQuery Core as required by ProcessWire Admin and plugins\",\"href\":\"http:\\/\\/jquery.com\",\"core\":true,\"versionStr\":\"1.8.3\"},\"151\":{\"summary\":\"Provides lightbox capability for image galleries. Replacement for FancyBox. Uses Magnific Popup by @dimsemenov.\",\"href\":\"http:\\/\\/dimsemenov.com\\/plugins\\/magnific-popup\\/\",\"core\":true,\"versionStr\":\"0.0.1\"},\"117\":{\"summary\":\"jQuery UI as required by ProcessWire and plugins\",\"href\":\"http:\\/\\/ui.jquery.com\",\"core\":true,\"versionStr\":\"1.9.6\"},\"103\":{\"summary\":\"Provides a jQuery plugin for sorting tables.\",\"href\":\"http:\\/\\/mottie.github.io\\/tablesorter\\/\",\"core\":true,\"versionStr\":\"2.2.1\"},\"45\":{\"summary\":\"Provides a jQuery plugin for generating tabs in ProcessWire.\",\"core\":true,\"versionStr\":\"1.1.0\"},\"67\":{\"summary\":\"Generates markup for data tables used by ProcessWire admin\",\"core\":true,\"versionStr\":\"1.0.7\"},\"156\":{\"summary\":\"Front-end to the HTML Purifier library.\",\"core\":true,\"versionStr\":\"4.9.5\"},\"113\":{\"summary\":\"Adds renderPager() method to all PaginatedArray types, for easy pagination output. Plus a render() method to PageArray instances.\",\"core\":true,\"versionStr\":\"1.0.0\"},\"98\":{\"summary\":\"Generates markup for pagination navigation\",\"core\":true,\"versionStr\":\"1.0.5\"},\"148\":{\"summary\":\"Minimal admin theme that supports all ProcessWire features.\",\"core\":true,\"versionStr\":\"0.1.4\"},\"169\":{\"summary\":\"Uikit v3 admin theme\",\"core\":true,\"versionStr\":\"0.3.1\"},\"152\":{\"summary\":\"Keeps track of past URLs where pages have lived and automatically redirects (301 permament) to the new location whenever the past URL is accessed.\",\"core\":true,\"versionStr\":\"0.0.5\"},\"115\":{\"summary\":\"Adds a render method to Page and caches page output.\",\"core\":true,\"versionStr\":\"1.0.5\"},\"139\":{\"summary\":\"Manages system versions and upgrades.\",\"core\":true,\"versionStr\":\"0.1.8\"},\"179\":{\"summary\":\"Allows collection of image handling diagnostics\",\"author\":\"Horst\",\"versionStr\":\"0.0.1\"},\"180\":{\"summary\":\"Allows evaluation of run-time environment and detection of changes.\",\"author\":\"Stephen Dickinson, QBox\",\"versionStr\":\"0.2.3\"},\"188\":{\"summary\":\"Fieldtype that stores a HEX color or the value transp. Color can be picked using a jQuery ColorPicker Plugin by http:\\/\\/www.eyecon.ro\\/colorpicker\\/ or from a configurable color swatch.\",\"href\":\"http:\\/\\/processwire.com\\/talk\\/topic\\/865-module-colorpicker\\/page__gopid__7340#entry7340\",\"versionStr\":\"2.0.3\"},\"189\":{\"summary\":\"Choose your colors the easy way.\",\"href\":\"http:\\/\\/processwire.com\\/talk\\/topic\\/865-module-colorpicker\\/page__gopid__7340#entry7340\",\"versionStr\":\"2.0.3\"},\"174\":{\"summary\":\"Create and\\/or restore database backups from ProcessWire admin.\",\"author\":\"Ryan Cramer\",\"versionStr\":\"0.0.5\",\"permissions\":{\"db-backup\":\"Manage database backups (recommended for superuser only)\"},\"page\":{\"name\":\"db-backups\",\"parent\":\"setup\",\"title\":\"DB Backups\"}},\"178\":{\"summary\":\"One or more image uploads (optional predefined crops)\",\"author\":\"Horst Nogajski\",\"versionStr\":\"1.2.0\",\"permissions\":{\"croppable-image-3\":\"Crop images with CroppableImage3\"}},\"177\":{\"summary\":\"One or more image uploads (optional predefined crops)\",\"author\":\"Horst Nogajski\",\"versionStr\":\"1.2.0\"},\"176\":{\"summary\":\"One or more image uploads (optional predefined crops)\",\"author\":\"Horst Nogajski\",\"versionStr\":\"1.2.0\"},\"175\":{\"summary\":\"One or more image uploads (optional predefined crops)\",\"author\":\"Horst Nogajski\",\"versionStr\":\"1.2.0\"},\"192\":{\"summary\":\"This module extends WireMail base class, integrating the PHPMailer mailing library into ProcessWire.\",\"author\":\"\\u0130skender TOTO\\u011eLU | @ukyo(community), @trk (Github), https:\\/\\/www.altivebir.com\",\"href\":\"https:\\/\\/github.com\\/trk\\/WireMailPHPMailer\",\"versionStr\":\"1.2.4\"},\"182\":{\"summary\":\"Enter a full YouTube or Vimeo URL by itself in any paragraph (example: http:\\/\\/www.youtube.com\\/watch?v=Wl4XiYadV_k) and this will automatically convert it to an embedded video. This formatter is intended to be run on trusted input. Recommended for use with TinyMCE textarea fields.\",\"author\":\"Ryan Cramer\",\"href\":\"https:\\/\\/modules.processwire.com\\/modules\\/textformatter-video-embed\\/\",\"versionStr\":\"1.1.1\"},\"190\":{\"summary\":\"Create and\\/or restore assets backups from ProcessWire admin.\",\"author\":\"Michael Jaros\",\"versionStr\":\"0.9.1\",\"permissions\":{\"fs-backup\":\"Manage assets\\/files backups (recommended for superuser only)\"},\"page\":{\"name\":\"assets-backups\",\"parent\":\"setup\",\"title\":\"Assets Backups\"}},\"193\":{\"summary\":\"Extend WireMail to bypass PHP Mail and send mail via SendGrids Web API\",\"author\":\"The Big Surf\",\"href\":\"https:\\/\\/github.com\\/theGC\\/WireMailSendGrid\",\"versionStr\":\"1.1.3\"}}', '2010-04-08 03:10:01');
INSERT INTO `caches` (`name`, `data`, `expires`) VALUES('FileCompiler__b79f40c0594ba57b96cb44d499ff6701', '{\"source\":{\"file\":\"\\/var\\/www\\/vhosts\\/hosting105330.a2fa5.netcup.net\\/boardschmiede.startuppages.de\\/www\\/site\\/modules\\/FieldtypeColorPicker\\/FieldtypeColorPicker.module\",\"hash\":\"a5662dad93c52208b2bb67ee927704a9\",\"size\":4310,\"time\":1615205286,\"ns\":\"\\\\\"},\"target\":{\"file\":\"\\/var\\/www\\/vhosts\\/hosting105330.a2fa5.netcup.net\\/boardschmiede.startuppages.de\\/www\\/site\\/assets\\/cache\\/FileCompiler\\/site\\/modules\\/FieldtypeColorPicker\\/FieldtypeColorPicker.module\",\"hash\":\"075fa213e401de3a823507bd005ec87f\",\"size\":4479,\"time\":1615205286}}', '2010-04-08 03:10:10');
INSERT INTO `caches` (`name`, `data`, `expires`) VALUES('FileCompiler__0ab963ebfa997809c48508696a1f2ae8', '{\"source\":{\"file\":\"\\/var\\/www\\/vhosts\\/hosting105330.a2fa5.netcup.net\\/boardschmiede.startuppages.de\\/www\\/site\\/templates\\/admin.php\",\"hash\":\"9636f854995462a4cb877cb1204bc2fe\",\"size\":467,\"time\":1611226344,\"ns\":\"ProcessWire\"},\"target\":{\"file\":\"\\/var\\/www\\/vhosts\\/hosting105330.a2fa5.netcup.net\\/boardschmiede.startuppages.de\\/www\\/site\\/assets\\/cache\\/FileCompiler\\/site\\/templates\\/admin.php\",\"hash\":\"9636f854995462a4cb877cb1204bc2fe\",\"size\":467,\"time\":1611226344}}', '2010-04-08 03:10:10');
INSERT INTO `caches` (`name`, `data`, `expires`) VALUES('FileCompiler__8a10cd7c1a101cf388442466a8c909a3', '{\"source\":{\"file\":\"\\/var\\/www\\/vhosts\\/hosting105330.a2fa5.netcup.net\\/boardschmiede.startuppages.de\\/www\\/site\\/templates\\/_init.php\",\"hash\":\"c08466ef54c2319c687f5f8be7b30a52\",\"size\":1036,\"time\":1615366236,\"ns\":\"ProcessWire\"},\"target\":{\"file\":\"\\/var\\/www\\/vhosts\\/hosting105330.a2fa5.netcup.net\\/boardschmiede.startuppages.de\\/www\\/site\\/assets\\/cache\\/FileCompiler\\/site\\/templates\\/_init.php\",\"hash\":\"c08466ef54c2319c687f5f8be7b30a52\",\"size\":1036,\"time\":1615366236}}', '2010-04-08 03:10:10');
INSERT INTO `caches` (`name`, `data`, `expires`) VALUES('FileCompiler__0bc3f9af59a5e98b5a6f5c343b60d8fe', '{\"source\":{\"file\":\"\\/var\\/www\\/vhosts\\/hosting105330.a2fa5.netcup.net\\/boardschmiede.startuppages.de\\/www\\/site\\/templates\\/_main.php\",\"hash\":\"bacb012ecf47674cb95c421cc05f6fec\",\"size\":4944,\"time\":1615541311,\"ns\":\"ProcessWire\"},\"target\":{\"file\":\"\\/var\\/www\\/vhosts\\/hosting105330.a2fa5.netcup.net\\/boardschmiede.startuppages.de\\/www\\/site\\/assets\\/cache\\/FileCompiler\\/site\\/templates\\/_main.php\",\"hash\":\"bacb012ecf47674cb95c421cc05f6fec\",\"size\":4944,\"time\":1615541311}}', '2010-04-08 03:10:10');
INSERT INTO `caches` (`name`, `data`, `expires`) VALUES('FileCompiler__c450ca0df99664954b52119356d8a18b', '{\"source\":{\"file\":\"\\/var\\/www\\/vhosts\\/hosting105330.a2fa5.netcup.net\\/boardschmiede.startuppages.de\\/www\\/site\\/templates\\/home.php\",\"hash\":\"279413399b75e739a9403a7bc1ae90b7\",\"size\":5245,\"time\":1615301947,\"ns\":\"ProcessWire\"},\"target\":{\"file\":\"\\/var\\/www\\/vhosts\\/hosting105330.a2fa5.netcup.net\\/boardschmiede.startuppages.de\\/www\\/site\\/assets\\/cache\\/FileCompiler\\/site\\/templates\\/home.php\",\"hash\":\"279413399b75e739a9403a7bc1ae90b7\",\"size\":5245,\"time\":1615301947}}', '2010-04-08 03:10:10');
INSERT INTO `caches` (`name`, `data`, `expires`) VALUES('FileCompiler__57eb8eb75452295f93b56e5f410b6cb1', '{\"source\":{\"file\":\"\\/var\\/www\\/vhosts\\/hosting105330.a2fa5.netcup.net\\/boardschmiede.startuppages.de\\/www\\/site\\/templates\\/snipcart-shop.php\",\"hash\":\"05404f1a1e77d88e39aaa29946f2f5b3\",\"size\":3776,\"time\":1615303054,\"ns\":\"ProcessWire\"},\"target\":{\"file\":\"\\/var\\/www\\/vhosts\\/hosting105330.a2fa5.netcup.net\\/boardschmiede.startuppages.de\\/www\\/site\\/assets\\/cache\\/FileCompiler\\/site\\/templates\\/snipcart-shop.php\",\"hash\":\"05404f1a1e77d88e39aaa29946f2f5b3\",\"size\":3776,\"time\":1615303054}}', '2010-04-08 03:10:10');
INSERT INTO `caches` (`name`, `data`, `expires`) VALUES('FileCompiler__8510d189dd7b2246e4e26940f5ce143e', '{\"source\":{\"file\":\"\\/var\\/www\\/vhosts\\/hosting105330.a2fa5.netcup.net\\/boardschmiede.startuppages.de\\/www\\/site\\/templates\\/gallery.php\",\"hash\":\"6f605e9be345a729484b4ce9f3b7a515\",\"size\":255,\"time\":1615205286,\"ns\":\"ProcessWire\"},\"target\":{\"file\":\"\\/var\\/www\\/vhosts\\/hosting105330.a2fa5.netcup.net\\/boardschmiede.startuppages.de\\/www\\/site\\/assets\\/cache\\/FileCompiler\\/site\\/templates\\/gallery.php\",\"hash\":\"6f605e9be345a729484b4ce9f3b7a515\",\"size\":255,\"time\":1615205286}}', '2010-04-08 03:10:10');
INSERT INTO `caches` (`name`, `data`, `expires`) VALUES('FileCompiler__3bab368fc1114cd306b36b0c23fe4985', '{\"source\":{\"file\":\"\\/var\\/www\\/vhosts\\/hosting105330.a2fa5.netcup.net\\/boardschmiede.startuppages.de\\/www\\/site\\/templates\\/snipcart-product.php\",\"hash\":\"dd1a760a7dac2f0a8c79398968869082\",\"size\":5303,\"time\":1615541638,\"ns\":\"ProcessWire\"},\"target\":{\"file\":\"\\/var\\/www\\/vhosts\\/hosting105330.a2fa5.netcup.net\\/boardschmiede.startuppages.de\\/www\\/site\\/assets\\/cache\\/FileCompiler\\/site\\/templates\\/snipcart-product.php\",\"hash\":\"dd1a760a7dac2f0a8c79398968869082\",\"size\":5303,\"time\":1615541638}}', '2010-04-08 03:10:10');
INSERT INTO `caches` (`name`, `data`, `expires`) VALUES('FileCompiler__e277b1db283a4355f768565898f11ba9', '{\"source\":{\"file\":\"\\/var\\/www\\/vhosts\\/hosting105330.a2fa5.netcup.net\\/boardschmiede.startuppages.de\\/www\\/site\\/templates\\/basic-page.php\",\"hash\":\"e2ea0cc08c611675e007aa426153a1c2\",\"size\":1279,\"time\":1615456683,\"ns\":\"ProcessWire\"},\"target\":{\"file\":\"\\/var\\/www\\/vhosts\\/hosting105330.a2fa5.netcup.net\\/boardschmiede.startuppages.de\\/www\\/site\\/assets\\/cache\\/FileCompiler\\/site\\/templates\\/basic-page.php\",\"hash\":\"e2ea0cc08c611675e007aa426153a1c2\",\"size\":1279,\"time\":1615456683}}', '2010-04-08 03:10:10');
INSERT INTO `caches` (`name`, `data`, `expires`) VALUES('FileCompiler__2240cc37d6c407b7d56ceab1c71efb89', '{\"source\":{\"file\":\"\\/var\\/www\\/vhosts\\/hosting105330.a2fa5.netcup.net\\/boardschmiede.startuppages.de\\/www\\/site\\/templates\\/board-overview-page.php\",\"hash\":\"62e9d9067c29865d610874063813bb70\",\"size\":969,\"time\":1615298952,\"ns\":\"ProcessWire\"},\"target\":{\"file\":\"\\/var\\/www\\/vhosts\\/hosting105330.a2fa5.netcup.net\\/boardschmiede.startuppages.de\\/www\\/site\\/assets\\/cache\\/FileCompiler\\/site\\/templates\\/board-overview-page.php\",\"hash\":\"62e9d9067c29865d610874063813bb70\",\"size\":969,\"time\":1615298952}}', '2010-04-08 03:10:10');
INSERT INTO `caches` (`name`, `data`, `expires`) VALUES('FileCompiler__c0f7ed404300769764297ba5793b9108', '{\"source\":{\"file\":\"\\/var\\/www\\/vhosts\\/hosting105330.a2fa5.netcup.net\\/boardschmiede.startuppages.de\\/www\\/site\\/modules\\/FieldtypeColorPicker\\/InputfieldColorPicker.module\",\"hash\":\"61be546def986999e0fdff5833779d84\",\"size\":3009,\"time\":1615205286,\"ns\":\"\\\\\"},\"target\":{\"file\":\"\\/var\\/www\\/vhosts\\/hosting105330.a2fa5.netcup.net\\/boardschmiede.startuppages.de\\/www\\/site\\/assets\\/cache\\/FileCompiler\\/site\\/modules\\/FieldtypeColorPicker\\/InputfieldColorPicker.module\",\"hash\":\"e164f2881909deb7457cf4eef67a4701\",\"size\":3022,\"time\":1615205286}}', '2010-04-08 03:10:10');
INSERT INTO `caches` (`name`, `data`, `expires`) VALUES('FileCompiler__bfac33827649cd46c8e87d2f4e21a4dd', '{\"source\":{\"file\":\"\\/var\\/www\\/vhosts\\/hosting105330.a2fa5.netcup.net\\/boardschmiede.startuppages.de\\/www\\/site\\/templates\\/basic-page-twoes.php\",\"hash\":\"95d5126652f84841675220e35d2465e7\",\"size\":1482,\"time\":1611226344,\"ns\":\"ProcessWire\"},\"target\":{\"file\":\"\\/var\\/www\\/vhosts\\/hosting105330.a2fa5.netcup.net\\/boardschmiede.startuppages.de\\/www\\/site\\/assets\\/cache\\/FileCompiler\\/site\\/templates\\/basic-page-twoes.php\",\"hash\":\"95d5126652f84841675220e35d2465e7\",\"size\":1482,\"time\":1611226344}}', '2010-04-08 03:10:10');
INSERT INTO `caches` (`name`, `data`, `expires`) VALUES('FileCompiler__9c1f9c92d706be2b648c7957b613c0a3', '{\"source\":{\"file\":\"\\/var\\/www\\/vhosts\\/hosting105330.a2fa5.netcup.net\\/boardschmiede.startuppages.de\\/www\\/site\\/modules\\/DiagnosePhp\\/ProcessDiagnostics.module\",\"hash\":\"4560b510543cc143dfd2d7d481cd7deb\",\"size\":10814,\"time\":1611226344,\"ns\":\"\\\\\"},\"target\":{\"file\":\"\\/var\\/www\\/vhosts\\/hosting105330.a2fa5.netcup.net\\/boardschmiede.startuppages.de\\/www\\/site\\/assets\\/cache\\/FileCompiler\\/site\\/modules\\/DiagnosePhp\\/ProcessDiagnostics.module\",\"hash\":\"47939b9dbf0b621bec54ccad90047cfd\",\"size\":11129,\"time\":1611226344}}', '2010-04-08 03:10:10');
INSERT INTO `caches` (`name`, `data`, `expires`) VALUES('FileCompiler__3410cbe277eb80f7b62ef7cac6c2f444', '{\"source\":{\"file\":\"\\/var\\/www\\/vhosts\\/hosting105330.a2fa5.netcup.net\\/boardschmiede.startuppages.de\\/www\\/site\\/modules\\/DiagnosePhp\\/DiagnoseImagehandling.module\",\"hash\":\"7dd8fa804558f80a390773c9ba82aa29\",\"size\":6577,\"time\":1611226344,\"ns\":\"\\\\\"},\"target\":{\"file\":\"\\/var\\/www\\/vhosts\\/hosting105330.a2fa5.netcup.net\\/boardschmiede.startuppages.de\\/www\\/site\\/assets\\/cache\\/FileCompiler\\/site\\/modules\\/DiagnosePhp\\/DiagnoseImagehandling.module\",\"hash\":\"8ddb8cc4fc866e82c1832a79622ad7c6\",\"size\":6885,\"time\":1611226344}}', '2010-04-08 03:10:10');
INSERT INTO `caches` (`name`, `data`, `expires`) VALUES('FileCompiler__e20fc57890c6d52ad95be976bc4bb6e3', '{\"source\":{\"file\":\"\\/var\\/www\\/vhosts\\/hosting105330.a2fa5.netcup.net\\/boardschmiede.startuppages.de\\/www\\/site\\/modules\\/WireMailSendGrid\\/sendgrid-php\\/vendor\\/sendgrid\\/php-http-client\\/lib\\/Client.php\",\"hash\":\"d0ec4f120fb62a33a4666902971535d4\",\"size\":16186,\"time\":1615456682,\"ns\":\"SendGrid\"},\"target\":{\"file\":\"\\/var\\/www\\/vhosts\\/hosting105330.a2fa5.netcup.net\\/boardschmiede.startuppages.de\\/www\\/site\\/assets\\/cache\\/FileCompiler\\/site\\/modules\\/WireMailSendGrid\\/sendgrid-php\\/vendor\\/sendgrid\\/php-http-client\\/lib\\/Client.php\",\"hash\":\"d0ec4f120fb62a33a4666902971535d4\",\"size\":16186,\"time\":1615456682}}', '2010-04-08 03:10:10');
INSERT INTO `caches` (`name`, `data`, `expires`) VALUES('FileCompiler__188beec58e42b9638c00220655f2d189', '{\"source\":{\"file\":\"\\/var\\/www\\/vhosts\\/hosting105330.a2fa5.netcup.net\\/boardschmiede.startuppages.de\\/www\\/site\\/modules\\/WireMailSendGrid\\/sendgrid-php\\/vendor\\/sendgrid\\/php-http-client\\/lib\\/Response.php\",\"hash\":\"ee810fd78f810b6bd55f781ffc49d169\",\"size\":2255,\"time\":1615456682,\"ns\":\"SendGrid\"},\"target\":{\"file\":\"\\/var\\/www\\/vhosts\\/hosting105330.a2fa5.netcup.net\\/boardschmiede.startuppages.de\\/www\\/site\\/assets\\/cache\\/FileCompiler\\/site\\/modules\\/WireMailSendGrid\\/sendgrid-php\\/vendor\\/sendgrid\\/php-http-client\\/lib\\/Response.php\",\"hash\":\"ee810fd78f810b6bd55f781ffc49d169\",\"size\":2255,\"time\":1615456682}}', '2010-04-08 03:10:10');
INSERT INTO `caches` (`name`, `data`, `expires`) VALUES('Permissions.names', '{\"croppable-image-3\":1068,\"db-backup\":1049,\"fs-backup\":1287,\"logs-edit\":1019,\"logs-view\":1018,\"page-delete\":34,\"page-edit\":32,\"page-edit-recent\":1016,\"page-lister\":1006,\"page-lock\":54,\"page-move\":35,\"page-sort\":50,\"page-template\":51,\"page-view\":36,\"profile-edit\":53,\"user-admin\":52}', '2010-04-08 03:10:10');
INSERT INTO `caches` (`name`, `data`, `expires`) VALUES('Modules.info', '{\"17\":{\"name\":\"ProcessPageAdd\",\"title\":\"Page Add\",\"version\":108,\"icon\":\"plus-circle\",\"permission\":\"page-edit\",\"created\":1580885473,\"configurable\":3,\"namespace\":\"ProcessWire\\\\\",\"permanent\":true,\"useNavJSON\":true},\"138\":{\"name\":\"ProcessProfile\",\"title\":\"User Profile\",\"version\":104,\"permission\":\"profile-edit\",\"singular\":1,\"created\":1580885473,\"configurable\":3,\"namespace\":\"ProcessWire\\\\\",\"permanent\":true},\"10\":{\"name\":\"ProcessLogin\",\"title\":\"Login\",\"version\":108,\"permission\":\"page-view\",\"created\":1580885473,\"configurable\":4,\"namespace\":\"ProcessWire\\\\\",\"permanent\":true},\"104\":{\"name\":\"ProcessPageSearch\",\"title\":\"Page Search\",\"version\":106,\"permission\":\"page-edit\",\"singular\":1,\"created\":1580885473,\"configurable\":3,\"namespace\":\"ProcessWire\\\\\",\"permanent\":true},\"76\":{\"name\":\"ProcessList\",\"title\":\"List\",\"version\":101,\"permission\":\"page-view\",\"created\":1580885473,\"namespace\":\"ProcessWire\\\\\",\"permanent\":true},\"134\":{\"name\":\"ProcessPageType\",\"title\":\"Page Type\",\"version\":101,\"singular\":1,\"created\":1580885473,\"configurable\":3,\"namespace\":\"ProcessWire\\\\\",\"permanent\":true,\"useNavJSON\":true,\"addFlag\":32},\"66\":{\"name\":\"ProcessUser\",\"title\":\"Users\",\"version\":107,\"icon\":\"group\",\"permission\":\"user-admin\",\"created\":1580885473,\"configurable\":\"ProcessUserConfig.php\",\"namespace\":\"ProcessWire\\\\\",\"permanent\":true,\"useNavJSON\":true},\"14\":{\"name\":\"ProcessPageSort\",\"title\":\"Page Sort and Move\",\"version\":100,\"permission\":\"page-edit\",\"created\":1580885473,\"namespace\":\"ProcessWire\\\\\",\"permanent\":true},\"150\":{\"name\":\"ProcessPageLister\",\"title\":\"Lister\",\"version\":26,\"icon\":\"search\",\"permission\":\"page-lister\",\"created\":1580885473,\"configurable\":true,\"namespace\":\"ProcessWire\\\\\",\"permanent\":true,\"useNavJSON\":true,\"addFlag\":32},\"50\":{\"name\":\"ProcessModule\",\"title\":\"Modules\",\"version\":119,\"permission\":\"module-admin\",\"created\":1580885473,\"namespace\":\"ProcessWire\\\\\",\"permanent\":true,\"useNavJSON\":true,\"nav\":[{\"url\":\"?site#tab_site_modules\",\"label\":\"Site\",\"icon\":\"plug\",\"navJSON\":\"navJSON\\/?site=1\"},{\"url\":\"?core#tab_core_modules\",\"label\":\"Core\",\"icon\":\"plug\",\"navJSON\":\"navJSON\\/?core=1\"},{\"url\":\"?configurable#tab_configurable_modules\",\"label\":\"Configure\",\"icon\":\"gear\",\"navJSON\":\"navJSON\\/?configurable=1\"},{\"url\":\"?install#tab_install_modules\",\"label\":\"Install\",\"icon\":\"sign-in\",\"navJSON\":\"navJSON\\/?install=1\"},{\"url\":\"?new#tab_new_modules\",\"label\":\"New\",\"icon\":\"plus\"},{\"url\":\"?reset=1\",\"label\":\"Refresh\",\"icon\":\"refresh\"}]},\"168\":{\"name\":\"ProcessRecentPages\",\"title\":\"Recent Pages\",\"version\":2,\"icon\":\"clock-o\",\"permission\":\"page-edit-recent\",\"singular\":1,\"created\":1580885489,\"namespace\":\"ProcessWire\\\\\",\"useNavJSON\":true,\"nav\":[{\"url\":\"?edited=1\",\"label\":\"Edited\",\"icon\":\"users\",\"navJSON\":\"navJSON\\/?edited=1\"},{\"url\":\"?added=1\",\"label\":\"Created\",\"icon\":\"users\",\"navJSON\":\"navJSON\\/?added=1\"},{\"url\":\"?edited=1&me=1\",\"label\":\"Edited by me\",\"icon\":\"user\",\"navJSON\":\"navJSON\\/?edited=1&me=1\"},{\"url\":\"?added=1&me=1\",\"label\":\"Created by me\",\"icon\":\"user\",\"navJSON\":\"navJSON\\/?added=1&me=1\"},{\"url\":\"another\\/\",\"label\":\"Add another\",\"icon\":\"plus-circle\",\"navJSON\":\"anotherNavJSON\\/\"}]},\"47\":{\"name\":\"ProcessTemplate\",\"title\":\"Templates\",\"version\":114,\"icon\":\"cubes\",\"permission\":\"template-admin\",\"created\":1580885473,\"namespace\":\"ProcessWire\\\\\",\"permanent\":true,\"useNavJSON\":true},\"170\":{\"name\":\"ProcessLogger\",\"title\":\"Logs\",\"version\":2,\"icon\":\"tree\",\"permission\":\"logs-view\",\"singular\":1,\"created\":1580885495,\"namespace\":\"ProcessWire\\\\\",\"useNavJSON\":true},\"87\":{\"name\":\"ProcessHome\",\"title\":\"Admin Home\",\"version\":101,\"permission\":\"page-view\",\"created\":1580885473,\"namespace\":\"ProcessWire\\\\\",\"permanent\":true},\"48\":{\"name\":\"ProcessField\",\"title\":\"Fields\",\"version\":113,\"icon\":\"cube\",\"permission\":\"field-admin\",\"created\":1580885473,\"configurable\":3,\"namespace\":\"ProcessWire\\\\\",\"permanent\":true,\"useNavJSON\":true,\"addFlag\":32},\"12\":{\"name\":\"ProcessPageList\",\"title\":\"Page List\",\"version\":122,\"icon\":\"sitemap\",\"permission\":\"page-edit\",\"created\":1580885473,\"configurable\":3,\"namespace\":\"ProcessWire\\\\\",\"permanent\":true,\"useNavJSON\":true},\"7\":{\"name\":\"ProcessPageEdit\",\"title\":\"Page Edit\",\"version\":109,\"icon\":\"edit\",\"permission\":\"page-edit\",\"singular\":1,\"created\":1580885473,\"configurable\":3,\"namespace\":\"ProcessWire\\\\\",\"permanent\":true,\"useNavJSON\":true},\"129\":{\"name\":\"ProcessPageEditImageSelect\",\"title\":\"Page Edit Image\",\"version\":120,\"permission\":\"page-edit\",\"singular\":1,\"created\":1580885473,\"configurable\":3,\"namespace\":\"ProcessWire\\\\\",\"permanent\":true},\"68\":{\"name\":\"ProcessRole\",\"title\":\"Roles\",\"version\":104,\"icon\":\"gears\",\"permission\":\"role-admin\",\"created\":1580885473,\"configurable\":3,\"namespace\":\"ProcessWire\\\\\",\"permanent\":true,\"useNavJSON\":true},\"136\":{\"name\":\"ProcessPermission\",\"title\":\"Permissions\",\"version\":101,\"icon\":\"gear\",\"permission\":\"permission-admin\",\"singular\":1,\"created\":1580885473,\"configurable\":3,\"namespace\":\"ProcessWire\\\\\",\"permanent\":true,\"useNavJSON\":true},\"83\":{\"name\":\"ProcessPageView\",\"title\":\"Page View\",\"version\":104,\"permission\":\"page-view\",\"created\":1580885473,\"namespace\":\"ProcessWire\\\\\",\"permanent\":true},\"121\":{\"name\":\"ProcessPageEditLink\",\"title\":\"Page Edit Link\",\"version\":108,\"icon\":\"link\",\"permission\":\"page-edit\",\"singular\":1,\"created\":1580885473,\"configurable\":3,\"namespace\":\"ProcessWire\\\\\",\"permanent\":true},\"109\":{\"name\":\"ProcessPageTrash\",\"title\":\"Page Trash\",\"version\":103,\"singular\":1,\"created\":1580885473,\"namespace\":\"ProcessWire\\\\\",\"permanent\":true},\"106\":{\"name\":\"FieldtypeFieldsetClose\",\"title\":\"Fieldset (Close)\",\"version\":100,\"singular\":true,\"created\":1580885473,\"namespace\":\"ProcessWire\\\\\",\"permanent\":true},\"105\":{\"name\":\"FieldtypeFieldsetOpen\",\"title\":\"Fieldset (Open)\",\"version\":101,\"singular\":true,\"created\":1580885473,\"namespace\":\"ProcessWire\\\\\",\"permanent\":true},\"29\":{\"name\":\"FieldtypeEmail\",\"title\":\"E-Mail\",\"version\":101,\"singular\":true,\"created\":1580885473,\"namespace\":\"ProcessWire\\\\\"},\"57\":{\"name\":\"FieldtypeImage\",\"title\":\"Images\",\"version\":102,\"singular\":true,\"created\":1580885473,\"configurable\":4,\"namespace\":\"ProcessWire\\\\\",\"permanent\":true},\"84\":{\"name\":\"FieldtypeInteger\",\"title\":\"Integer\",\"version\":102,\"singular\":1,\"created\":1580885473,\"namespace\":\"ProcessWire\\\\\",\"permanent\":true},\"111\":{\"name\":\"FieldtypePageTitle\",\"title\":\"Page Title\",\"version\":100,\"singular\":1,\"created\":1580885473,\"namespace\":\"ProcessWire\\\\\",\"permanent\":true},\"135\":{\"name\":\"FieldtypeURL\",\"title\":\"URL\",\"version\":101,\"singular\":true,\"created\":1580885473,\"namespace\":\"ProcessWire\\\\\",\"permanent\":true},\"6\":{\"name\":\"FieldtypeFile\",\"title\":\"Files\",\"version\":106,\"singular\":true,\"created\":1580885473,\"configurable\":4,\"namespace\":\"ProcessWire\\\\\",\"permanent\":true},\"89\":{\"name\":\"FieldtypeFloat\",\"title\":\"Float\",\"version\":106,\"singular\":true,\"created\":1580885473,\"namespace\":\"ProcessWire\\\\\",\"permanent\":true},\"181\":{\"name\":\"FieldtypeOptions\",\"title\":\"Select Options\",\"version\":1,\"singular\":true,\"created\":1587566741,\"namespace\":\"ProcessWire\\\\\"},\"3\":{\"name\":\"FieldtypeText\",\"title\":\"Text\",\"version\":101,\"singular\":true,\"created\":1580885473,\"namespace\":\"ProcessWire\\\\\",\"permanent\":true},\"4\":{\"name\":\"FieldtypePage\",\"title\":\"Page Reference\",\"version\":105,\"autoload\":true,\"singular\":true,\"created\":1580885473,\"configurable\":3,\"namespace\":\"ProcessWire\\\\\",\"permanent\":true},\"133\":{\"name\":\"FieldtypePassword\",\"title\":\"Password\",\"version\":101,\"singular\":true,\"created\":1580885473,\"namespace\":\"ProcessWire\\\\\",\"permanent\":true},\"28\":{\"name\":\"FieldtypeDatetime\",\"title\":\"Datetime\",\"version\":105,\"created\":1580885473,\"namespace\":\"ProcessWire\\\\\"},\"97\":{\"name\":\"FieldtypeCheckbox\",\"title\":\"Checkbox\",\"version\":101,\"singular\":true,\"created\":1580885473,\"namespace\":\"ProcessWire\\\\\",\"permanent\":true},\"27\":{\"name\":\"FieldtypeModule\",\"title\":\"Module Reference\",\"version\":101,\"singular\":true,\"created\":1580885473,\"namespace\":\"ProcessWire\\\\\",\"permanent\":true},\"1\":{\"name\":\"FieldtypeTextarea\",\"title\":\"Textarea\",\"version\":107,\"singular\":true,\"created\":1580885473,\"namespace\":\"ProcessWire\\\\\",\"permanent\":true},\"107\":{\"name\":\"FieldtypeFieldsetTabOpen\",\"title\":\"Fieldset in Tab (Open)\",\"version\":100,\"singular\":1,\"created\":1580885473,\"namespace\":\"ProcessWire\\\\\",\"permanent\":true},\"173\":{\"name\":\"InputfieldRepeater\",\"title\":\"Repeater\",\"version\":106,\"requiresVersions\":{\"FieldtypeRepeater\":[\">=\",0]},\"created\":1587353903,\"namespace\":\"ProcessWire\\\\\"},\"172\":{\"name\":\"FieldtypeRepeater\",\"title\":\"Repeater\",\"version\":106,\"installs\":[\"InputfieldRepeater\"],\"autoload\":true,\"singular\":true,\"created\":1587353903,\"configurable\":3,\"namespace\":\"ProcessWire\\\\\"},\"125\":{\"name\":\"SessionLoginThrottle\",\"title\":\"Session Login Throttle\",\"version\":103,\"autoload\":\"function\",\"singular\":true,\"created\":1580885473,\"configurable\":3,\"namespace\":\"ProcessWire\\\\\"},\"160\":{\"name\":\"ProcessLanguageTranslator\",\"title\":\"Language Translator\",\"version\":101,\"requiresVersions\":{\"LanguageSupport\":[\">=\",0]},\"permission\":\"lang-edit\",\"singular\":1,\"created\":1580885473,\"namespace\":\"ProcessWire\\\\\"},\"159\":{\"name\":\"ProcessLanguage\",\"title\":\"Languages\",\"version\":103,\"icon\":\"language\",\"requiresVersions\":{\"LanguageSupport\":[\">=\",0]},\"permission\":\"lang-edit\",\"singular\":1,\"created\":1580885473,\"configurable\":3,\"namespace\":\"ProcessWire\\\\\",\"useNavJSON\":true},\"163\":{\"name\":\"FieldtypePageTitleLanguage\",\"title\":\"Page Title (Multi-Language)\",\"version\":100,\"requiresVersions\":{\"LanguageSupportFields\":[\">=\",0],\"FieldtypeTextLanguage\":[\">=\",0]},\"singular\":true,\"created\":1580885473,\"namespace\":\"ProcessWire\\\\\"},\"162\":{\"name\":\"FieldtypeTextLanguage\",\"title\":\"Text (Multi-language)\",\"version\":100,\"requiresVersions\":{\"LanguageSupportFields\":[\">=\",0]},\"singular\":true,\"created\":1580885473,\"namespace\":\"ProcessWire\\\\\"},\"164\":{\"name\":\"FieldtypeTextareaLanguage\",\"title\":\"Textarea (Multi-language)\",\"version\":100,\"requiresVersions\":{\"LanguageSupportFields\":[\">=\",0]},\"singular\":true,\"created\":1580885473,\"namespace\":\"ProcessWire\\\\\"},\"158\":{\"name\":\"LanguageSupport\",\"title\":\"Languages Support\",\"version\":103,\"installs\":[\"ProcessLanguage\",\"ProcessLanguageTranslator\"],\"autoload\":true,\"singular\":true,\"created\":1580885473,\"configurable\":3,\"namespace\":\"ProcessWire\\\\\",\"addFlag\":32},\"161\":{\"name\":\"LanguageSupportFields\",\"title\":\"Languages Support - Fields\",\"version\":100,\"requiresVersions\":{\"LanguageSupport\":[\">=\",0]},\"installs\":[\"FieldtypePageTitleLanguage\",\"FieldtypeTextareaLanguage\",\"FieldtypeTextLanguage\"],\"autoload\":true,\"singular\":true,\"created\":1580885473,\"namespace\":\"ProcessWire\\\\\"},\"166\":{\"name\":\"LanguageTabs\",\"title\":\"Languages Support - Tabs\",\"version\":114,\"requiresVersions\":{\"LanguageSupport\":[\">=\",0]},\"autoload\":\"template=admin\",\"singular\":true,\"created\":1580885473,\"configurable\":4,\"namespace\":\"ProcessWire\\\\\"},\"165\":{\"name\":\"LanguageSupportPageNames\",\"title\":\"Languages Support - Page Names\",\"version\":10,\"requiresVersions\":{\"LanguageSupport\":[\">=\",0],\"LanguageSupportFields\":[\">=\",0]},\"autoload\":true,\"singular\":true,\"created\":1580885473,\"configurable\":3,\"namespace\":\"ProcessWire\\\\\"},\"40\":{\"name\":\"InputfieldHidden\",\"title\":\"Hidden\",\"version\":101,\"created\":1580885473,\"namespace\":\"ProcessWire\\\\\",\"permanent\":true},\"41\":{\"name\":\"InputfieldName\",\"title\":\"Name\",\"version\":100,\"created\":1580885473,\"namespace\":\"ProcessWire\\\\\",\"permanent\":true},\"131\":{\"name\":\"InputfieldButton\",\"title\":\"Button\",\"version\":100,\"created\":1580885473,\"namespace\":\"ProcessWire\\\\\",\"permanent\":true},\"85\":{\"name\":\"InputfieldInteger\",\"title\":\"Integer\",\"version\":105,\"created\":1580885473,\"namespace\":\"ProcessWire\\\\\",\"permanent\":true},\"36\":{\"name\":\"InputfieldSelect\",\"title\":\"Select\",\"version\":102,\"created\":1580885473,\"namespace\":\"ProcessWire\\\\\",\"permanent\":true},\"149\":{\"name\":\"InputfieldSelector\",\"title\":\"Selector\",\"version\":28,\"autoload\":\"template=admin\",\"created\":1580885473,\"configurable\":3,\"namespace\":\"ProcessWire\\\\\",\"addFlag\":32},\"122\":{\"name\":\"InputfieldPassword\",\"title\":\"Password\",\"version\":102,\"created\":1580885473,\"namespace\":\"ProcessWire\\\\\",\"permanent\":true},\"171\":{\"name\":\"InputfieldIcon\",\"title\":\"Icon\",\"version\":2,\"created\":1580885495,\"namespace\":\"ProcessWire\\\\\"},\"112\":{\"name\":\"InputfieldPageTitle\",\"title\":\"Page Title\",\"version\":102,\"created\":1580885473,\"namespace\":\"ProcessWire\\\\\",\"permanent\":true},\"60\":{\"name\":\"InputfieldPage\",\"title\":\"Page\",\"version\":107,\"created\":1580885473,\"configurable\":3,\"namespace\":\"ProcessWire\\\\\",\"permanent\":true},\"32\":{\"name\":\"InputfieldSubmit\",\"title\":\"Submit\",\"version\":102,\"created\":1580885473,\"namespace\":\"ProcessWire\\\\\",\"permanent\":true},\"25\":{\"name\":\"InputfieldAsmSelect\",\"title\":\"asmSelect\",\"version\":202,\"created\":1580885473,\"namespace\":\"ProcessWire\\\\\",\"permanent\":true},\"34\":{\"name\":\"InputfieldText\",\"title\":\"Text\",\"version\":106,\"created\":1580885473,\"namespace\":\"ProcessWire\\\\\",\"permanent\":true},\"35\":{\"name\":\"InputfieldTextarea\",\"title\":\"Textarea\",\"version\":103,\"created\":1580885473,\"namespace\":\"ProcessWire\\\\\",\"permanent\":true},\"78\":{\"name\":\"InputfieldFieldset\",\"title\":\"Fieldset\",\"version\":101,\"created\":1580885473,\"namespace\":\"ProcessWire\\\\\",\"permanent\":true},\"187\":{\"name\":\"InputfieldPageAutocomplete\",\"title\":\"Page Auto Complete\",\"version\":112,\"created\":1591448467,\"namespace\":\"ProcessWire\\\\\"},\"108\":{\"name\":\"InputfieldURL\",\"title\":\"URL\",\"version\":102,\"created\":1580885473,\"namespace\":\"ProcessWire\\\\\"},\"30\":{\"name\":\"InputfieldForm\",\"title\":\"Form\",\"version\":107,\"created\":1580885473,\"namespace\":\"ProcessWire\\\\\",\"permanent\":true},\"38\":{\"name\":\"InputfieldCheckboxes\",\"title\":\"Checkboxes\",\"version\":107,\"created\":1580885473,\"namespace\":\"ProcessWire\\\\\",\"permanent\":true},\"137\":{\"name\":\"InputfieldPageListSelectMultiple\",\"title\":\"Page List Select Multiple\",\"version\":102,\"created\":1580885473,\"namespace\":\"ProcessWire\\\\\",\"permanent\":true},\"15\":{\"name\":\"InputfieldPageListSelect\",\"title\":\"Page List Select\",\"version\":101,\"created\":1580885473,\"namespace\":\"ProcessWire\\\\\",\"permanent\":true},\"80\":{\"name\":\"InputfieldEmail\",\"title\":\"Email\",\"version\":101,\"created\":1580885473,\"namespace\":\"ProcessWire\\\\\"},\"43\":{\"name\":\"InputfieldSelectMultiple\",\"title\":\"Select Multiple\",\"version\":101,\"created\":1580885473,\"namespace\":\"ProcessWire\\\\\",\"permanent\":true},\"79\":{\"name\":\"InputfieldMarkup\",\"title\":\"Markup\",\"version\":102,\"created\":1580885473,\"namespace\":\"ProcessWire\\\\\",\"permanent\":true},\"90\":{\"name\":\"InputfieldFloat\",\"title\":\"Float\",\"version\":104,\"created\":1580885473,\"namespace\":\"ProcessWire\\\\\",\"permanent\":true},\"56\":{\"name\":\"InputfieldImage\",\"title\":\"Images\",\"version\":123,\"created\":1580885473,\"namespace\":\"ProcessWire\\\\\",\"permanent\":true},\"37\":{\"name\":\"InputfieldCheckbox\",\"title\":\"Checkbox\",\"version\":106,\"created\":1580885473,\"namespace\":\"ProcessWire\\\\\",\"permanent\":true},\"86\":{\"name\":\"InputfieldPageName\",\"title\":\"Page Name\",\"version\":106,\"created\":1580885473,\"configurable\":3,\"namespace\":\"ProcessWire\\\\\",\"permanent\":true},\"55\":{\"name\":\"InputfieldFile\",\"title\":\"Files\",\"version\":126,\"created\":1580885473,\"namespace\":\"ProcessWire\\\\\",\"permanent\":true},\"94\":{\"name\":\"InputfieldDatetime\",\"title\":\"Datetime\",\"version\":107,\"created\":1580885473,\"namespace\":\"ProcessWire\\\\\",\"permanent\":true},\"39\":{\"name\":\"InputfieldRadios\",\"title\":\"Radio Buttons\",\"version\":105,\"created\":1580885473,\"namespace\":\"ProcessWire\\\\\",\"permanent\":true},\"155\":{\"name\":\"InputfieldCKEditor\",\"title\":\"CKEditor\",\"version\":163,\"installs\":[\"MarkupHTMLPurifier\"],\"created\":1580885473,\"namespace\":\"ProcessWire\\\\\"},\"61\":{\"name\":\"TextformatterEntities\",\"title\":\"HTML Entity Encoder (htmlspecialchars)\",\"version\":100,\"created\":1580885473,\"namespace\":\"ProcessWire\\\\\"},\"114\":{\"name\":\"PagePermissions\",\"title\":\"Page Permissions\",\"version\":105,\"autoload\":true,\"singular\":true,\"created\":1580885473,\"namespace\":\"ProcessWire\\\\\",\"permanent\":true},\"116\":{\"name\":\"JqueryCore\",\"title\":\"jQuery Core\",\"version\":183,\"singular\":true,\"created\":1580885473,\"namespace\":\"ProcessWire\\\\\",\"permanent\":true},\"151\":{\"name\":\"JqueryMagnific\",\"title\":\"jQuery Magnific Popup\",\"version\":1,\"singular\":1,\"created\":1580885473,\"namespace\":\"ProcessWire\\\\\"},\"117\":{\"name\":\"JqueryUI\",\"title\":\"jQuery UI\",\"version\":196,\"singular\":true,\"created\":1580885473,\"namespace\":\"ProcessWire\\\\\",\"permanent\":true},\"103\":{\"name\":\"JqueryTableSorter\",\"title\":\"jQuery Table Sorter Plugin\",\"version\":221,\"singular\":1,\"created\":1580885473,\"namespace\":\"ProcessWire\\\\\"},\"45\":{\"name\":\"JqueryWireTabs\",\"title\":\"jQuery Wire Tabs Plugin\",\"version\":110,\"created\":1580885473,\"configurable\":3,\"namespace\":\"ProcessWire\\\\\",\"permanent\":true},\"67\":{\"name\":\"MarkupAdminDataTable\",\"title\":\"Admin Data Table\",\"version\":107,\"created\":1580885473,\"namespace\":\"ProcessWire\\\\\",\"permanent\":true},\"156\":{\"name\":\"MarkupHTMLPurifier\",\"title\":\"HTML Purifier\",\"version\":495,\"created\":1580885473,\"namespace\":\"ProcessWire\\\\\"},\"113\":{\"name\":\"MarkupPageArray\",\"title\":\"PageArray Markup\",\"version\":100,\"autoload\":true,\"singular\":true,\"created\":1580885473,\"namespace\":\"ProcessWire\\\\\"},\"98\":{\"name\":\"MarkupPagerNav\",\"title\":\"Pager (Pagination) Navigation\",\"version\":105,\"created\":1580885473,\"namespace\":\"ProcessWire\\\\\"},\"148\":{\"name\":\"AdminThemeDefault\",\"title\":\"Default\",\"version\":14,\"autoload\":\"template=admin\",\"created\":1580885473,\"configurable\":19,\"namespace\":\"ProcessWire\\\\\"},\"169\":{\"name\":\"AdminThemeUikit\",\"title\":\"Uikit\",\"version\":31,\"requiresVersions\":{\"ProcessWire\":[\">=\",\"3.0.100\"]},\"autoload\":\"template=admin\",\"created\":1580885490,\"configurable\":4,\"namespace\":\"ProcessWire\\\\\"},\"152\":{\"name\":\"PagePathHistory\",\"title\":\"Page Path History\",\"version\":5,\"autoload\":true,\"singular\":true,\"created\":1580885473,\"configurable\":4,\"namespace\":\"ProcessWire\\\\\"},\"115\":{\"name\":\"PageRender\",\"title\":\"Page Render\",\"version\":105,\"autoload\":true,\"singular\":true,\"created\":1580885473,\"configurable\":3,\"namespace\":\"ProcessWire\\\\\",\"permanent\":true},\"139\":{\"name\":\"SystemUpdater\",\"title\":\"System Updater\",\"version\":18,\"singular\":true,\"created\":1580885473,\"configurable\":3,\"namespace\":\"ProcessWire\\\\\",\"permanent\":true},\"179\":{\"name\":\"DiagnoseImagehandling\",\"title\":\"Image Handling\",\"version\":1,\"requiresVersions\":{\"ProcessDiagnostics\":[\">=\",0]},\"installs\":[\"ProcessDiagnostics\"],\"singular\":true,\"created\":1587549193,\"namespace\":\"\\\\\"},\"180\":{\"name\":\"ProcessDiagnostics\",\"title\":\"Diagnostics Page\",\"version\":23,\"singular\":true,\"created\":1587549193,\"namespace\":\"\\\\\"},\"188\":{\"name\":\"FieldtypeColorPicker\",\"title\":\"ColorPicker\",\"version\":203,\"installs\":[\"InputfieldColorPicker\"],\"singular\":true,\"created\":1615118978,\"namespace\":\"\\\\\"},\"189\":{\"name\":\"InputfieldColorPicker\",\"title\":\"ColorPicker\",\"version\":203,\"requiresVersions\":{\"FieldtypeColorPicker\":[\">=\",0]},\"created\":1615118978,\"namespace\":\"\\\\\"},\"174\":{\"name\":\"ProcessDatabaseBackups\",\"title\":\"Database Backups\",\"version\":5,\"icon\":\"database\",\"requiresVersions\":{\"ProcessWire\":[\">=\",\"3.0.62\"]},\"permission\":\"db-backup\",\"singular\":1,\"created\":1587365242,\"nav\":[{\"url\":\".\\/\",\"label\":\"View\",\"icon\":\"list\"},{\"url\":\"backup\\/\",\"label\":\"Backup\",\"icon\":\"plus-circle\"},{\"url\":\"upload\\/\",\"label\":\"Upload\",\"icon\":\"cloud-upload\"}]},\"178\":{\"name\":\"ProcessCroppableImage3\",\"title\":\"Croppable Images 3 (Process)\",\"version\":\"1.2.0\",\"icon\":\"crop\",\"requiresVersions\":{\"ProcessWire\":[\">=\",\"3.0.20\"],\"PHP\":[\">=\",\"5.3.8\"],\"FieldtypeCroppableImage3\":[\">=\",\"1.2.0\"]},\"permission\":\"croppable-image-3\",\"singular\":1,\"created\":1587549040},\"177\":{\"name\":\"InputfieldCroppableImage3\",\"title\":\"Croppable Image 3 (Inputfield)\",\"version\":\"1.2.0\",\"icon\":\"crop\",\"requiresVersions\":{\"ProcessWire\":[\">=\",\"3.0.20\"],\"PHP\":[\">=\",\"5.3.8\"],\"FieldtypeCroppableImage3\":[\">=\",\"1.2.0\"]},\"created\":1587549040},\"176\":{\"name\":\"FieldtypeCroppableImage3\",\"title\":\"Croppable Image 3 (Fieldtype & Main-Module)\",\"version\":\"1.2.0\",\"icon\":\"crop\",\"requiresVersions\":{\"ProcessWire\":[\">=\",\"3.0.20\"],\"PHP\":[\">=\",\"5.3.8\"],\"CroppableImage3\":[\">=\",\"1.2.0\"]},\"installs\":[\"InputfieldCroppableImage3\",\"ProcessCroppableImage3\"],\"singular\":1,\"created\":1587549040,\"configurable\":true},\"175\":{\"name\":\"CroppableImage3\",\"title\":\"Croppable Image 3 (Wrapper-Module)\",\"version\":\"1.2.0\",\"icon\":\"crop\",\"requiresVersions\":{\"ProcessWire\":[\">=\",\"3.0.20\"],\"PHP\":[\">=\",\"5.3.8\"]},\"installs\":[\"FieldtypeCroppableImage3\"],\"created\":1587549040},\"192\":{\"name\":\"WireMailPHPMailer\",\"title\":\"WireMailPHPMailer\",\"version\":124,\"icon\":\"envelope-o\",\"requiresVersions\":{\"ProcessWire\":[\">=\",\"3.0.0\"]},\"singular\":true,\"created\":1615361984,\"configurable\":\"WireMailPHPMailerConfig.php\"},\"182\":{\"name\":\"TextformatterVideoEmbed\",\"title\":\"Video embed for YouTube\\/Vimeo\",\"version\":111,\"singular\":1,\"created\":1587634083,\"configurable\":3},\"190\":{\"name\":\"ProcessAssetsBackups\",\"title\":\"Assets Backups\",\"version\":\"0.9.1\",\"icon\":\"database\",\"requiresVersions\":{\"ProcessWire\":[\">=\",\"3.0.62\"]},\"permission\":\"fs-backup\",\"singular\":1,\"created\":1615296486,\"nav\":[{\"url\":\".\\/\",\"label\":\"View\",\"icon\":\"list\"},{\"url\":\"backup\\/\",\"label\":\"Backup\",\"icon\":\"plus-circle\"},{\"url\":\"upload\\/\",\"label\":\"Upload\",\"icon\":\"cloud-upload\"}]},\"193\":{\"name\":\"WireMailSendGrid\",\"title\":\"WireMail SendGrid\",\"version\":113,\"requiresVersions\":{\"ProcessWire\":[\">=\",\"2.8\"]},\"configurable\":\"WireMailSendGrid.config.php\",\"namespace\":\"\\\\\"}}', '2010-04-08 03:10:01');
INSERT INTO `caches` (`name`, `data`, `expires`) VALUES('FileCompiler__da1cf25b6a755b1732079e4f86443bbf', '{\"source\":{\"file\":\"\\/var\\/www\\/vhosts\\/hosting105330.a2fa5.netcup.net\\/boardschmiede.startuppages.de\\/www\\/site\\/modules\\/WireMailSendGrid\\/WireMailSendGrid.config.php\",\"hash\":\"ae25d8c8811349bc705b74a41cf69881\",\"size\":13390,\"time\":1615456682,\"ns\":\"\\\\\"},\"target\":{\"file\":\"\\/var\\/www\\/vhosts\\/hosting105330.a2fa5.netcup.net\\/boardschmiede.startuppages.de\\/www\\/site\\/assets\\/cache\\/FileCompiler\\/site\\/modules\\/WireMailSendGrid\\/WireMailSendGrid.config.php\",\"hash\":\"1ceb0fcb58c138424e29d6bdf302546f\",\"size\":13403,\"time\":1615456682}}', '2010-04-08 03:10:10');
INSERT INTO `caches` (`name`, `data`, `expires`) VALUES('FileCompiler__3cc992c7fe38f64663b477daba673a13', '{\"source\":{\"file\":\"\\/var\\/www\\/vhosts\\/hosting105330.a2fa5.netcup.net\\/boardschmiede.startuppages.de\\/www\\/site\\/modules\\/WireMailSendGrid\\/WireMailSendGrid.module.php\",\"hash\":\"e9c233c9e0e7998cba78aa451e13d78f\",\"size\":20564,\"time\":1615456682,\"ns\":\"\\\\\"},\"target\":{\"file\":\"\\/var\\/www\\/vhosts\\/hosting105330.a2fa5.netcup.net\\/boardschmiede.startuppages.de\\/www\\/site\\/assets\\/cache\\/FileCompiler\\/site\\/modules\\/WireMailSendGrid\\/WireMailSendGrid.module.php\",\"hash\":\"1dcb04114047b431f9ba40b220349ed0\",\"size\":20900,\"time\":1615456682}}', '2010-04-08 03:10:10');
INSERT INTO `caches` (`name`, `data`, `expires`) VALUES('FileCompiler__b5cda4b789fe5bbf8addc88975e28662', '{\"source\":{\"file\":\"\\/var\\/www\\/vhosts\\/hosting105330.a2fa5.netcup.net\\/boardschmiede.startuppages.de\\/www\\/site\\/modules\\/WireMailSendGrid\\/sendgrid-php\\/sendgrid-php.php\",\"hash\":\"5f544b46f1cfaf33eec5260eff31b3e3\",\"size\":50,\"time\":1615456682,\"ns\":\"\\\\\"},\"target\":{\"file\":\"\\/var\\/www\\/vhosts\\/hosting105330.a2fa5.netcup.net\\/boardschmiede.startuppages.de\\/www\\/site\\/assets\\/cache\\/FileCompiler\\/site\\/modules\\/WireMailSendGrid\\/sendgrid-php\\/sendgrid-php.php\",\"hash\":\"601b2477011ab6888f6868c2974100ae\",\"size\":253,\"time\":1615456682}}', '2010-04-08 03:10:10');
INSERT INTO `caches` (`name`, `data`, `expires`) VALUES('FileCompiler__d6448290a7dd69229c42f18d76d3385f', '{\"source\":{\"file\":\"\\/var\\/www\\/vhosts\\/hosting105330.a2fa5.netcup.net\\/boardschmiede.startuppages.de\\/www\\/site\\/modules\\/WireMailSendGrid\\/sendgrid-php\\/vendor\\/autoload.php\",\"hash\":\"d86e43b5c4e462621f44c158e319ec64\",\"size\":178,\"time\":1615456682,\"ns\":\"\\\\\"},\"target\":{\"file\":\"\\/var\\/www\\/vhosts\\/hosting105330.a2fa5.netcup.net\\/boardschmiede.startuppages.de\\/www\\/site\\/assets\\/cache\\/FileCompiler\\/site\\/modules\\/WireMailSendGrid\\/sendgrid-php\\/vendor\\/autoload.php\",\"hash\":\"800a7af82a8bb9baf32aaeb95e48f1e1\",\"size\":388,\"time\":1615456682}}', '2010-04-08 03:10:10');

DROP TABLE IF EXISTS `field_admin_theme`;
CREATE TABLE `field_admin_theme` (
  `pages_id` int(10) unsigned NOT NULL,
  `data` int(11) NOT NULL,
  PRIMARY KEY (`pages_id`),
  KEY `data` (`data`)
) ENGINE=MyISAM DEFAULT CHARSET=utf8;


DROP TABLE IF EXISTS `field_biglinks`;
CREATE TABLE `field_biglinks` (
  `pages_id` int(10) unsigned NOT NULL,
  `data` text NOT NULL,
  `count` int(11) NOT NULL,
  `parent_id` int(11) NOT NULL,
  PRIMARY KEY (`pages_id`),
  KEY `data_exact` (`data`(1)),
  KEY `count` (`count`,`pages_id`),
  KEY `parent_id` (`parent_id`,`pages_id`),
  FULLTEXT KEY `data` (`data`)
) ENGINE=MyISAM DEFAULT CHARSET=utf8;

INSERT INTO `field_biglinks` (`pages_id`, `data`, `count`, `parent_id`) VALUES('1', '1229,1230,1231', '3', '1228');

DROP TABLE IF EXISTS `field_board_features`;
CREATE TABLE `field_board_features` (
  `pages_id` int(10) unsigned NOT NULL,
  `data` mediumtext NOT NULL,
  `data1012` mediumtext,
  PRIMARY KEY (`pages_id`),
  KEY `data_exact` (`data`(250)),
  FULLTEXT KEY `data` (`data`),
  FULLTEXT KEY `data1012` (`data1012`)
) ENGINE=MyISAM DEFAULT CHARSET=utf8;

INSERT INTO `field_board_features` (`pages_id`, `data`, `data1012`) VALUES('1158', '<p> </p>\n\n<p>We offer you a higtech carbon twintip kitesurfboard that gives the driver a satisfied smile on the face after the first few meters and immediately convinces by a lot of control and smoothness.</p>\n\n<p>And that regardless of driving level. Guaranteed!</p>\n\n<p><strong>The custom flex</strong></p>\n\n<p>In general we offer our Freerider in a perfect leveled boardsize and rider wheigt balance.</p>\n\n<p>The custom flex option is for those who:</p>\n\n<ul><li>have light bodyweight and the idea to go for a bigger size of a board to use it for lightwind (soft flex)</li>\n	<li>has problems with their knees and would like to have an extra smoothness on top (soft flex)</li>\n	<li>love to go crazy with overpower and from one kiteloop to the other (hard flex)</li>\n</ul><p><strong>Sizes</strong></p>\n\n<ul><li>130x38 </li>\n	<li>132x39 </li>\n	<li>135x40 </li>\n	<li>137x41 </li>\n	<li>139x42 </li>\n	<li>141x43 </li>\n	<li>custom size on request</li>\n</ul><p><strong>Rail &amp; Logo</strong><br />\nCustomize your board by choosing the color of the rail and the logos</p>', '');
INSERT INTO `field_board_features` (`pages_id`, `data`, `data1012`) VALUES('1160', '', '');
INSERT INTO `field_board_features` (`pages_id`, `data`, `data1012`) VALUES('1162', '', '');
INSERT INTO `field_board_features` (`pages_id`, `data`, `data1012`) VALUES('1164', '', '');
INSERT INTO `field_board_features` (`pages_id`, `data`, `data1012`) VALUES('1166', '', '');
INSERT INTO `field_board_features` (`pages_id`, `data`, `data1012`) VALUES('1168', '', '');
INSERT INTO `field_board_features` (`pages_id`, `data`, `data1012`) VALUES('1170', '', '');
INSERT INTO `field_board_features` (`pages_id`, `data`, `data1012`) VALUES('1182', '', '');
INSERT INTO `field_board_features` (`pages_id`, `data`, `data1012`) VALUES('1186', '', '');

DROP TABLE IF EXISTS `field_board_images`;
CREATE TABLE `field_board_images` (
  `pages_id` int(10) unsigned NOT NULL,
  `data` varchar(250) NOT NULL,
  `sort` int(10) unsigned NOT NULL,
  `description` text NOT NULL,
  `modified` datetime DEFAULT NULL,
  `created` datetime DEFAULT NULL,
  `filedata` mediumtext,
  `filesize` int(11) DEFAULT NULL,
  `created_users_id` int(10) unsigned NOT NULL DEFAULT '0',
  `modified_users_id` int(10) unsigned NOT NULL DEFAULT '0',
  `width` int(11) DEFAULT NULL,
  `height` int(11) DEFAULT NULL,
  `ratio` decimal(4,2) DEFAULT NULL,
  PRIMARY KEY (`pages_id`,`sort`),
  KEY `data` (`data`),
  KEY `modified` (`modified`),
  KEY `created` (`created`),
  KEY `filesize` (`filesize`),
  KEY `width` (`width`),
  KEY `height` (`height`),
  KEY `ratio` (`ratio`),
  FULLTEXT KEY `description` (`description`),
  FULLTEXT KEY `filedata` (`filedata`)
) ENGINE=MyISAM DEFAULT CHARSET=utf8;


DROP TABLE IF EXISTS `field_board_style`;
CREATE TABLE `field_board_style` (
  `pages_id` int(10) unsigned NOT NULL,
  `data` text NOT NULL,
  `data1012` text,
  PRIMARY KEY (`pages_id`),
  KEY `data_exact` (`data`(250)),
  KEY `data_exact1012` (`data1012`(250)),
  FULLTEXT KEY `data` (`data`),
  FULLTEXT KEY `data1012` (`data1012`)
) ENGINE=MyISAM DEFAULT CHARSET=utf8;


DROP TABLE IF EXISTS `field_body`;
CREATE TABLE `field_body` (
  `pages_id` int(10) unsigned NOT NULL,
  `data` mediumtext NOT NULL,
  `data1012` mediumtext,
  PRIMARY KEY (`pages_id`),
  KEY `data_exact` (`data`(250)),
  FULLTEXT KEY `data` (`data`),
  FULLTEXT KEY `data1012` (`data1012`)
) ENGINE=MyISAM DEFAULT CHARSET=utf8;

INSERT INTO `field_body` (`pages_id`, `data`, `data1012`) VALUES('27', '<h3>The page you were looking for is not found.</h3>\n\n<p>Please use our search engine or navigation above to find the page.</p>', '<h3>Die Seite, die Sie suchen, wurde nicht gefunden. </h3>\n\n<p>Bitte verwenden Sie die Suchmaschine oder die Navigation oben, um die Seite zu finden.</p>');
INSERT INTO `field_body` (`pages_id`, `data`, `data1012`) VALUES('1', '<h1 style=\"text-align:center;\">THIS IS JUST THE BEGINNING OF YOUR JOURNEY</h1>\n\n<p style=\"text-align:center;\"><em>We are a small manufacturer located at the popular kite spot Workum in the Netherlands, who have set ourselves the goal to \"forge\" the ultimate board. Years of honing our craft, combined with a real passion for perfection, ensures every board is made to the highest possible standard.</em></p>', '<h2>Was ist ProcessWire?</h2>\n\n<p>ProcessWire gibt Ihnen volle Kontrolle über Ihre Felder, Vorlagen und Markup. Es bietet ein mächtiges Templating-System, das sich ganz nach Ihren richtet. Mit dem ProcessWire API bearbeiten Sie Inhalte spielend einfach und bequem. <a href=\"http://de.processwire.com\">Mehr erfahren</a></p>\n\n<h3>Über dieses Webseiten-Profil</h3>\n\n<p>Dieses Demo-Profil ist eine einfache Webseite, die Sie als Grundlage für die Entwicklung Ihrer eigenen Webseiten verwenden können oder um sich mit dem System vertraut zu machen. Die Seiten dienen lediglich als Beispiele und erheben nicht den Anspruch, alle ProcessWire Features demonstrieren zu wollen. Wenn Sie Ihre eigene Webseiten bauen, ist dieses Profil ein guter Ausgangspunkt. Sie können die vorhandenen Vorlagen und das Design verwenden wie sie sind, oder nach Belieben austauschen.</p>\n\n<h3>Diese Seite durchsuchen</h3>');
INSERT INTO `field_body` (`pages_id`, `data`, `data1012`) VALUES('1024', '<h1 style=\"text-align:center;\">MEET THE TEAM OF BOARDSCHMIEDE</h1>', '');
INSERT INTO `field_body` (`pages_id`, `data`, `data1012`) VALUES('1025', '', '');
INSERT INTO `field_body` (`pages_id`, `data`, `data1012`) VALUES('1026', '<h3>ADDRESS</h3>\n\n<p>Suderseleane 7<br />\n8711GX Workum<br />\nThe Netherlands</p>\n\n<p>Phone: +49 151 510 10 236</p>\n\n<p>Email: <a href=\"mailto:info@boardschmiede.com\">info@boardschmiede.com</a></p>\n\n<h3>SOCIAL MEDIA</h3>\n\n<p><a href=\"https://www.facebook.com/customboards.de/\" target=\"_blank\" rel=\"noreferrer noopener\">Facebook</a></p>\n\n<p><a href=\"https://www.instagram.com/boardschmiede\" target=\"_blank\" rel=\"noreferrer noopener\">Instagram</a></p>', '');
INSERT INTO `field_body` (`pages_id`, `data`, `data1012`) VALUES('1002', '<h2>Ut capio feugiat saepius torqueo olim</h2>\n\n<h3>In utinam facilisi eum vicis feugait nimis</h3>\n\n<p>Iusto incassum appellatio cui macto genitus vel. Lobortis aliquam luctus, roto enim, imputo wisi tamen. Ratis odio, genitus acsi, neo illum consequat consectetuer ut.</p>\n\n<blockquote>\n<p>Wisi fere virtus cogo, ex ut vel nullus similis vel iusto. Tation incassum adsum in, quibus capto premo diam suscipere facilisi. Uxor laoreet mos capio premo feugait ille et. Pecus abigo immitto epulae duis vel. Neque causa, indoles verto, decet ingenium dignissim.</p>\n</blockquote>\n\n<p>Patria iriure vel vel autem proprius indoles ille sit. Tation blandit refoveo, accumsan ut ulciscor lucidus inhibeo capto aptent opes, foras.</p>\n\n<h3>Dolore ea valde refero feugait utinam luctus</h3>\n\n<p>Usitas, nostrud transverbero, in, amet, nostrud ad. Ex feugiat opto diam os aliquam regula lobortis dolore ut ut quadrum. Esse eu quis nunc jugis iriure volutpat wisi, fere blandit inhibeo melior, hendrerit, saluto velit. Eu bene ideo dignissim delenit accumsan nunc. Usitas ille autem camur consequat typicus feugait elit ex accumsan nutus accumsan nimis pagus, occuro. Immitto populus, qui feugiat opto pneum letalis paratus. Mara conventio torqueo nibh caecus abigo sit eum brevitas. Populus, duis ex quae exerci hendrerit, si antehabeo nobis, consequat ea praemitto zelus.</p>\n\n<p>Immitto os ratis euismod conventio erat jus caecus sudo. code test Appellatio consequat, et ibidem ludus nulla dolor augue abdo tego euismod plaga lenis. Sit at nimis venio venio tego os et pecus enim pneum magna nobis ad pneum. Saepius turpis probo refero molior nonummy aliquam neque appellatio jus luctus acsi. Ulciscor refero pagus imputo eu refoveo valetudo duis dolore usitas. Consequat suscipere quod torqueo ratis ullamcorper, dolore lenis, letalis quia quadrum plaga minim.</p>', '');
INSERT INTO `field_body` (`pages_id`, `data`, `data1012`) VALUES('1001', '<h2 style=\"text-align:center;\">ABOUT BOARDSCHMIEDE</h2>\n\n<p style=\"text-align:center;\">Dolore ad nunc, mos accumsan paratus duis suscipit luptatum facilisis macto uxor iaceo quadrum. Demoveo, appellatio elit neque ad commodo ea. Wisi, iaceo, tincidunt at commoveo rusticus et, ludus. Feugait at blandit bene blandit suscipere abdo duis ideo bis commoveo pagus ex, velit. Consequat commodo roto accumsan, duis transverbero.</p>', '<h2>Hinter den Wortbergen</h2>\n\n<p>Weit hinten, hinter den Wortbergen, fern der Länder Vokalien und Konsonantien leben die Blindtexte. Abgeschieden wohnen sie in Buchstabhausen an der Küste des Semantik, eines großen Sprachozeans. Ein kleines Bächlein namens Duden fließt durch ihren Ort und versorgt sie mit den nötigen Regelialien. Es ist ein paradiesmatisches Land, in dem einem gebratene Satzteile in den Mund fliegen. Nicht einmal von der allmächtigen Interpunktion werden die Blindtexte beherrscht – ein geradezu unorthographisches Leben.</p>');
INSERT INTO `field_body` (`pages_id`, `data`, `data1012`) VALUES('1004', '<h2>Pertineo vel dignissim, natu letalis fere odio</h2>\n\n<p>Magna in gemino, gilvus iusto capto jugis abdo mos aptent acsi qui. Utrum inhibeo humo humo duis quae. Lucidus paulatim facilisi scisco quibus hendrerit conventio adsum.</p>\n\n<h3>Si lobortis singularis genitus ibidem saluto</h3>\n\n<ul>\n	<li>Feugiat eligo foras ex elit sed indoles hos elit ex antehabeo defui et nostrud.</li>\n	<li>Letatio valetudo multo consequat inhibeo ille dignissim pagus et in quadrum eum eu.</li>\n	<li>Aliquam si consequat, ut nulla amet et turpis exerci, adsum luctus ne decet, delenit.</li>\n	<li>Commoveo nunc diam valetudo cui, aptent commoveo at obruo uxor nulla aliquip augue.</li>\n</ul>\n\n<p>Iriure, ex velit, praesent vulpes delenit capio vero gilvus inhibeo letatio aliquip metuo qui eros. Transverbero demoveo euismod letatio torqueo melior. Ut odio in suscipit paulatim amet huic letalis suscipere eros causa, letalis magna.</p>\n\n<ol>\n	<li>Feugiat eligo foras ex elit sed indoles hos elit ex antehabeo defui et nostrud.</li>\n	<li>Letatio valetudo multo consequat inhibeo ille dignissim pagus et in quadrum eum eu.</li>\n	<li>Aliquam si consequat, ut nulla amet et turpis exerci, adsum luctus ne decet, delenit.</li>\n	<li>Commoveo nunc diam valetudo cui, aptent commoveo at obruo uxor nulla aliquip augue.</li>\n</ol>', '');
INSERT INTO `field_body` (`pages_id`, `data`, `data1012`) VALUES('1116', '<h2>Impressum</h2>\n\n<p>Angaben gemäß § 5 TMG</p>\n\n<p>Fa.Boardschmiede<br />\nSuderseleane 7<br />\n8711 GX Workum</p>\n\n<p><strong>Inhaber:</strong></p>\n\n<p>Thilo Schwemlein</p>\n\n<p><strong>Kontakt:</strong><br />\nTelefon: +49 / 15151010236<br />\nE-Mail: <a href=\"mailto:kontakt@boardschmiede.de\">kontakt@boardschmiede.de</a></p>\n\n<p>KVK 65509242</p>\n\n<p>BTW NL291671378B01</p>\n\n<p><strong>Haftungsausschluss:</strong></p>\n\n<p><strong>Haftung für Inhalte</strong></p>\n\n<p>Die Inhalte unserer Seiten wurden mit größter Sorgfalt erstellt. Für die Richtigkeit, Vollständigkeit und Aktualität der Inhalte können wir jedoch keine Gewähr übernehmen. Als Diensteanbieter sind wir gemäß § 7 Abs.1 TMG für eigene Inhalte auf diesen Seiten nach den allgemeinen Gesetzen verantwortlich. Nach §§ 8 bis 10 TMG sind wir als Diensteanbieter jedoch nicht verpflichtet, übermittelte oder gespeicherte fremde Informationen zu überwachen oder nach Umständen zu forschen, die auf eine rechtswidrige Tätigkeit hinweisen. Verpflichtungen zur Entfernung oder Sperrung der Nutzung von Informationen nach den allgemeinen Gesetzen bleiben hiervon unberührt. Eine diesbezügliche Haftung ist jedoch erst ab dem Zeitpunkt der Kenntnis einer konkreten Rechtsverletzung möglich. Bei Bekanntwerden von entsprechenden Rechtsverletzungen werden wir diese Inhalte umgehend entfernen.</p>\n\n<p><strong>Haftung für Links</strong></p>\n\n<p>Unser Angebot enthält Links zu externen Webseiten Dritter, auf deren Inhalte wir keinen Einfluss haben. Deshalb können wir für diese fremden Inhalte auch keine Gewähr übernehmen. Für die Inhalte der verlinkten Seiten ist stets der jeweilige Anbieter oder Betreiber der Seiten verantwortlich. Die verlinkten Seiten wurden zum Zeitpunkt der Verlinkung auf mögliche Rechtsverstöße überprüft. Rechtswidrige Inhalte waren zum Zeitpunkt der Verlinkung nicht erkennbar. Eine permanente inhaltliche Kontrolle der verlinkten Seiten ist jedoch ohne konkrete Anhaltspunkte einer Rechtsverletzung nicht zumutbar. Bei Bekanntwerden von Rechtsverletzungen werden wir derartige Links umgehend entfernen.</p>\n\n<p><strong>Urheberrecht</strong></p>\n\n<p>Die durch die Seitenbetreiber erstellten Inhalte und Werke auf diesen Seiten unterliegen dem deutschen Urheberrecht. Die Vervielfältigung, Bearbeitung, Verbreitung und jede Art der Verwertung außerhalb der Grenzen des Urheberrechtes bedürfen der schriftlichen Zustimmung des jeweiligen Autors bzw. Erstellers. Downloads und Kopien dieser Seite sind nur für den privaten, nicht kommerziellen Gebrauch gestattet. Soweit die Inhalte auf dieser Seite nicht vom Betreiber erstellt wurden, werden die Urheberrechte Dritter beachtet. Insbesondere werden Inhalte Dritter als solche gekennzeichnet. Sollten Sie trotzdem auf eine Urheberrechtsverletzung aufmerksam werden, bitten wir um einen entsprechenden Hinweis. Bei Bekanntwerden von Rechtsverletzungen werden wir derartige Inhalte umgehend entfernen.</p>\n\n<p><strong>Datenschutz</strong></p>\n\n<p>Die Nutzung unserer Webseite ist in der Regel ohne Angabe personenbezogener Daten möglich. Soweit auf unseren Seiten personenbezogene Daten (beispielsweise Name, Anschrift oder eMail-Adressen) erhoben werden, erfolgt dies, soweit möglich, stets auf freiwilliger Basis. Diese Daten werden ohne Ihre ausdrückliche Zustimmung nicht an Dritte weitergegeben.<br />\nWir weisen darauf hin, dass die Datenübertragung im Internet (z.B. bei der Kommunikation per E-Mail) Sicherheitslücken aufweisen kann. Ein lückenloser Schutz der Daten vor dem Zugriff durch Dritte ist nicht möglich.<br />\nDer Nutzung von im Rahmen der Impressumspflicht veröffentlichten Kontaktdaten durch Dritte zur Übersendung von nicht ausdrücklich angeforderter Werbung und Informationsmaterialien wird hiermit ausdrücklich widersprochen. Die Betreiber der Seiten behalten sich ausdrücklich rechtliche Schritte im Falle der unverlangten Zusendung von Werbeinformationen, etwa durch Spam-Mails, vor.</p>', '<h2>Impressum</h2>\n\n<p>Angaben gemäß § 5 TMG</p>\n\n<p>Fa.Boardschmiede<br />\nSuderseleane 7<br />\n8711 GX Workum</p>\n\n<p><strong>Inhaber:</strong></p>\n\n<p>Thilo Schwemlein</p>\n\n<p><strong>Kontakt:</strong><br />\nTelefon: +49 / 15151010236<br />\nE-Mail: <a href=\"mailto:kontakt@boardschmiede.de\">kontakt@boardschmiede.de</a></p>\n\n<p>KVK 65509242</p>\n\n<p>BTW NL291671378B01</p>\n\n<p><strong>Haftungsausschluss:</strong></p>\n\n<p><strong>Haftung für Inhalte</strong></p>\n\n<p>Die Inhalte unserer Seiten wurden mit größter Sorgfalt erstellt. Für die Richtigkeit, Vollständigkeit und Aktualität der Inhalte können wir jedoch keine Gewähr übernehmen. Als Diensteanbieter sind wir gemäß § 7 Abs.1 TMG für eigene Inhalte auf diesen Seiten nach den allgemeinen Gesetzen verantwortlich. Nach §§ 8 bis 10 TMG sind wir als Diensteanbieter jedoch nicht verpflichtet, übermittelte oder gespeicherte fremde Informationen zu überwachen oder nach Umständen zu forschen, die auf eine rechtswidrige Tätigkeit hinweisen. Verpflichtungen zur Entfernung oder Sperrung der Nutzung von Informationen nach den allgemeinen Gesetzen bleiben hiervon unberührt. Eine diesbezügliche Haftung ist jedoch erst ab dem Zeitpunkt der Kenntnis einer konkreten Rechtsverletzung möglich. Bei Bekanntwerden von entsprechenden Rechtsverletzungen werden wir diese Inhalte umgehend entfernen.</p>\n\n<p><strong>Haftung für Links</strong></p>\n\n<p>Unser Angebot enthält Links zu externen Webseiten Dritter, auf deren Inhalte wir keinen Einfluss haben. Deshalb können wir für diese fremden Inhalte auch keine Gewähr übernehmen. Für die Inhalte der verlinkten Seiten ist stets der jeweilige Anbieter oder Betreiber der Seiten verantwortlich. Die verlinkten Seiten wurden zum Zeitpunkt der Verlinkung auf mögliche Rechtsverstöße überprüft. Rechtswidrige Inhalte waren zum Zeitpunkt der Verlinkung nicht erkennbar. Eine permanente inhaltliche Kontrolle der verlinkten Seiten ist jedoch ohne konkrete Anhaltspunkte einer Rechtsverletzung nicht zumutbar. Bei Bekanntwerden von Rechtsverletzungen werden wir derartige Links umgehend entfernen.</p>\n\n<p><strong>Urheberrecht</strong></p>\n\n<p>Die durch die Seitenbetreiber erstellten Inhalte und Werke auf diesen Seiten unterliegen dem deutschen Urheberrecht. Die Vervielfältigung, Bearbeitung, Verbreitung und jede Art der Verwertung außerhalb der Grenzen des Urheberrechtes bedürfen der schriftlichen Zustimmung des jeweiligen Autors bzw. Erstellers. Downloads und Kopien dieser Seite sind nur für den privaten, nicht kommerziellen Gebrauch gestattet. Soweit die Inhalte auf dieser Seite nicht vom Betreiber erstellt wurden, werden die Urheberrechte Dritter beachtet. Insbesondere werden Inhalte Dritter als solche gekennzeichnet. Sollten Sie trotzdem auf eine Urheberrechtsverletzung aufmerksam werden, bitten wir um einen entsprechenden Hinweis. Bei Bekanntwerden von Rechtsverletzungen werden wir derartige Inhalte umgehend entfernen.</p>\n\n<p><strong>Datenschutz</strong></p>\n\n<p>Die Nutzung unserer Webseite ist in der Regel ohne Angabe personenbezogener Daten möglich. Soweit auf unseren Seiten personenbezogene Daten (beispielsweise Name, Anschrift oder eMail-Adressen) erhoben werden, erfolgt dies, soweit möglich, stets auf freiwilliger Basis. Diese Daten werden ohne Ihre ausdrückliche Zustimmung nicht an Dritte weitergegeben.<br />\nWir weisen darauf hin, dass die Datenübertragung im Internet (z.B. bei der Kommunikation per E-Mail) Sicherheitslücken aufweisen kann. Ein lückenloser Schutz der Daten vor dem Zugriff durch Dritte ist nicht möglich.<br />\nDer Nutzung von im Rahmen der Impressumspflicht veröffentlichten Kontaktdaten durch Dritte zur Übersendung von nicht ausdrücklich angeforderter Werbung und Informationsmaterialien wird hiermit ausdrücklich widersprochen. Die Betreiber der Seiten behalten sich ausdrücklich rechtliche Schritte im Falle der unverlangten Zusendung von Werbeinformationen, etwa durch Spam-Mails, vor.</p>');
INSERT INTO `field_body` (`pages_id`, `data`, `data1012`) VALUES('1190', '<h2 style=\"text-align:center;\">At these places you can try your Boardschmiede custom made carbon kitesurf boards</h2>\n\n<h3>Workum - Netherlands</h3>\n\n\n\n<p><a href=\"http://www.boardschmiede.com/\">www.boardschmiede.com</a></p>\n\n<p><a href=\"mailto:info@boardschmiede.com\">info@boardschmiede.com</a></p>\n\n<p>Contact: Thilo or Tobi</p>\n\n\n\n<h3>Laupheim - Germany</h3>\n\n\n\n<p><a href=\"http://www.surfshop-laupheim.de/\" target=\"_blank\" rel=\"noreferrer noopener\">www.surfshop-laupheim.de</a></p>\n\n<p><a href=\"mailto:info@surfshop-laupheim.de\">info@surfshop-laupheim.de</a></p>\n\n<p>Contact: Jürgen Schmidt</p>\n\n\n\n<h3>Fehmarn - Germany</h3>\n\n\n\n<p><a href=\"http://www.kitetrainer.de/\" target=\"_blank\" rel=\"noreferrer noopener\">www.kitetrainer.de</a></p>\n\n<p><a href=\"mailto:info@kitetrainer.de\">info@kitetrainer.de</a></p>\n\n<p>Contact: Martin Glück</p>\n\n\n\n<h3>Mui - NeVietnam</h3>\n\n\n\n<p><a href=\"http://www.kitesurfspot-vietnam.com/\" target=\"_blank\" rel=\"noreferrer noopener\">www.kitesurfspot-vietnam.com</a></p>\n\n<p><a href=\"mailto:info@kitesurfspot-vietnam.com\">info@kitesurfspot-vietnam.com</a></p>\n\n<p>Contact: Jeroen Schoonhoven</p>', '');
INSERT INTO `field_body` (`pages_id`, `data`, `data1012`) VALUES('1192', '', '');
INSERT INTO `field_body` (`pages_id`, `data`, `data1012`) VALUES('1154', '<h2>Ut capio feugiat saepius torqueo olim</h2>\n\n<h3>In utinam facilisi eum vicis feugait nimis</h3>\n\n<p>Iusto incassum appellatio cui macto genitus vel. Lobortis aliquam luctus, roto enim, imputo wisi tamen. Ratis odio, genitus acsi, neo illum consequat consectetuer ut.</p>\n\n<blockquote>\n<p>Wisi fere virtus cogo, ex ut vel nullus similis vel iusto. Tation incassum adsum in, quibus capto premo diam suscipere facilisi. Uxor laoreet mos capio premo feugait ille et. Pecus abigo immitto epulae duis vel. Neque causa, indoles verto, decet ingenium dignissim.</p>\n</blockquote>\n\n<p>Patria iriure vel vel autem proprius indoles ille sit. Tation blandit refoveo, accumsan ut ulciscor lucidus inhibeo capto aptent opes, foras.</p>', '');
INSERT INTO `field_body` (`pages_id`, `data`, `data1012`) VALUES('1229', '<p>The best of the world</p>', '');
INSERT INTO `field_body` (`pages_id`, `data`, `data1012`) VALUES('1230', '<p><strong>Custom colors, prints, logos and many more...</strong></p>', '');
INSERT INTO `field_body` (`pages_id`, `data`, `data1012`) VALUES('1231', '', '');

DROP TABLE IF EXISTS `field_body_2`;
CREATE TABLE `field_body_2` (
  `pages_id` int(10) unsigned NOT NULL,
  `data` mediumtext NOT NULL,
  `data1012` mediumtext,
  PRIMARY KEY (`pages_id`),
  KEY `data_exact` (`data`(250)),
  FULLTEXT KEY `data` (`data`),
  FULLTEXT KEY `data1012` (`data1012`)
) ENGINE=MyISAM DEFAULT CHARSET=utf8;


DROP TABLE IF EXISTS `field_color`;
CREATE TABLE `field_color` (
  `pages_id` int(10) unsigned NOT NULL,
  `data` char(6) NOT NULL,
  PRIMARY KEY (`pages_id`),
  KEY `data` (`data`)
) ENGINE=MyISAM DEFAULT CHARSET=utf8;

INSERT INTO `field_color` (`pages_id`, `data`) VALUES('1255', 'FFD54D');
INSERT INTO `field_color` (`pages_id`, `data`) VALUES('1254', '030501');
INSERT INTO `field_color` (`pages_id`, `data`) VALUES('1253', 'FFFFFF');
INSERT INTO `field_color` (`pages_id`, `data`) VALUES('1256', 'FFD54D');
INSERT INTO `field_color` (`pages_id`, `data`) VALUES('1257', 'F23D1C');
INSERT INTO `field_color` (`pages_id`, `data`) VALUES('1258', 'A31719');
INSERT INTO `field_color` (`pages_id`, `data`) VALUES('1259', 'BF1773');
INSERT INTO `field_color` (`pages_id`, `data`) VALUES('1260', '2973B8');
INSERT INTO `field_color` (`pages_id`, `data`) VALUES('1261', '001660');
INSERT INTO `field_color` (`pages_id`, `data`) VALUES('1262', '389482');
INSERT INTO `field_color` (`pages_id`, `data`) VALUES('1263', '4EA833');
INSERT INTO `field_color` (`pages_id`, `data`) VALUES('1264', '918F87');
INSERT INTO `field_color` (`pages_id`, `data`) VALUES('1300', '000000');

DROP TABLE IF EXISTS `field_coverimage`;
CREATE TABLE `field_coverimage` (
  `pages_id` int(10) unsigned NOT NULL,
  `data` varchar(250) NOT NULL,
  `sort` int(10) unsigned NOT NULL,
  `description` text NOT NULL,
  `modified` datetime DEFAULT NULL,
  `created` datetime DEFAULT NULL,
  `filedata` mediumtext,
  `filesize` int(11) DEFAULT NULL,
  `created_users_id` int(10) unsigned NOT NULL DEFAULT '0',
  `modified_users_id` int(10) unsigned NOT NULL DEFAULT '0',
  `width` int(11) DEFAULT NULL,
  `height` int(11) DEFAULT NULL,
  `ratio` decimal(4,2) DEFAULT NULL,
  PRIMARY KEY (`pages_id`,`sort`),
  KEY `data` (`data`),
  KEY `modified` (`modified`),
  KEY `created` (`created`),
  KEY `filesize` (`filesize`),
  KEY `width` (`width`),
  KEY `height` (`height`),
  KEY `ratio` (`ratio`),
  FULLTEXT KEY `description` (`description`),
  FULLTEXT KEY `filedata` (`filedata`)
) ENGINE=MyISAM DEFAULT CHARSET=utf8;

INSERT INTO `field_coverimage` (`pages_id`, `data`, `sort`, `description`, `modified`, `created`, `filedata`, `filesize`, `created_users_id`, `modified_users_id`, `width`, `height`, `ratio`) VALUES('1001', 'p1020733.jpg', '0', '[\"\"]', '0000-00-00 00:00:00', '2020-04-22 19:15:44', '', '440466', '41', '41', '1999', '622', '3.21');
INSERT INTO `field_coverimage` (`pages_id`, `data`, `sort`, `description`, `modified`, `created`, `filedata`, `filesize`, `created_users_id`, `modified_users_id`, `width`, `height`, `ratio`) VALUES('1', 'ian_heather.jpg', '0', '[\"\"]', '2021-03-09 10:36:25', '2021-03-09 10:36:24', '{\"focus\":{\"top\":13.4,\"left\":52.5,\"zoom\":0}}', '1053917', '1281', '1281', '2880', '1920', '1.50');

DROP TABLE IF EXISTS `field_customer_city`;
CREATE TABLE `field_customer_city` (
  `pages_id` int(10) unsigned NOT NULL,
  `data` text NOT NULL,
  PRIMARY KEY (`pages_id`),
  KEY `data_exact` (`data`(250)),
  FULLTEXT KEY `data` (`data`)
) ENGINE=MyISAM DEFAULT CHARSET=utf8;

INSERT INTO `field_customer_city` (`pages_id`, `data`) VALUES('1296', 'Musterstadt');
INSERT INTO `field_customer_city` (`pages_id`, `data`) VALUES('1295', 'Musterstadt');
INSERT INTO `field_customer_city` (`pages_id`, `data`) VALUES('1294', 'Hamburg');
INSERT INTO `field_customer_city` (`pages_id`, `data`) VALUES('1293', 'Hamburg');
INSERT INTO `field_customer_city` (`pages_id`, `data`) VALUES('1292', 'Tallinn');
INSERT INTO `field_customer_city` (`pages_id`, `data`) VALUES('1301', 'illingen');
INSERT INTO `field_customer_city` (`pages_id`, `data`) VALUES('1302', 'Illingen');

DROP TABLE IF EXISTS `field_customer_country`;
CREATE TABLE `field_customer_country` (
  `pages_id` int(10) unsigned NOT NULL,
  `data` text NOT NULL,
  PRIMARY KEY (`pages_id`),
  KEY `data_exact` (`data`(250)),
  FULLTEXT KEY `data` (`data`)
) ENGINE=MyISAM DEFAULT CHARSET=utf8;

INSERT INTO `field_customer_country` (`pages_id`, `data`) VALUES('1296', 'Musterland');
INSERT INTO `field_customer_country` (`pages_id`, `data`) VALUES('1295', 'Musterland');
INSERT INTO `field_customer_country` (`pages_id`, `data`) VALUES('1294', 'Deutschland');
INSERT INTO `field_customer_country` (`pages_id`, `data`) VALUES('1293', 'Deutschland');
INSERT INTO `field_customer_country` (`pages_id`, `data`) VALUES('1292', 'Estland');
INSERT INTO `field_customer_country` (`pages_id`, `data`) VALUES('1301', 'germany');
INSERT INTO `field_customer_country` (`pages_id`, `data`) VALUES('1302', 'germany');

DROP TABLE IF EXISTS `field_customer_email`;
CREATE TABLE `field_customer_email` (
  `pages_id` int(10) unsigned NOT NULL,
  `data` text NOT NULL,
  PRIMARY KEY (`pages_id`),
  KEY `data_exact` (`data`(250)),
  FULLTEXT KEY `data` (`data`)
) ENGINE=MyISAM DEFAULT CHARSET=utf8;

INSERT INTO `field_customer_email` (`pages_id`, `data`) VALUES('1296', 'barkow86@gmail.com');
INSERT INTO `field_customer_email` (`pages_id`, `data`) VALUES('1295', 'barkow86@gmail.com');
INSERT INTO `field_customer_email` (`pages_id`, `data`) VALUES('1294', 'barkow86@gmail.com');
INSERT INTO `field_customer_email` (`pages_id`, `data`) VALUES('1293', 'barkow86@gmail.com');
INSERT INTO `field_customer_email` (`pages_id`, `data`) VALUES('1292', 'barkow86@gmail.com');
INSERT INTO `field_customer_email` (`pages_id`, `data`) VALUES('1301', 'meo23@gmx.de');
INSERT INTO `field_customer_email` (`pages_id`, `data`) VALUES('1302', 'meo23@gmx.de');

DROP TABLE IF EXISTS `field_customer_phone`;
CREATE TABLE `field_customer_phone` (
  `pages_id` int(10) unsigned NOT NULL,
  `data` text NOT NULL,
  PRIMARY KEY (`pages_id`),
  KEY `data_exact` (`data`(250)),
  FULLTEXT KEY `data` (`data`)
) ENGINE=MyISAM DEFAULT CHARSET=utf8;

INSERT INTO `field_customer_phone` (`pages_id`, `data`) VALUES('1295', '89138621');
INSERT INTO `field_customer_phone` (`pages_id`, `data`) VALUES('1294', '01632576744');
INSERT INTO `field_customer_phone` (`pages_id`, `data`) VALUES('1293', '01632576744');
INSERT INTO `field_customer_phone` (`pages_id`, `data`) VALUES('1292', '91387123');
INSERT INTO `field_customer_phone` (`pages_id`, `data`) VALUES('1296', '98217312');
INSERT INTO `field_customer_phone` (`pages_id`, `data`) VALUES('1301', '0001882');

DROP TABLE IF EXISTS `field_customer_street`;
CREATE TABLE `field_customer_street` (
  `pages_id` int(10) unsigned NOT NULL,
  `data` text NOT NULL,
  PRIMARY KEY (`pages_id`),
  KEY `data_exact` (`data`(250)),
  FULLTEXT KEY `data` (`data`)
) ENGINE=MyISAM DEFAULT CHARSET=utf8;

INSERT INTO `field_customer_street` (`pages_id`, `data`) VALUES('1296', 'Musterweg 1a');
INSERT INTO `field_customer_street` (`pages_id`, `data`) VALUES('1295', 'Musterweg 1');
INSERT INTO `field_customer_street` (`pages_id`, `data`) VALUES('1294', 'Brandshofer Deich 48, Silpion IT Solutions GmbH');
INSERT INTO `field_customer_street` (`pages_id`, `data`) VALUES('1293', 'Brandshofer Deich 48, Silpion IT Solutions GmbH');
INSERT INTO `field_customer_street` (`pages_id`, `data`) VALUES('1292', 'Võidujooksu 1');
INSERT INTO `field_customer_street` (`pages_id`, `data`) VALUES('1301', 'Goethe');
INSERT INTO `field_customer_street` (`pages_id`, `data`) VALUES('1302', 'Goethestr.40');

DROP TABLE IF EXISTS `field_customer_zipcode`;
CREATE TABLE `field_customer_zipcode` (
  `pages_id` int(10) unsigned NOT NULL,
  `data` text NOT NULL,
  PRIMARY KEY (`pages_id`),
  KEY `data_exact` (`data`(250)),
  FULLTEXT KEY `data` (`data`)
) ENGINE=MyISAM DEFAULT CHARSET=utf8;

INSERT INTO `field_customer_zipcode` (`pages_id`, `data`) VALUES('1296', '23112');
INSERT INTO `field_customer_zipcode` (`pages_id`, `data`) VALUES('1295', '12345');
INSERT INTO `field_customer_zipcode` (`pages_id`, `data`) VALUES('1294', '20539');
INSERT INTO `field_customer_zipcode` (`pages_id`, `data`) VALUES('1293', '20539');
INSERT INTO `field_customer_zipcode` (`pages_id`, `data`) VALUES('1292', '10127');
INSERT INTO `field_customer_zipcode` (`pages_id`, `data`) VALUES('1301', '75428');
INSERT INTO `field_customer_zipcode` (`pages_id`, `data`) VALUES('1302', '75428');

DROP TABLE IF EXISTS `field_email`;
CREATE TABLE `field_email` (
  `pages_id` int(10) unsigned NOT NULL,
  `data` varchar(250) NOT NULL DEFAULT '',
  PRIMARY KEY (`pages_id`),
  KEY `data_exact` (`data`),
  FULLTEXT KEY `data` (`data`)
) ENGINE=MyISAM DEFAULT CHARSET=utf8;

INSERT INTO `field_email` (`pages_id`, `data`) VALUES('41', 'barkow86@gmail.com');
INSERT INTO `field_email` (`pages_id`, `data`) VALUES('1281', 'barkow86@gmail.com');

DROP TABLE IF EXISTS `field_email_text_bottom`;
CREATE TABLE `field_email_text_bottom` (
  `pages_id` int(10) unsigned NOT NULL,
  `data` mediumtext NOT NULL,
  `data1012` mediumtext,
  PRIMARY KEY (`pages_id`),
  KEY `data_exact` (`data`(250)),
  FULLTEXT KEY `data` (`data`),
  FULLTEXT KEY `data1012` (`data1012`)
) ENGINE=MyISAM DEFAULT CHARSET=utf8;

INSERT INTO `field_email_text_bottom` (`pages_id`, `data`, `data1012`) VALUES('1282', 'This is your order confirmation.\nYou will receive the Invoice with the next e-mail from us.\n\nThanks for your order!', 'Bitte überweise den Betrag auf folgendes Konto...');

DROP TABLE IF EXISTS `field_email_text_top`;
CREATE TABLE `field_email_text_top` (
  `pages_id` int(10) unsigned NOT NULL,
  `data` mediumtext NOT NULL,
  `data1012` mediumtext,
  PRIMARY KEY (`pages_id`),
  KEY `data_exact` (`data`(250)),
  FULLTEXT KEY `data` (`data`),
  FULLTEXT KEY `data1012` (`data1012`)
) ENGINE=MyISAM DEFAULT CHARSET=utf8;

INSERT INTO `field_email_text_top` (`pages_id`, `data`, `data1012`) VALUES('1282', 'Your order has been placed.', 'Deine Bestellung wurde platziert.');

DROP TABLE IF EXISTS `field_fieldset_teaser`;
CREATE TABLE `field_fieldset_teaser` (
  `pages_id` int(10) unsigned NOT NULL,
  `data` int(11) NOT NULL,
  PRIMARY KEY (`pages_id`),
  KEY `data` (`data`)
) ENGINE=MyISAM DEFAULT CHARSET=utf8;


DROP TABLE IF EXISTS `field_fieldset_teaser_end`;
CREATE TABLE `field_fieldset_teaser_end` (
  `pages_id` int(10) unsigned NOT NULL,
  `data` int(11) NOT NULL,
  PRIMARY KEY (`pages_id`),
  KEY `data` (`data`)
) ENGINE=MyISAM DEFAULT CHARSET=utf8;


DROP TABLE IF EXISTS `field_fieldset_why`;
CREATE TABLE `field_fieldset_why` (
  `pages_id` int(10) unsigned NOT NULL,
  `data` int(11) NOT NULL,
  PRIMARY KEY (`pages_id`),
  KEY `data` (`data`)
) ENGINE=MyISAM DEFAULT CHARSET=utf8;


DROP TABLE IF EXISTS `field_fieldset_why_end`;
CREATE TABLE `field_fieldset_why_end` (
  `pages_id` int(10) unsigned NOT NULL,
  `data` int(11) NOT NULL,
  PRIMARY KEY (`pages_id`),
  KEY `data` (`data`)
) ENGINE=MyISAM DEFAULT CHARSET=utf8;


DROP TABLE IF EXISTS `field_headline`;
CREATE TABLE `field_headline` (
  `pages_id` int(10) unsigned NOT NULL,
  `data` text NOT NULL,
  `data1012` text,
  PRIMARY KEY (`pages_id`),
  KEY `data_exact` (`data`(250)),
  KEY `data_exact1012` (`data1012`(250)),
  FULLTEXT KEY `data` (`data`),
  FULLTEXT KEY `data1012` (`data1012`)
) ENGINE=MyISAM DEFAULT CHARSET=utf8;

INSERT INTO `field_headline` (`pages_id`, `data`, `data1012`) VALUES('1', 'THIS IS JUST THE BEGINNING OF YOUR JOURNEY', 'Kleine Demo-Webseite');
INSERT INTO `field_headline` (`pages_id`, `data`, `data1012`) VALUES('1030', '', '');
INSERT INTO `field_headline` (`pages_id`, `data`, `data1012`) VALUES('1035', 'What we do', '');
INSERT INTO `field_headline` (`pages_id`, `data`, `data1012`) VALUES('1036', 'Who we are', '');
INSERT INTO `field_headline` (`pages_id`, `data`, `data1012`) VALUES('1037', 'Where we are', '');
INSERT INTO `field_headline` (`pages_id`, `data`, `data1012`) VALUES('1038', 'Service', '');
INSERT INTO `field_headline` (`pages_id`, `data`, `data1012`) VALUES('1039', 'Perfektion in Shape gebracht', 'Perfektion in Shape gebracht');
INSERT INTO `field_headline` (`pages_id`, `data`, `data1012`) VALUES('1040', 'Leidenschaft', 'Leidenschaft');
INSERT INTO `field_headline` (`pages_id`, `data`, `data1012`) VALUES('1041', 'Custom made', 'Custom made');
INSERT INTO `field_headline` (`pages_id`, `data`, `data1012`) VALUES('1042', 'Manufaktur alles aus einer Hand', 'Manufaktur alles aus einer Hand');
INSERT INTO `field_headline` (`pages_id`, `data`, `data1012`) VALUES('1045', 'Manufactur', '');
INSERT INTO `field_headline` (`pages_id`, `data`, `data1012`) VALUES('1046', 'Team', '');
INSERT INTO `field_headline` (`pages_id`, `data`, `data1012`) VALUES('1047', '', '');
INSERT INTO `field_headline` (`pages_id`, `data`, `data1012`) VALUES('1114', 'Wha a Boardschmiede?', '');
INSERT INTO `field_headline` (`pages_id`, `data`, `data1012`) VALUES('1120', 'TOBIAS BURG', '');
INSERT INTO `field_headline` (`pages_id`, `data`, `data1012`) VALUES('1121', 'THILO SCHWEMLEIN', '');
INSERT INTO `field_headline` (`pages_id`, `data`, `data1012`) VALUES('1195', 'Made with love', '');
INSERT INTO `field_headline` (`pages_id`, `data`, `data1012`) VALUES('1196', 'Skimboards', '');

DROP TABLE IF EXISTS `field_hide_header`;
CREATE TABLE `field_hide_header` (
  `pages_id` int(10) unsigned NOT NULL,
  `data` tinyint(4) NOT NULL,
  PRIMARY KEY (`pages_id`),
  KEY `data` (`data`)
) ENGINE=MyISAM DEFAULT CHARSET=utf8;


DROP TABLE IF EXISTS `field_image`;
CREATE TABLE `field_image` (
  `pages_id` int(10) unsigned NOT NULL,
  `data` varchar(250) NOT NULL,
  `sort` int(10) unsigned NOT NULL,
  `description` text NOT NULL,
  `modified` datetime DEFAULT NULL,
  `created` datetime DEFAULT NULL,
  `filedata` mediumtext,
  `filesize` int(11) DEFAULT NULL,
  `created_users_id` int(10) unsigned NOT NULL DEFAULT '0',
  `modified_users_id` int(10) unsigned NOT NULL DEFAULT '0',
  `width` int(11) DEFAULT NULL,
  `height` int(11) DEFAULT NULL,
  `ratio` decimal(4,2) DEFAULT NULL,
  PRIMARY KEY (`pages_id`,`sort`),
  KEY `data` (`data`),
  KEY `modified` (`modified`),
  KEY `created` (`created`),
  KEY `filesize` (`filesize`),
  KEY `width` (`width`),
  KEY `height` (`height`),
  KEY `ratio` (`ratio`),
  FULLTEXT KEY `description` (`description`),
  FULLTEXT KEY `filedata` (`filedata`)
) ENGINE=MyISAM DEFAULT CHARSET=utf8;

INSERT INTO `field_image` (`pages_id`, `data`, `sort`, `description`, `modified`, `created`, `filedata`, `filesize`, `created_users_id`, `modified_users_id`, `width`, `height`, `ratio`) VALUES('1045', 'img_8948.jpg', '0', '[\"\"]', '2020-04-20 10:04:24', '2020-04-20 10:04:24', '', NULL, '0', '0', NULL, NULL, NULL);
INSERT INTO `field_image` (`pages_id`, `data`, `sort`, `description`, `modified`, `created`, `filedata`, `filesize`, `created_users_id`, `modified_users_id`, `width`, `height`, `ratio`) VALUES('1046', 'img_8947_2.jpg', '0', '[\"\"]', '2020-04-20 10:13:30', '2020-04-20 10:13:30', '', NULL, '0', '0', NULL, NULL, NULL);
INSERT INTO `field_image` (`pages_id`, `data`, `sort`, `description`, `modified`, `created`, `filedata`, `filesize`, `created_users_id`, `modified_users_id`, `width`, `height`, `ratio`) VALUES('1229', 'test-board-gro_sse.png', '0', '[\"\"]', '2021-03-14 19:12:11', '2021-03-14 19:12:11', '', '312590', '1281', '1281', '1366', '768', '1.78');
INSERT INTO `field_image` (`pages_id`, `data`, `sort`, `description`, `modified`, `created`, `filedata`, `filesize`, `created_users_id`, `modified_users_id`, `width`, `height`, `ratio`) VALUES('1120', '8b9c9043-39fc-4866-9806-0c79fb4db863.jpg', '0', '[\"\"]', '2020-06-06 18:25:26', '2020-06-06 18:25:26', '', '259626', '41', '41', '1080', '1079', '1.00');
INSERT INTO `field_image` (`pages_id`, `data`, `sort`, `description`, `modified`, `created`, `filedata`, `filesize`, `created_users_id`, `modified_users_id`, `width`, `height`, `ratio`) VALUES('1121', '4a1cee7b-a6d4-408c-9e8b-632c38ded7c7.jpg', '0', '[\"\"]', '2020-06-06 18:25:37', '2020-06-06 18:25:37', '', '61899', '41', '41', '1600', '1066', '1.50');
INSERT INTO `field_image` (`pages_id`, `data`, `sort`, `description`, `modified`, `created`, `filedata`, `filesize`, `created_users_id`, `modified_users_id`, `width`, `height`, `ratio`) VALUES('1230', 'img_3436.jpg', '0', '[\"\"]', '2021-03-07 15:00:34', '2021-03-07 15:00:34', '', '3559371', '41', '41', '4032', '3024', '1.33');
INSERT INTO `field_image` (`pages_id`, `data`, `sort`, `description`, `modified`, `created`, `filedata`, `filesize`, `created_users_id`, `modified_users_id`, `width`, `height`, `ratio`) VALUES('1231', 'img_8966.jpg', '0', '[\"\"]', '2021-03-07 14:57:18', '2021-03-07 14:57:18', '', '1117799', '41', '41', '3008', '2000', '1.50');

DROP TABLE IF EXISTS `field_image_alignment`;
CREATE TABLE `field_image_alignment` (
  `pages_id` int(10) unsigned NOT NULL,
  `data` tinyint(4) NOT NULL,
  PRIMARY KEY (`pages_id`),
  KEY `data` (`data`)
) ENGINE=MyISAM DEFAULT CHARSET=utf8;


DROP TABLE IF EXISTS `field_image_why`;
CREATE TABLE `field_image_why` (
  `pages_id` int(10) unsigned NOT NULL,
  `data` varchar(250) NOT NULL,
  `sort` int(10) unsigned NOT NULL,
  `description` text NOT NULL,
  `modified` datetime DEFAULT NULL,
  `created` datetime DEFAULT NULL,
  `filedata` mediumtext,
  `filesize` int(11) DEFAULT NULL,
  `created_users_id` int(10) unsigned NOT NULL DEFAULT '0',
  `modified_users_id` int(10) unsigned NOT NULL DEFAULT '0',
  `width` int(11) DEFAULT NULL,
  `height` int(11) DEFAULT NULL,
  `ratio` decimal(4,2) DEFAULT NULL,
  PRIMARY KEY (`pages_id`,`sort`),
  KEY `data` (`data`),
  KEY `modified` (`modified`),
  KEY `created` (`created`),
  KEY `filesize` (`filesize`),
  KEY `width` (`width`),
  KEY `height` (`height`),
  KEY `ratio` (`ratio`),
  FULLTEXT KEY `description` (`description`),
  FULLTEXT KEY `filedata` (`filedata`)
) ENGINE=MyISAM DEFAULT CHARSET=utf8;

INSERT INTO `field_image_why` (`pages_id`, `data`, `sort`, `description`, `modified`, `created`, `filedata`, `filesize`, `created_users_id`, `modified_users_id`, `width`, `height`, `ratio`) VALUES('1039', '328555c1-39ef-498f-9886-97ba531f1c92.jpg', '0', '[\"\"]', '2021-03-14 19:18:04', '2021-03-14 19:18:04', '', '151386', '41', '41', '1600', '900', '1.78');
INSERT INTO `field_image_why` (`pages_id`, `data`, `sort`, `description`, `modified`, `created`, `filedata`, `filesize`, `created_users_id`, `modified_users_id`, `width`, `height`, `ratio`) VALUES('1040', 'gptempdownload_3.jpg', '0', '[\"\"]', '2021-03-14 19:18:04', '2021-03-14 19:18:04', '', '364683', '41', '41', '1920', '1080', '1.78');
INSERT INTO `field_image_why` (`pages_id`, `data`, `sort`, `description`, `modified`, `created`, `filedata`, `filesize`, `created_users_id`, `modified_users_id`, `width`, `height`, `ratio`) VALUES('1041', 'caace700-6707-4fa8-a4f8-3b534cb91dc9.jpg', '0', '[\"\"]', '2021-03-14 19:18:04', '2021-03-14 19:18:04', '', '128585', '41', '41', '768', '1024', '0.75');

DROP TABLE IF EXISTS `field_images`;
CREATE TABLE `field_images` (
  `pages_id` int(10) unsigned NOT NULL,
  `data` varchar(250) NOT NULL,
  `sort` int(10) unsigned NOT NULL,
  `description` text NOT NULL,
  `modified` datetime DEFAULT NULL,
  `created` datetime DEFAULT NULL,
  `filedata` mediumtext,
  `filesize` int(11) DEFAULT NULL,
  `created_users_id` int(10) unsigned NOT NULL DEFAULT '0',
  `modified_users_id` int(10) unsigned NOT NULL DEFAULT '0',
  `width` int(11) DEFAULT NULL,
  `height` int(11) DEFAULT NULL,
  `ratio` decimal(4,2) DEFAULT NULL,
  PRIMARY KEY (`pages_id`,`sort`),
  KEY `data` (`data`),
  KEY `modified` (`modified`),
  KEY `created` (`created`),
  KEY `filesize` (`filesize`),
  KEY `width` (`width`),
  KEY `height` (`height`),
  KEY `ratio` (`ratio`),
  FULLTEXT KEY `description` (`description`),
  FULLTEXT KEY `filedata` (`filedata`)
) ENGINE=MyISAM DEFAULT CHARSET=utf8;

INSERT INTO `field_images` (`pages_id`, `data`, `sort`, `description`, `modified`, `created`, `filedata`, `filesize`, `created_users_id`, `modified_users_id`, `width`, `height`, `ratio`) VALUES('1', 'p1020733.jpg', '0', '[\"\"]', '2020-04-24 20:56:42', '2020-04-24 20:56:42', '', '1036566', '41', '41', '2000', '1333', '1.50');
INSERT INTO `field_images` (`pages_id`, `data`, `sort`, `description`, `modified`, `created`, `filedata`, `filesize`, `created_users_id`, `modified_users_id`, `width`, `height`, `ratio`) VALUES('1', 'maxresdefault_2.jpg', '1', '[\"\"]', '2020-04-24 20:56:43', '2020-04-24 20:56:43', '', '178143', '41', '41', '1280', '720', '1.78');
INSERT INTO `field_images` (`pages_id`, `data`, `sort`, `description`, `modified`, `created`, `filedata`, `filesize`, `created_users_id`, `modified_users_id`, `width`, `height`, `ratio`) VALUES('1', 'p1340624-1.jpg', '2', '[\"\"]', '2020-04-24 20:56:44', '2020-04-24 20:56:44', '', '554082', '41', '41', '1500', '1000', '1.50');
INSERT INTO `field_images` (`pages_id`, `data`, `sort`, `description`, `modified`, `created`, `filedata`, `filesize`, `created_users_id`, `modified_users_id`, `width`, `height`, `ratio`) VALUES('1192', '63df60fa-9346-4fee-9e03-65073dddfe08.jpg', '1', '[\"\"]', '2021-03-07 13:02:46', '2021-03-07 13:02:46', '', '189381', '41', '41', '1600', '900', '1.78');
INSERT INTO `field_images` (`pages_id`, `data`, `sort`, `description`, `modified`, `created`, `filedata`, `filesize`, `created_users_id`, `modified_users_id`, `width`, `height`, `ratio`) VALUES('1192', '8501d808-4fe6-409a-835f-b8f838d1af06.jpg', '2', '[\"\"]', '2021-03-07 13:02:46', '2021-03-07 13:02:46', '', '428255', '41', '41', '1600', '900', '1.78');
INSERT INTO `field_images` (`pages_id`, `data`, `sort`, `description`, `modified`, `created`, `filedata`, `filesize`, `created_users_id`, `modified_users_id`, `width`, `height`, `ratio`) VALUES('1192', '328555c1-39ef-498f-9886-97ba531f1c92.jpg', '3', '[\"\"]', '2021-03-07 13:02:46', '2021-03-07 13:02:46', '', '151386', '41', '41', '1600', '900', '1.78');
INSERT INTO `field_images` (`pages_id`, `data`, `sort`, `description`, `modified`, `created`, `filedata`, `filesize`, `created_users_id`, `modified_users_id`, `width`, `height`, `ratio`) VALUES('1192', 'caace700-6707-4fa8-a4f8-3b534cb91dc9.jpg', '4', '[\"\"]', '2021-03-07 13:02:46', '2021-03-07 13:02:46', '', '128585', '41', '41', '768', '1024', '0.75');
INSERT INTO `field_images` (`pages_id`, `data`, `sort`, `description`, `modified`, `created`, `filedata`, `filesize`, `created_users_id`, `modified_users_id`, `width`, `height`, `ratio`) VALUES('1192', 'gptempdownload_2.jpg', '5', '[\"\"]', '2021-03-07 13:02:46', '2021-03-07 13:02:46', '', '165412', '41', '41', '1920', '1080', '1.78');
INSERT INTO `field_images` (`pages_id`, `data`, `sort`, `description`, `modified`, `created`, `filedata`, `filesize`, `created_users_id`, `modified_users_id`, `width`, `height`, `ratio`) VALUES('1192', 'gptempdownload_3.jpg', '6', '[\"\"]', '2021-03-07 13:02:46', '2021-03-07 13:02:46', '', '364683', '41', '41', '1920', '1080', '1.78');
INSERT INTO `field_images` (`pages_id`, `data`, `sort`, `description`, `modified`, `created`, `filedata`, `filesize`, `created_users_id`, `modified_users_id`, `width`, `height`, `ratio`) VALUES('1192', '4a1cee7b-a6d4-408c-9e8b-632c38ded7c7_2.jpg', '0', '[\"\"]', '2021-03-07 13:02:46', '2021-03-07 13:02:46', '', '61899', '41', '41', '1600', '1066', '1.50');
INSERT INTO `field_images` (`pages_id`, `data`, `sort`, `description`, `modified`, `created`, `filedata`, `filesize`, `created_users_id`, `modified_users_id`, `width`, `height`, `ratio`) VALUES('1158', '17525014-f089-4cdb-a60c-0bbad224bea3.jpg', '0', '[\"\"]', '2021-03-09 13:37:25', '2021-03-09 13:37:25', '', '82170', '1281', '1281', '1200', '1600', '0.75');

DROP TABLE IF EXISTS `field_language`;
CREATE TABLE `field_language` (
  `pages_id` int(10) unsigned NOT NULL,
  `data` int(11) NOT NULL,
  `sort` int(10) unsigned NOT NULL,
  PRIMARY KEY (`pages_id`,`sort`),
  KEY `data` (`data`,`pages_id`,`sort`)
) ENGINE=MyISAM DEFAULT CHARSET=utf8;

INSERT INTO `field_language` (`pages_id`, `data`, `sort`) VALUES('40', '1010', '0');
INSERT INTO `field_language` (`pages_id`, `data`, `sort`) VALUES('41', '1010', '0');
INSERT INTO `field_language` (`pages_id`, `data`, `sort`) VALUES('1281', '1010', '0');

DROP TABLE IF EXISTS `field_language_files`;
CREATE TABLE `field_language_files` (
  `pages_id` int(10) unsigned NOT NULL,
  `data` varchar(250) NOT NULL,
  `sort` int(10) unsigned NOT NULL,
  `description` text NOT NULL,
  `modified` datetime DEFAULT NULL,
  `created` datetime DEFAULT NULL,
  `filesize` int(11) DEFAULT NULL,
  `created_users_id` int(10) unsigned NOT NULL DEFAULT '0',
  `modified_users_id` int(10) unsigned NOT NULL DEFAULT '0',
  `filedata` mediumtext,
  PRIMARY KEY (`pages_id`,`sort`),
  KEY `data` (`data`),
  KEY `modified` (`modified`),
  KEY `created` (`created`),
  KEY `filesize` (`filesize`),
  FULLTEXT KEY `description` (`description`),
  FULLTEXT KEY `filedata` (`filedata`)
) ENGINE=MyISAM DEFAULT CHARSET=utf8;

INSERT INTO `field_language_files` (`pages_id`, `data`, `sort`, `description`, `modified`, `created`, `filesize`, `created_users_id`, `modified_users_id`, `filedata`) VALUES('1012', 'wire--templates-admin--debug-inc.json', '117', '[\"\"]', '2020-02-05 09:51:13', '2020-02-05 09:51:13', NULL, '0', '0', NULL);
INSERT INTO `field_language_files` (`pages_id`, `data`, `sort`, `description`, `modified`, `created`, `filesize`, `created_users_id`, `modified_users_id`, `filedata`) VALUES('1012', 'wire--modules--textformatter--textformatterentities-module.json', '116', '[\"\"]', '2020-02-05 09:51:13', '2020-02-05 09:51:13', NULL, '0', '0', NULL);
INSERT INTO `field_language_files` (`pages_id`, `data`, `sort`, `description`, `modified`, `created`, `filesize`, `created_users_id`, `modified_users_id`, `filedata`) VALUES('1012', 'wire--modules--system--systemupdater--systemupdater-module.json', '115', '[\"\"]', '2020-02-05 09:51:13', '2020-02-05 09:51:13', NULL, '0', '0', NULL);
INSERT INTO `field_language_files` (`pages_id`, `data`, `sort`, `description`, `modified`, `created`, `filesize`, `created_users_id`, `modified_users_id`, `filedata`) VALUES('1012', 'wire--modules--session--sessionloginthrottle--sessionloginthrottle-module.json', '114', '[\"\"]', '2020-02-05 09:51:13', '2020-02-05 09:51:13', NULL, '0', '0', NULL);
INSERT INTO `field_language_files` (`pages_id`, `data`, `sort`, `description`, `modified`, `created`, `filesize`, `created_users_id`, `modified_users_id`, `filedata`) VALUES('1012', 'wire--modules--session--sessionhandlerdb--sessionhandlerdb-module.json', '113', '[\"\"]', '2020-02-05 09:51:13', '2020-02-05 09:51:13', NULL, '0', '0', NULL);
INSERT INTO `field_language_files` (`pages_id`, `data`, `sort`, `description`, `modified`, `created`, `filesize`, `created_users_id`, `modified_users_id`, `filedata`) VALUES('1012', 'wire--modules--session--sessionhandlerdb--processsessiondb-module.json', '112', '[\"\"]', '2020-02-05 09:51:13', '2020-02-05 09:51:13', NULL, '0', '0', NULL);
INSERT INTO `field_language_files` (`pages_id`, `data`, `sort`, `description`, `modified`, `created`, `filesize`, `created_users_id`, `modified_users_id`, `filedata`) VALUES('1012', 'wire--modules--process--processuser--processuser-module.json', '111', '[\"\"]', '2020-02-05 09:51:13', '2020-02-05 09:51:13', NULL, '0', '0', NULL);
INSERT INTO `field_language_files` (`pages_id`, `data`, `sort`, `description`, `modified`, `created`, `filesize`, `created_users_id`, `modified_users_id`, `filedata`) VALUES('1012', 'wire--modules--process--processtemplate--processtemplateexportimport-php.json', '110', '[\"\"]', '2020-02-05 09:51:13', '2020-02-05 09:51:13', NULL, '0', '0', NULL);
INSERT INTO `field_language_files` (`pages_id`, `data`, `sort`, `description`, `modified`, `created`, `filesize`, `created_users_id`, `modified_users_id`, `filedata`) VALUES('1012', 'wire--modules--process--processtemplate--processtemplate-module.json', '109', '[\"\"]', '2020-02-05 09:51:13', '2020-02-05 09:51:13', NULL, '0', '0', NULL);
INSERT INTO `field_language_files` (`pages_id`, `data`, `sort`, `description`, `modified`, `created`, `filesize`, `created_users_id`, `modified_users_id`, `filedata`) VALUES('1012', 'wire--modules--process--processprofile--processprofile-module.json', '107', '[\"\"]', '2020-02-05 09:51:13', '2020-02-05 09:51:13', NULL, '0', '0', NULL);
INSERT INTO `field_language_files` (`pages_id`, `data`, `sort`, `description`, `modified`, `created`, `filesize`, `created_users_id`, `modified_users_id`, `filedata`) VALUES('1012', 'wire--modules--process--processrole--processrole-module.json', '108', '[\"\"]', '2020-02-05 09:51:13', '2020-02-05 09:51:13', NULL, '0', '0', NULL);
INSERT INTO `field_language_files` (`pages_id`, `data`, `sort`, `description`, `modified`, `created`, `filesize`, `created_users_id`, `modified_users_id`, `filedata`) VALUES('1012', 'wire--modules--process--processpermission--processpermission-module.json', '106', '[\"\"]', '2020-02-05 09:51:13', '2020-02-05 09:51:13', NULL, '0', '0', NULL);
INSERT INTO `field_language_files` (`pages_id`, `data`, `sort`, `description`, `modified`, `created`, `filesize`, `created_users_id`, `modified_users_id`, `filedata`) VALUES('1012', 'wire--modules--process--processpageview-module.json', '105', '[\"\"]', '2020-02-05 09:51:13', '2020-02-05 09:51:13', NULL, '0', '0', NULL);
INSERT INTO `field_language_files` (`pages_id`, `data`, `sort`, `description`, `modified`, `created`, `filesize`, `created_users_id`, `modified_users_id`, `filedata`) VALUES('1012', 'wire--modules--process--processpagetype--processpagetype-module.json', '104', '[\"\"]', '2020-02-05 09:51:13', '2020-02-05 09:51:13', NULL, '0', '0', NULL);
INSERT INTO `field_language_files` (`pages_id`, `data`, `sort`, `description`, `modified`, `created`, `filesize`, `created_users_id`, `modified_users_id`, `filedata`) VALUES('1012', 'wire--modules--process--processpagetrash-module.json', '103', '[\"\"]', '2020-02-05 09:51:13', '2020-02-05 09:51:13', NULL, '0', '0', NULL);
INSERT INTO `field_language_files` (`pages_id`, `data`, `sort`, `description`, `modified`, `created`, `filesize`, `created_users_id`, `modified_users_id`, `filedata`) VALUES('1012', 'wire--modules--process--processpagesort-module.json', '102', '[\"\"]', '2020-02-05 09:51:13', '2020-02-05 09:51:13', NULL, '0', '0', NULL);
INSERT INTO `field_language_files` (`pages_id`, `data`, `sort`, `description`, `modified`, `created`, `filesize`, `created_users_id`, `modified_users_id`, `filedata`) VALUES('1012', 'wire--modules--process--processpagesearch--processpagesearch-module.json', '101', '[\"\"]', '2020-02-05 09:51:13', '2020-02-05 09:51:13', NULL, '0', '0', NULL);
INSERT INTO `field_language_files` (`pages_id`, `data`, `sort`, `description`, `modified`, `created`, `filesize`, `created_users_id`, `modified_users_id`, `filedata`) VALUES('1012', 'wire--modules--process--processpagelister--processpagelister-module.json', '100', '[\"\"]', '2020-02-05 09:51:13', '2020-02-05 09:51:13', NULL, '0', '0', NULL);
INSERT INTO `field_language_files` (`pages_id`, `data`, `sort`, `description`, `modified`, `created`, `filesize`, `created_users_id`, `modified_users_id`, `filedata`) VALUES('1012', 'wire--modules--process--processpagelist--processpagelist-module.json', '99', '[\"\"]', '2020-02-05 09:51:13', '2020-02-05 09:51:13', NULL, '0', '0', NULL);
INSERT INTO `field_language_files` (`pages_id`, `data`, `sort`, `description`, `modified`, `created`, `filesize`, `created_users_id`, `modified_users_id`, `filedata`) VALUES('1012', 'wire--modules--process--processpageedit--processpageedit-module.json', '96', '[\"\"]', '2020-02-05 09:51:13', '2020-02-05 09:51:13', NULL, '0', '0', NULL);
INSERT INTO `field_language_files` (`pages_id`, `data`, `sort`, `description`, `modified`, `created`, `filesize`, `created_users_id`, `modified_users_id`, `filedata`) VALUES('1012', 'wire--modules--process--processpageeditlink--processpageeditlink-module.json', '98', '[\"\"]', '2020-02-05 09:51:13', '2020-02-05 09:51:13', NULL, '0', '0', NULL);
INSERT INTO `field_language_files` (`pages_id`, `data`, `sort`, `description`, `modified`, `created`, `filesize`, `created_users_id`, `modified_users_id`, `filedata`) VALUES('1012', 'wire--modules--process--processpageeditimageselect--processpageeditimageselect-module.json', '97', '[\"\"]', '2020-02-05 09:51:13', '2020-02-05 09:51:13', NULL, '0', '0', NULL);
INSERT INTO `field_language_files` (`pages_id`, `data`, `sort`, `description`, `modified`, `created`, `filesize`, `created_users_id`, `modified_users_id`, `filedata`) VALUES('1012', 'wire--modules--process--processpageclone-module.json', '95', '[\"\"]', '2020-02-05 09:51:13', '2020-02-05 09:51:13', NULL, '0', '0', NULL);
INSERT INTO `field_language_files` (`pages_id`, `data`, `sort`, `description`, `modified`, `created`, `filesize`, `created_users_id`, `modified_users_id`, `filedata`) VALUES('1012', 'wire--modules--process--processpageadd--processpageadd-module.json', '94', '[\"\"]', '2020-02-05 09:51:13', '2020-02-05 09:51:13', NULL, '0', '0', NULL);
INSERT INTO `field_language_files` (`pages_id`, `data`, `sort`, `description`, `modified`, `created`, `filesize`, `created_users_id`, `modified_users_id`, `filedata`) VALUES('1012', 'wire--modules--process--processmodule--processmoduleinstall-php.json', '93', '[\"\"]', '2020-02-05 09:51:13', '2020-02-05 09:51:13', NULL, '0', '0', NULL);
INSERT INTO `field_language_files` (`pages_id`, `data`, `sort`, `description`, `modified`, `created`, `filesize`, `created_users_id`, `modified_users_id`, `filedata`) VALUES('1012', 'wire--modules--process--processlogin--processlogin-module.json', '91', '[\"\"]', '2020-02-05 09:51:13', '2020-02-05 09:51:13', NULL, '0', '0', NULL);
INSERT INTO `field_language_files` (`pages_id`, `data`, `sort`, `description`, `modified`, `created`, `filesize`, `created_users_id`, `modified_users_id`, `filedata`) VALUES('1012', 'wire--modules--process--processmodule--processmodule-module.json', '92', '[\"\"]', '2020-02-05 09:51:13', '2020-02-05 09:51:13', NULL, '0', '0', NULL);
INSERT INTO `field_language_files` (`pages_id`, `data`, `sort`, `description`, `modified`, `created`, `filesize`, `created_users_id`, `modified_users_id`, `filedata`) VALUES('1012', 'wire--modules--process--processlist-module.json', '90', '[\"\"]', '2020-02-05 09:51:13', '2020-02-05 09:51:13', NULL, '0', '0', NULL);
INSERT INTO `field_language_files` (`pages_id`, `data`, `sort`, `description`, `modified`, `created`, `filesize`, `created_users_id`, `modified_users_id`, `filedata`) VALUES('1012', 'wire--modules--process--processhome-module.json', '89', '[\"\"]', '2020-02-05 09:51:13', '2020-02-05 09:51:13', NULL, '0', '0', NULL);
INSERT INTO `field_language_files` (`pages_id`, `data`, `sort`, `description`, `modified`, `created`, `filesize`, `created_users_id`, `modified_users_id`, `filedata`) VALUES('1012', 'wire--modules--process--processforgotpassword-module.json', '88', '[\"\"]', '2020-02-05 09:51:13', '2020-02-05 09:51:13', NULL, '0', '0', NULL);
INSERT INTO `field_language_files` (`pages_id`, `data`, `sort`, `description`, `modified`, `created`, `filesize`, `created_users_id`, `modified_users_id`, `filedata`) VALUES('1012', 'wire--modules--process--processfield--processfield-module.json', '86', '[\"\"]', '2020-02-05 09:51:13', '2020-02-05 09:51:13', NULL, '0', '0', NULL);
INSERT INTO `field_language_files` (`pages_id`, `data`, `sort`, `description`, `modified`, `created`, `filesize`, `created_users_id`, `modified_users_id`, `filedata`) VALUES('1012', 'wire--modules--process--processfield--processfieldexportimport-php.json', '87', '[\"\"]', '2020-02-05 09:51:13', '2020-02-05 09:51:13', NULL, '0', '0', NULL);
INSERT INTO `field_language_files` (`pages_id`, `data`, `sort`, `description`, `modified`, `created`, `filesize`, `created_users_id`, `modified_users_id`, `filedata`) VALUES('1012', 'wire--modules--pagerender-module.json', '85', '[\"\"]', '2020-02-05 09:51:13', '2020-02-05 09:51:13', NULL, '0', '0', NULL);
INSERT INTO `field_language_files` (`pages_id`, `data`, `sort`, `description`, `modified`, `created`, `filesize`, `created_users_id`, `modified_users_id`, `filedata`) VALUES('1012', 'wire--modules--pagepaths-module.json', '84', '[\"\"]', '2020-02-05 09:51:13', '2020-02-05 09:51:13', NULL, '0', '0', NULL);
INSERT INTO `field_language_files` (`pages_id`, `data`, `sort`, `description`, `modified`, `created`, `filesize`, `created_users_id`, `modified_users_id`, `filedata`) VALUES('1012', 'wire--modules--languagesupport--languagetabs-module.json', '80', '[\"\"]', '2020-02-05 09:51:13', '2020-02-05 09:51:13', NULL, '0', '0', NULL);
INSERT INTO `field_language_files` (`pages_id`, `data`, `sort`, `description`, `modified`, `created`, `filesize`, `created_users_id`, `modified_users_id`, `filedata`) VALUES('1012', 'wire--modules--languagesupport--processlanguage-module.json', '81', '[\"\"]', '2020-02-05 09:51:13', '2020-02-05 09:51:13', NULL, '0', '0', NULL);
INSERT INTO `field_language_files` (`pages_id`, `data`, `sort`, `description`, `modified`, `created`, `filesize`, `created_users_id`, `modified_users_id`, `filedata`) VALUES('1012', 'wire--modules--markup--markuppagefields-module.json', '82', '[\"\"]', '2020-02-05 09:51:13', '2020-02-05 09:51:13', NULL, '0', '0', NULL);
INSERT INTO `field_language_files` (`pages_id`, `data`, `sort`, `description`, `modified`, `created`, `filesize`, `created_users_id`, `modified_users_id`, `filedata`) VALUES('1012', 'wire--modules--markup--markuppagernav--markuppagernav-module.json', '83', '[\"\"]', '2020-02-05 09:51:13', '2020-02-05 09:51:13', NULL, '0', '0', NULL);
INSERT INTO `field_language_files` (`pages_id`, `data`, `sort`, `description`, `modified`, `created`, `filesize`, `created_users_id`, `modified_users_id`, `filedata`) VALUES('1012', 'wire--modules--languagesupport--languagesupportpagenames-module.json', '79', '[\"\"]', '2020-02-05 09:51:13', '2020-02-05 09:51:13', NULL, '0', '0', NULL);
INSERT INTO `field_language_files` (`pages_id`, `data`, `sort`, `description`, `modified`, `created`, `filesize`, `created_users_id`, `modified_users_id`, `filedata`) VALUES('1012', 'wire--modules--languagesupport--languageparser-php.json', '76', '[\"\"]', '2020-02-05 09:51:13', '2020-02-05 09:51:13', NULL, '0', '0', NULL);
INSERT INTO `field_language_files` (`pages_id`, `data`, `sort`, `description`, `modified`, `created`, `filesize`, `created_users_id`, `modified_users_id`, `filedata`) VALUES('1012', 'wire--modules--languagesupport--languagesupport-module.json', '77', '[\"\"]', '2020-02-05 09:51:13', '2020-02-05 09:51:13', NULL, '0', '0', NULL);
INSERT INTO `field_language_files` (`pages_id`, `data`, `sort`, `description`, `modified`, `created`, `filesize`, `created_users_id`, `modified_users_id`, `filedata`) VALUES('1012', 'wire--modules--languagesupport--languagesupportfields-module.json', '78', '[\"\"]', '2020-02-05 09:51:13', '2020-02-05 09:51:13', NULL, '0', '0', NULL);
INSERT INTO `field_language_files` (`pages_id`, `data`, `sort`, `description`, `modified`, `created`, `filesize`, `created_users_id`, `modified_users_id`, `filedata`) VALUES('1012', 'wire--modules--inputfield--inputfieldurl-module.json', '74', '[\"\"]', '2020-02-05 09:51:13', '2020-02-05 09:51:13', NULL, '0', '0', NULL);
INSERT INTO `field_language_files` (`pages_id`, `data`, `sort`, `description`, `modified`, `created`, `filesize`, `created_users_id`, `modified_users_id`, `filedata`) VALUES('1012', 'wire--modules--jquery--jquerywiretabs--jquerywiretabs-module.json', '75', '[\"\"]', '2020-02-05 09:51:13', '2020-02-05 09:51:13', NULL, '0', '0', NULL);
INSERT INTO `field_language_files` (`pages_id`, `data`, `sort`, `description`, `modified`, `created`, `filesize`, `created_users_id`, `modified_users_id`, `filedata`) VALUES('1012', 'wire--modules--inputfield--inputfieldtinymce--inputfieldtinymce-module.json', '73', '[\"\"]', '2020-02-05 09:51:13', '2020-02-05 09:51:13', NULL, '0', '0', NULL);
INSERT INTO `field_language_files` (`pages_id`, `data`, `sort`, `description`, `modified`, `created`, `filesize`, `created_users_id`, `modified_users_id`, `filedata`) VALUES('1012', 'wire--modules--inputfield--inputfieldtextarea-module.json', '72', '[\"\"]', '2020-02-05 09:51:13', '2020-02-05 09:51:13', NULL, '0', '0', NULL);
INSERT INTO `field_language_files` (`pages_id`, `data`, `sort`, `description`, `modified`, `created`, `filesize`, `created_users_id`, `modified_users_id`, `filedata`) VALUES('1012', 'wire--modules--inputfield--inputfieldselectmultiple-module.json', '68', '[\"\"]', '2020-02-05 09:51:13', '2020-02-05 09:51:13', NULL, '0', '0', NULL);
INSERT INTO `field_language_files` (`pages_id`, `data`, `sort`, `description`, `modified`, `created`, `filesize`, `created_users_id`, `modified_users_id`, `filedata`) VALUES('1012', 'wire--modules--inputfield--inputfieldselector--inputfieldselector-module.json', '69', '[\"\"]', '2020-02-05 09:51:13', '2020-02-05 09:51:13', NULL, '0', '0', NULL);
INSERT INTO `field_language_files` (`pages_id`, `data`, `sort`, `description`, `modified`, `created`, `filesize`, `created_users_id`, `modified_users_id`, `filedata`) VALUES('1012', 'wire--modules--inputfield--inputfieldtext-module.json', '71', '[\"\"]', '2020-02-05 09:51:13', '2020-02-05 09:51:13', NULL, '0', '0', NULL);
INSERT INTO `field_language_files` (`pages_id`, `data`, `sort`, `description`, `modified`, `created`, `filesize`, `created_users_id`, `modified_users_id`, `filedata`) VALUES('1012', 'wire--modules--inputfield--inputfieldsubmit--inputfieldsubmit-module.json', '70', '[\"\"]', '2020-02-05 09:51:13', '2020-02-05 09:51:13', NULL, '0', '0', NULL);
INSERT INTO `field_language_files` (`pages_id`, `data`, `sort`, `description`, `modified`, `created`, `filesize`, `created_users_id`, `modified_users_id`, `filedata`) VALUES('1012', 'wire--modules--inputfield--inputfieldselect-module.json', '67', '[\"\"]', '2020-02-05 09:51:13', '2020-02-05 09:51:13', NULL, '0', '0', NULL);
INSERT INTO `field_language_files` (`pages_id`, `data`, `sort`, `description`, `modified`, `created`, `filesize`, `created_users_id`, `modified_users_id`, `filedata`) VALUES('1012', 'wire--modules--inputfield--inputfieldradios--inputfieldradios-module.json', '66', '[\"\"]', '2020-02-05 09:51:13', '2020-02-05 09:51:13', NULL, '0', '0', NULL);
INSERT INTO `field_language_files` (`pages_id`, `data`, `sort`, `description`, `modified`, `created`, `filesize`, `created_users_id`, `modified_users_id`, `filedata`) VALUES('1012', 'wire--modules--inputfield--inputfieldpassword-module.json', '65', '[\"\"]', '2020-02-05 09:51:13', '2020-02-05 09:51:13', NULL, '0', '0', NULL);
INSERT INTO `field_language_files` (`pages_id`, `data`, `sort`, `description`, `modified`, `created`, `filesize`, `created_users_id`, `modified_users_id`, `filedata`) VALUES('1012', 'wire--modules--inputfield--inputfieldpagename--inputfieldpagename-module.json', '61', '[\"\"]', '2020-02-05 09:51:13', '2020-02-05 09:51:13', NULL, '0', '0', NULL);
INSERT INTO `field_language_files` (`pages_id`, `data`, `sort`, `description`, `modified`, `created`, `filesize`, `created_users_id`, `modified_users_id`, `filedata`) VALUES('1012', 'wire--modules--inputfield--inputfieldpagetable--inputfieldpagetable-module.json', '62', '[\"\"]', '2020-02-05 09:51:13', '2020-02-05 09:51:13', NULL, '0', '0', NULL);
INSERT INTO `field_language_files` (`pages_id`, `data`, `sort`, `description`, `modified`, `created`, `filesize`, `created_users_id`, `modified_users_id`, `filedata`) VALUES('1012', 'wire--modules--inputfield--inputfieldpagetable--inputfieldpagetableajax-php.json', '63', '[\"\"]', '2020-02-05 09:51:13', '2020-02-05 09:51:13', NULL, '0', '0', NULL);
INSERT INTO `field_language_files` (`pages_id`, `data`, `sort`, `description`, `modified`, `created`, `filesize`, `created_users_id`, `modified_users_id`, `filedata`) VALUES('1012', 'wire--modules--inputfield--inputfieldpagetitle--inputfieldpagetitle-module.json', '64', '[\"\"]', '2020-02-05 09:51:13', '2020-02-05 09:51:13', NULL, '0', '0', NULL);
INSERT INTO `field_language_files` (`pages_id`, `data`, `sort`, `description`, `modified`, `created`, `filesize`, `created_users_id`, `modified_users_id`, `filedata`) VALUES('1012', 'wire--modules--inputfield--inputfieldpagelistselect--inputfieldpagelistselectmultiple-module.json', '60', '[\"\"]', '2020-02-05 09:51:13', '2020-02-05 09:51:13', NULL, '0', '0', NULL);
INSERT INTO `field_language_files` (`pages_id`, `data`, `sort`, `description`, `modified`, `created`, `filesize`, `created_users_id`, `modified_users_id`, `filedata`) VALUES('1012', 'wire--modules--inputfield--inputfieldpagelistselect--inputfieldpagelistselect-module.json', '59', '[\"\"]', '2020-02-05 09:51:13', '2020-02-05 09:51:13', NULL, '0', '0', NULL);
INSERT INTO `field_language_files` (`pages_id`, `data`, `sort`, `description`, `modified`, `created`, `filesize`, `created_users_id`, `modified_users_id`, `filedata`) VALUES('1012', 'wire--modules--inputfield--inputfieldpageautocomplete--inputfieldpageautocomplete-module.json', '58', '[\"\"]', '2020-02-05 09:51:13', '2020-02-05 09:51:13', NULL, '0', '0', NULL);
INSERT INTO `field_language_files` (`pages_id`, `data`, `sort`, `description`, `modified`, `created`, `filesize`, `created_users_id`, `modified_users_id`, `filedata`) VALUES('1012', 'wire--modules--inputfield--inputfieldpage--inputfieldpage-module.json', '57', '[\"\"]', '2020-02-05 09:51:13', '2020-02-05 09:51:13', NULL, '0', '0', NULL);
INSERT INTO `field_language_files` (`pages_id`, `data`, `sort`, `description`, `modified`, `created`, `filesize`, `created_users_id`, `modified_users_id`, `filedata`) VALUES('1012', 'wire--modules--inputfield--inputfieldname-module.json', '56', '[\"\"]', '2020-02-05 09:51:13', '2020-02-05 09:51:13', NULL, '0', '0', NULL);
INSERT INTO `field_language_files` (`pages_id`, `data`, `sort`, `description`, `modified`, `created`, `filesize`, `created_users_id`, `modified_users_id`, `filedata`) VALUES('1012', 'wire--modules--inputfield--inputfieldmarkup-module.json', '55', '[\"\"]', '2020-02-05 09:51:13', '2020-02-05 09:51:13', NULL, '0', '0', NULL);
INSERT INTO `field_language_files` (`pages_id`, `data`, `sort`, `description`, `modified`, `created`, `filesize`, `created_users_id`, `modified_users_id`, `filedata`) VALUES('1012', 'wire--modules--inputfield--inputfieldinteger-module.json', '54', '[\"\"]', '2020-02-05 09:51:13', '2020-02-05 09:51:13', NULL, '0', '0', NULL);
INSERT INTO `field_language_files` (`pages_id`, `data`, `sort`, `description`, `modified`, `created`, `filesize`, `created_users_id`, `modified_users_id`, `filedata`) VALUES('1012', 'wire--modules--inputfield--inputfieldfile--inputfieldfile-module.json', '49', '[\"\"]', '2020-02-05 09:51:13', '2020-02-05 09:51:13', NULL, '0', '0', NULL);
INSERT INTO `field_language_files` (`pages_id`, `data`, `sort`, `description`, `modified`, `created`, `filesize`, `created_users_id`, `modified_users_id`, `filedata`) VALUES('1012', 'wire--modules--inputfield--inputfieldfloat-module.json', '50', '[\"\"]', '2020-02-05 09:51:13', '2020-02-05 09:51:13', NULL, '0', '0', NULL);
INSERT INTO `field_language_files` (`pages_id`, `data`, `sort`, `description`, `modified`, `created`, `filesize`, `created_users_id`, `modified_users_id`, `filedata`) VALUES('1012', 'wire--modules--inputfield--inputfieldform-module.json', '51', '[\"\"]', '2020-02-05 09:51:13', '2020-02-05 09:51:13', NULL, '0', '0', NULL);
INSERT INTO `field_language_files` (`pages_id`, `data`, `sort`, `description`, `modified`, `created`, `filesize`, `created_users_id`, `modified_users_id`, `filedata`) VALUES('1012', 'wire--modules--inputfield--inputfieldhidden-module.json', '52', '[\"\"]', '2020-02-05 09:51:13', '2020-02-05 09:51:13', NULL, '0', '0', NULL);
INSERT INTO `field_language_files` (`pages_id`, `data`, `sort`, `description`, `modified`, `created`, `filesize`, `created_users_id`, `modified_users_id`, `filedata`) VALUES('1012', 'wire--modules--inputfield--inputfieldimage--inputfieldimage-module.json', '53', '[\"\"]', '2020-02-05 09:51:13', '2020-02-05 09:51:13', NULL, '0', '0', NULL);
INSERT INTO `field_language_files` (`pages_id`, `data`, `sort`, `description`, `modified`, `created`, `filesize`, `created_users_id`, `modified_users_id`, `filedata`) VALUES('1012', 'wire--modules--inputfield--inputfieldfieldset-module.json', '48', '[\"\"]', '2020-02-05 09:51:13', '2020-02-05 09:51:13', NULL, '0', '0', NULL);
INSERT INTO `field_language_files` (`pages_id`, `data`, `sort`, `description`, `modified`, `created`, `filesize`, `created_users_id`, `modified_users_id`, `filedata`) VALUES('1012', 'wire--modules--inputfield--inputfieldemail-module.json', '47', '[\"\"]', '2020-02-05 09:51:13', '2020-02-05 09:51:13', NULL, '0', '0', NULL);
INSERT INTO `field_language_files` (`pages_id`, `data`, `sort`, `description`, `modified`, `created`, `filesize`, `created_users_id`, `modified_users_id`, `filedata`) VALUES('1012', 'wire--modules--inputfield--inputfielddatetime--inputfielddatetime-module.json', '46', '[\"\"]', '2020-02-05 09:51:13', '2020-02-05 09:51:13', NULL, '0', '0', NULL);
INSERT INTO `field_language_files` (`pages_id`, `data`, `sort`, `description`, `modified`, `created`, `filesize`, `created_users_id`, `modified_users_id`, `filedata`) VALUES('1012', 'wire--modules--inputfield--inputfieldckeditor--inputfieldckeditor-module.json', '45', '[\"\"]', '2020-02-05 09:51:13', '2020-02-05 09:51:13', NULL, '0', '0', NULL);
INSERT INTO `field_language_files` (`pages_id`, `data`, `sort`, `description`, `modified`, `created`, `filesize`, `created_users_id`, `modified_users_id`, `filedata`) VALUES('1012', 'wire--modules--inputfield--inputfieldcheckboxes--inputfieldcheckboxes-module.json', '44', '[\"\"]', '2020-02-05 09:51:13', '2020-02-05 09:51:13', NULL, '0', '0', NULL);
INSERT INTO `field_language_files` (`pages_id`, `data`, `sort`, `description`, `modified`, `created`, `filesize`, `created_users_id`, `modified_users_id`, `filedata`) VALUES('1012', 'wire--modules--inputfield--inputfieldbutton-module.json', '42', '[\"\"]', '2020-02-05 09:51:13', '2020-02-05 09:51:13', NULL, '0', '0', NULL);
INSERT INTO `field_language_files` (`pages_id`, `data`, `sort`, `description`, `modified`, `created`, `filesize`, `created_users_id`, `modified_users_id`, `filedata`) VALUES('1012', 'wire--modules--inputfield--inputfieldcheckbox-module.json', '43', '[\"\"]', '2020-02-05 09:51:13', '2020-02-05 09:51:13', NULL, '0', '0', NULL);
INSERT INTO `field_language_files` (`pages_id`, `data`, `sort`, `description`, `modified`, `created`, `filesize`, `created_users_id`, `modified_users_id`, `filedata`) VALUES('1012', 'wire--modules--fieldtype--fieldtypetextarea-module.json', '39', '[\"\"]', '2020-02-05 09:51:13', '2020-02-05 09:51:13', NULL, '0', '0', NULL);
INSERT INTO `field_language_files` (`pages_id`, `data`, `sort`, `description`, `modified`, `created`, `filesize`, `created_users_id`, `modified_users_id`, `filedata`) VALUES('1012', 'wire--modules--fieldtype--fieldtypeurl-module.json', '40', '[\"\"]', '2020-02-05 09:51:13', '2020-02-05 09:51:13', NULL, '0', '0', NULL);
INSERT INTO `field_language_files` (`pages_id`, `data`, `sort`, `description`, `modified`, `created`, `filesize`, `created_users_id`, `modified_users_id`, `filedata`) VALUES('1012', 'wire--modules--inputfield--inputfieldasmselect--inputfieldasmselect-module.json', '41', '[\"\"]', '2020-02-05 09:51:13', '2020-02-05 09:51:13', NULL, '0', '0', NULL);
INSERT INTO `field_language_files` (`pages_id`, `data`, `sort`, `description`, `modified`, `created`, `filesize`, `created_users_id`, `modified_users_id`, `filedata`) VALUES('1012', 'wire--modules--fieldtype--fieldtypetext-module.json', '38', '[\"\"]', '2020-02-05 09:51:13', '2020-02-05 09:51:13', NULL, '0', '0', NULL);
INSERT INTO `field_language_files` (`pages_id`, `data`, `sort`, `description`, `modified`, `created`, `filesize`, `created_users_id`, `modified_users_id`, `filedata`) VALUES('1012', 'wire--modules--fieldtype--fieldtypeselector-module.json', '37', '[\"\"]', '2020-02-05 09:51:13', '2020-02-05 09:51:13', NULL, '0', '0', NULL);
INSERT INTO `field_language_files` (`pages_id`, `data`, `sort`, `description`, `modified`, `created`, `filesize`, `created_users_id`, `modified_users_id`, `filedata`) VALUES('1012', 'wire--modules--fieldtype--fieldtyperepeater--inputfieldrepeater-module.json', '36', '[\"\"]', '2020-02-05 09:51:13', '2020-02-05 09:51:13', NULL, '0', '0', NULL);
INSERT INTO `field_language_files` (`pages_id`, `data`, `sort`, `description`, `modified`, `created`, `filesize`, `created_users_id`, `modified_users_id`, `filedata`) VALUES('1012', 'wire--modules--fieldtype--fieldtyperepeater--fieldtyperepeater-module.json', '35', '[\"\"]', '2020-02-05 09:51:13', '2020-02-05 09:51:13', NULL, '0', '0', NULL);
INSERT INTO `field_language_files` (`pages_id`, `data`, `sort`, `description`, `modified`, `created`, `filesize`, `created_users_id`, `modified_users_id`, `filedata`) VALUES('1012', 'wire--modules--fieldtype--fieldtypepagetable-module.json', '34', '[\"\"]', '2020-02-05 09:51:13', '2020-02-05 09:51:13', NULL, '0', '0', NULL);
INSERT INTO `field_language_files` (`pages_id`, `data`, `sort`, `description`, `modified`, `created`, `filesize`, `created_users_id`, `modified_users_id`, `filedata`) VALUES('1012', 'wire--modules--fieldtype--fieldtypepage-module.json', '33', '[\"\"]', '2020-02-05 09:51:13', '2020-02-05 09:51:13', NULL, '0', '0', NULL);
INSERT INTO `field_language_files` (`pages_id`, `data`, `sort`, `description`, `modified`, `created`, `filesize`, `created_users_id`, `modified_users_id`, `filedata`) VALUES('1012', 'wire--modules--fieldtype--fieldtypemodule-module.json', '32', '[\"\"]', '2020-02-05 09:51:13', '2020-02-05 09:51:13', NULL, '0', '0', NULL);
INSERT INTO `field_language_files` (`pages_id`, `data`, `sort`, `description`, `modified`, `created`, `filesize`, `created_users_id`, `modified_users_id`, `filedata`) VALUES('1012', 'wire--modules--fieldtype--fieldtypefloat-module.json', '31', '[\"\"]', '2020-02-05 09:51:13', '2020-02-05 09:51:13', NULL, '0', '0', NULL);
INSERT INTO `field_language_files` (`pages_id`, `data`, `sort`, `description`, `modified`, `created`, `filesize`, `created_users_id`, `modified_users_id`, `filedata`) VALUES('1012', 'wire--modules--fieldtype--fieldtypefile-module.json', '30', '[\"\"]', '2020-02-05 09:51:13', '2020-02-05 09:51:13', NULL, '0', '0', NULL);
INSERT INTO `field_language_files` (`pages_id`, `data`, `sort`, `description`, `modified`, `created`, `filesize`, `created_users_id`, `modified_users_id`, `filedata`) VALUES('1012', 'wire--modules--fieldtype--fieldtypedatetime-module.json', '29', '[\"\"]', '2020-02-05 09:51:13', '2020-02-05 09:51:13', NULL, '0', '0', NULL);
INSERT INTO `field_language_files` (`pages_id`, `data`, `sort`, `description`, `modified`, `created`, `filesize`, `created_users_id`, `modified_users_id`, `filedata`) VALUES('1012', 'wire--modules--fieldtype--fieldtypecomments--inputfieldcommentsadmin-module.json', '28', '[\"\"]', '2020-02-05 09:51:13', '2020-02-05 09:51:13', NULL, '0', '0', NULL);
INSERT INTO `field_language_files` (`pages_id`, `data`, `sort`, `description`, `modified`, `created`, `filesize`, `created_users_id`, `modified_users_id`, `filedata`) VALUES('1012', 'wire--modules--fieldtype--fieldtypecomments--fieldtypecomments-module.json', '27', '[\"\"]', '2020-02-05 09:51:13', '2020-02-05 09:51:13', NULL, '0', '0', NULL);
INSERT INTO `field_language_files` (`pages_id`, `data`, `sort`, `description`, `modified`, `created`, `filesize`, `created_users_id`, `modified_users_id`, `filedata`) VALUES('1012', 'wire--modules--fieldtype--fieldtypecomments--commentfilterakismet-module.json', '24', '[\"\"]', '2020-02-05 09:51:13', '2020-02-05 09:51:13', NULL, '0', '0', NULL);
INSERT INTO `field_language_files` (`pages_id`, `data`, `sort`, `description`, `modified`, `created`, `filesize`, `created_users_id`, `modified_users_id`, `filedata`) VALUES('1012', 'wire--modules--fieldtype--fieldtypecomments--commentform-php.json', '25', '[\"\"]', '2020-02-05 09:51:13', '2020-02-05 09:51:13', NULL, '0', '0', NULL);
INSERT INTO `field_language_files` (`pages_id`, `data`, `sort`, `description`, `modified`, `created`, `filesize`, `created_users_id`, `modified_users_id`, `filedata`) VALUES('1012', 'wire--modules--fieldtype--fieldtypecomments--commentlist-php.json', '26', '[\"\"]', '2020-02-05 09:51:13', '2020-02-05 09:51:13', NULL, '0', '0', NULL);
INSERT INTO `field_language_files` (`pages_id`, `data`, `sort`, `description`, `modified`, `created`, `filesize`, `created_users_id`, `modified_users_id`, `filedata`) VALUES('1012', 'wire--modules--admintheme--adminthemedefault--adminthemedefault-module.json', '23', '[\"\"]', '2020-02-05 09:51:13', '2020-02-05 09:51:13', NULL, '0', '0', NULL);
INSERT INTO `field_language_files` (`pages_id`, `data`, `sort`, `description`, `modified`, `created`, `filesize`, `created_users_id`, `modified_users_id`, `filedata`) VALUES('1012', 'wire--core--wireupload-php.json', '22', '[\"\"]', '2020-02-05 09:51:13', '2020-02-05 09:51:13', NULL, '0', '0', NULL);
INSERT INTO `field_language_files` (`pages_id`, `data`, `sort`, `description`, `modified`, `created`, `filesize`, `created_users_id`, `modified_users_id`, `filedata`) VALUES('1012', 'wire--core--wiretempdir-php.json', '21', '[\"\"]', '2020-02-05 09:51:13', '2020-02-05 09:51:13', NULL, '0', '0', NULL);
INSERT INTO `field_language_files` (`pages_id`, `data`, `sort`, `description`, `modified`, `created`, `filesize`, `created_users_id`, `modified_users_id`, `filedata`) VALUES('1012', 'wire--core--sessioncsrf-php.json', '18', '[\"\"]', '2020-02-05 09:51:13', '2020-02-05 09:51:13', NULL, '0', '0', NULL);
INSERT INTO `field_language_files` (`pages_id`, `data`, `sort`, `description`, `modified`, `created`, `filesize`, `created_users_id`, `modified_users_id`, `filedata`) VALUES('1012', 'wire--core--wirecache-php.json', '19', '[\"\"]', '2020-02-05 09:51:13', '2020-02-05 09:51:13', NULL, '0', '0', NULL);
INSERT INTO `field_language_files` (`pages_id`, `data`, `sort`, `description`, `modified`, `created`, `filesize`, `created_users_id`, `modified_users_id`, `filedata`) VALUES('1012', 'wire--core--wirehttp-php.json', '20', '[\"\"]', '2020-02-05 09:51:13', '2020-02-05 09:51:13', NULL, '0', '0', NULL);
INSERT INTO `field_language_files` (`pages_id`, `data`, `sort`, `description`, `modified`, `created`, `filesize`, `created_users_id`, `modified_users_id`, `filedata`) VALUES('1012', 'wire--core--session-php.json', '17', '[\"\"]', '2020-02-05 09:51:13', '2020-02-05 09:51:13', NULL, '0', '0', NULL);
INSERT INTO `field_language_files` (`pages_id`, `data`, `sort`, `description`, `modified`, `created`, `filesize`, `created_users_id`, `modified_users_id`, `filedata`) VALUES('1012', 'wire--core--pages-php.json', '13', '[\"\"]', '2020-02-05 09:51:13', '2020-02-05 09:51:13', NULL, '0', '0', NULL);
INSERT INTO `field_language_files` (`pages_id`, `data`, `sort`, `description`, `modified`, `created`, `filesize`, `created_users_id`, `modified_users_id`, `filedata`) VALUES('1012', 'wire--core--password-php.json', '14', '[\"\"]', '2020-02-05 09:51:13', '2020-02-05 09:51:13', NULL, '0', '0', NULL);
INSERT INTO `field_language_files` (`pages_id`, `data`, `sort`, `description`, `modified`, `created`, `filesize`, `created_users_id`, `modified_users_id`, `filedata`) VALUES('1012', 'wire--core--process-php.json', '15', '[\"\"]', '2020-02-05 09:51:13', '2020-02-05 09:51:13', NULL, '0', '0', NULL);
INSERT INTO `field_language_files` (`pages_id`, `data`, `sort`, `description`, `modified`, `created`, `filesize`, `created_users_id`, `modified_users_id`, `filedata`) VALUES('1012', 'wire--core--sanitizer-php.json', '16', '[\"\"]', '2020-02-05 09:51:13', '2020-02-05 09:51:13', NULL, '0', '0', NULL);
INSERT INTO `field_language_files` (`pages_id`, `data`, `sort`, `description`, `modified`, `created`, `filesize`, `created_users_id`, `modified_users_id`, `filedata`) VALUES('1012', 'wire--core--pagefile-php.json', '11', '[\"\"]', '2020-02-05 09:51:13', '2020-02-05 09:51:13', NULL, '0', '0', NULL);
INSERT INTO `field_language_files` (`pages_id`, `data`, `sort`, `description`, `modified`, `created`, `filesize`, `created_users_id`, `modified_users_id`, `filedata`) VALUES('1012', 'wire--core--pageimage-php.json', '12', '[\"\"]', '2020-02-05 09:51:13', '2020-02-05 09:51:13', NULL, '0', '0', NULL);
INSERT INTO `field_language_files` (`pages_id`, `data`, `sort`, `description`, `modified`, `created`, `filesize`, `created_users_id`, `modified_users_id`, `filedata`) VALUES('1012', 'wire--core--modules-php.json', '10', '[\"\"]', '2020-02-05 09:51:13', '2020-02-05 09:51:13', NULL, '0', '0', NULL);
INSERT INTO `field_language_files` (`pages_id`, `data`, `sort`, `description`, `modified`, `created`, `filesize`, `created_users_id`, `modified_users_id`, `filedata`) VALUES('1012', 'wire--core--inputfieldwrapper-php.json', '9', '[\"\"]', '2020-02-05 09:51:13', '2020-02-05 09:51:13', NULL, '0', '0', NULL);
INSERT INTO `field_language_files` (`pages_id`, `data`, `sort`, `description`, `modified`, `created`, `filesize`, `created_users_id`, `modified_users_id`, `filedata`) VALUES('1012', 'wire--core--inputfield-php.json', '8', '[\"\"]', '2020-02-05 09:51:13', '2020-02-05 09:51:13', NULL, '0', '0', NULL);
INSERT INTO `field_language_files` (`pages_id`, `data`, `sort`, `description`, `modified`, `created`, `filesize`, `created_users_id`, `modified_users_id`, `filedata`) VALUES('1012', 'wire--core--functions-php.json', '7', '[\"\"]', '2020-02-05 09:51:13', '2020-02-05 09:51:13', NULL, '0', '0', NULL);
INSERT INTO `field_language_files` (`pages_id`, `data`, `sort`, `description`, `modified`, `created`, `filesize`, `created_users_id`, `modified_users_id`, `filedata`) VALUES('1012', 'wire--core--fieldtypemulti-php.json', '6', '[\"\"]', '2020-02-05 09:51:13', '2020-02-05 09:51:13', NULL, '0', '0', NULL);
INSERT INTO `field_language_files` (`pages_id`, `data`, `sort`, `description`, `modified`, `created`, `filesize`, `created_users_id`, `modified_users_id`, `filedata`) VALUES('1012', 'wire--core--fieldtype-php.json', '5', '[\"\"]', '2020-02-05 09:51:13', '2020-02-05 09:51:13', NULL, '0', '0', NULL);
INSERT INTO `field_language_files` (`pages_id`, `data`, `sort`, `description`, `modified`, `created`, `filesize`, `created_users_id`, `modified_users_id`, `filedata`) VALUES('1012', 'wire--core--fieldselectorinfo-php.json', '4', '[\"\"]', '2020-02-05 09:51:13', '2020-02-05 09:51:13', NULL, '0', '0', NULL);
INSERT INTO `field_language_files` (`pages_id`, `data`, `sort`, `description`, `modified`, `created`, `filesize`, `created_users_id`, `modified_users_id`, `filedata`) VALUES('1012', 'wire--core--fields-php.json', '2', '[\"\"]', '2020-02-05 09:51:13', '2020-02-05 09:51:13', NULL, '0', '0', NULL);
INSERT INTO `field_language_files` (`pages_id`, `data`, `sort`, `description`, `modified`, `created`, `filesize`, `created_users_id`, `modified_users_id`, `filedata`) VALUES('1012', 'wire--core--admintheme-php.json', '3', '[\"\"]', '2020-02-05 09:51:13', '2020-02-05 09:51:13', NULL, '0', '0', NULL);
INSERT INTO `field_language_files` (`pages_id`, `data`, `sort`, `description`, `modified`, `created`, `filesize`, `created_users_id`, `modified_users_id`, `filedata`) VALUES('1012', 'wire--core--fieldgroups-php.json', '1', '[\"\"]', '2020-02-05 09:51:13', '2020-02-05 09:51:13', NULL, '0', '0', NULL);
INSERT INTO `field_language_files` (`pages_id`, `data`, `sort`, `description`, `modified`, `created`, `filesize`, `created_users_id`, `modified_users_id`, `filedata`) VALUES('1012', 'wire--core--field-php.json', '0', '[\"\"]', '2020-02-05 09:51:13', '2020-02-05 09:51:13', NULL, '0', '0', NULL);
INSERT INTO `field_language_files` (`pages_id`, `data`, `sort`, `description`, `modified`, `created`, `filesize`, `created_users_id`, `modified_users_id`, `filedata`) VALUES('1012', 'wire--templates-admin--default-php.json', '118', '[\"\"]', '2020-02-05 09:51:13', '2020-02-05 09:51:13', NULL, '0', '0', NULL);

DROP TABLE IF EXISTS `field_language_files_site`;
CREATE TABLE `field_language_files_site` (
  `pages_id` int(10) unsigned NOT NULL,
  `data` varchar(250) NOT NULL,
  `sort` int(10) unsigned NOT NULL,
  `description` text NOT NULL,
  `modified` datetime DEFAULT NULL,
  `created` datetime DEFAULT NULL,
  `filesize` int(11) DEFAULT NULL,
  `created_users_id` int(10) unsigned NOT NULL DEFAULT '0',
  `modified_users_id` int(10) unsigned NOT NULL DEFAULT '0',
  `filedata` mediumtext,
  PRIMARY KEY (`pages_id`,`sort`),
  KEY `data` (`data`),
  KEY `modified` (`modified`),
  KEY `created` (`created`),
  KEY `filesize` (`filesize`),
  FULLTEXT KEY `description` (`description`),
  FULLTEXT KEY `filedata` (`filedata`)
) ENGINE=MyISAM DEFAULT CHARSET=utf8;

INSERT INTO `field_language_files_site` (`pages_id`, `data`, `sort`, `description`, `modified`, `created`, `filesize`, `created_users_id`, `modified_users_id`, `filedata`) VALUES('1012', 'site--templates--_main-php.json', '0', '[\"\"]', '2020-02-05 09:51:13', '2020-02-05 09:51:13', NULL, '0', '0', NULL);
INSERT INTO `field_language_files_site` (`pages_id`, `data`, `sort`, `description`, `modified`, `created`, `filesize`, `created_users_id`, `modified_users_id`, `filedata`) VALUES('1012', 'site--templates--search-php.json', '1', '[\"\"]', '2020-02-05 09:51:13', '2020-02-05 09:51:13', NULL, '0', '0', NULL);

DROP TABLE IF EXISTS `field_mail_admin`;
CREATE TABLE `field_mail_admin` (
  `pages_id` int(10) unsigned NOT NULL,
  `data` varchar(250) NOT NULL DEFAULT '',
  PRIMARY KEY (`pages_id`),
  KEY `data_exact` (`data`),
  FULLTEXT KEY `data` (`data`)
) ENGINE=MyISAM DEFAULT CHARSET=utf8;

INSERT INTO `field_mail_admin` (`pages_id`, `data`) VALUES('1282', 'shop@boardschmiede.com');

DROP TABLE IF EXISTS `field_order_delivery_city`;
CREATE TABLE `field_order_delivery_city` (
  `pages_id` int(10) unsigned NOT NULL,
  `data` text NOT NULL,
  PRIMARY KEY (`pages_id`),
  KEY `data_exact` (`data`(250)),
  FULLTEXT KEY `data` (`data`)
) ENGINE=MyISAM DEFAULT CHARSET=utf8;

INSERT INTO `field_order_delivery_city` (`pages_id`, `data`) VALUES('1295', 'M}wverstadt');
INSERT INTO `field_order_delivery_city` (`pages_id`, `data`) VALUES('1294', '{s}burg');
INSERT INTO `field_order_delivery_city` (`pages_id`, `data`) VALUES('1293', 'Hamburg');
INSERT INTO `field_order_delivery_city` (`pages_id`, `data`) VALUES('1292', 'Tallinn');
INSERT INTO `field_order_delivery_city` (`pages_id`, `data`) VALUES('1296', 'Musterstadt');
INSERT INTO `field_order_delivery_city` (`pages_id`, `data`) VALUES('1301', 'mlomngen');
INSERT INTO `field_order_delivery_city` (`pages_id`, `data`) VALUES('1302', 'klningen');

DROP TABLE IF EXISTS `field_order_delivery_country`;
CREATE TABLE `field_order_delivery_country` (
  `pages_id` int(10) unsigned NOT NULL,
  `data` text NOT NULL,
  PRIMARY KEY (`pages_id`),
  KEY `data_exact` (`data`(250)),
  FULLTEXT KEY `data` (`data`)
) ENGINE=MyISAM DEFAULT CHARSET=utf8;

INSERT INTO `field_order_delivery_country` (`pages_id`, `data`) VALUES('1295', 'M}s~o~msnd');
INSERT INTO `field_order_delivery_country` (`pages_id`, `data`) VALUES('1294', 'wwutschland');
INSERT INTO `field_order_delivery_country` (`pages_id`, `data`) VALUES('1293', 'Deutschland');
INSERT INTO `field_order_delivery_country` (`pages_id`, `data`) VALUES('1292', 'Estland');
INSERT INTO `field_order_delivery_country` (`pages_id`, `data`) VALUES('1296', 'Musterland');
INSERT INTO `field_order_delivery_country` (`pages_id`, `data`) VALUES('1301', 'germany');
INSERT INTO `field_order_delivery_country` (`pages_id`, `data`) VALUES('1302', 'ogvoin');

DROP TABLE IF EXISTS `field_order_delivery_street`;
CREATE TABLE `field_order_delivery_street` (
  `pages_id` int(10) unsigned NOT NULL,
  `data` text NOT NULL,
  PRIMARY KEY (`pages_id`),
  KEY `data_exact` (`data`(250)),
  FULLTEXT KEY `data` (`data`)
) ENGINE=MyISAM DEFAULT CHARSET=utf8;

INSERT INTO `field_order_delivery_street` (`pages_id`, `data`) VALUES('1295', 'M}wverwuwa');
INSERT INTO `field_order_delivery_street` (`pages_id`, `data`) VALUES('1296', 'Musterweg 1a');
INSERT INTO `field_order_delivery_street` (`pages_id`, `data`) VALUES('1294', 'rssndshofer Deich 48, Silpion IT Solutions GmbH');
INSERT INTO `field_order_delivery_street` (`pages_id`, `data`) VALUES('1292', 'V');
INSERT INTO `field_order_delivery_street` (`pages_id`, `data`) VALUES('1293', 'Brandshofer Deich 48, Silpion IT Solutions GmbH');
INSERT INTO `field_order_delivery_street` (`pages_id`, `data`) VALUES('1301', 'oomvhe');
INSERT INTO `field_order_delivery_street` (`pages_id`, `data`) VALUES('1302', 'ooownostr.40');

DROP TABLE IF EXISTS `field_order_delivery_zipcode`;
CREATE TABLE `field_order_delivery_zipcode` (
  `pages_id` int(10) unsigned NOT NULL,
  `data` text NOT NULL,
  PRIMARY KEY (`pages_id`),
  KEY `data_exact` (`data`(250)),
  FULLTEXT KEY `data` (`data`)
) ENGINE=MyISAM DEFAULT CHARSET=utf8;

INSERT INTO `field_order_delivery_zipcode` (`pages_id`, `data`) VALUES('1295', '52365');
INSERT INTO `field_order_delivery_zipcode` (`pages_id`, `data`) VALUES('1294', '23539');
INSERT INTO `field_order_delivery_zipcode` (`pages_id`, `data`) VALUES('1293', '20539');
INSERT INTO `field_order_delivery_zipcode` (`pages_id`, `data`) VALUES('1292', '10167');
INSERT INTO `field_order_delivery_zipcode` (`pages_id`, `data`) VALUES('1296', '23112');
INSERT INTO `field_order_delivery_zipcode` (`pages_id`, `data`) VALUES('1301', '7556<');
INSERT INTO `field_order_delivery_zipcode` (`pages_id`, `data`) VALUES('1302', '}vz~jh');

DROP TABLE IF EXISTS `field_order_text`;
CREATE TABLE `field_order_text` (
  `pages_id` int(10) unsigned NOT NULL,
  `data` mediumtext NOT NULL,
  PRIMARY KEY (`pages_id`),
  KEY `data_exact` (`data`(250)),
  FULLTEXT KEY `data` (`data`)
) ENGINE=MyISAM DEFAULT CHARSET=utf8;

INSERT INTO `field_order_text` (`pages_id`, `data`) VALUES('1294', 'Special Edition<br/>Rail_color: Yellow (+40,00€)<br/>Price: 1 139,00€<br/><hr/>');
INSERT INTO `field_order_text` (`pages_id`, `data`) VALUES('1295', 'Special Edition<br/>Rail_color: Grey (+40,00€)<br/>Price: 1 139,00€<br/><hr/>Freerider Lady<br/>Rail_color: Pink (+40,00€)<br/>Size: 130x38.5cm (+0,00€)<br/>Price: 1 139,00€<br/><hr/>');
INSERT INTO `field_order_text` (`pages_id`, `data`) VALUES('1293', 'Freerider<br/>Rail_color: Yellow (+40,00€)<br/>Size: 130x38cm (+0,00€)<br/>Flex: Soft < 60kg (+0,00€)<br/>Price: 1 180,00€<br/><hr/>');
INSERT INTO `field_order_text` (`pages_id`, `data`) VALUES('1292', 'Chrome Edition<br/>Rail_color: White (+0,00€)<br/>Price: 1 099,00€<br/><hr/>');
INSERT INTO `field_order_text` (`pages_id`, `data`) VALUES('1296', 'Special Edition<br/>Rail_color: Blue light (+40,00€)<br/>Price: 1 139,00€<br/><hr/>');
INSERT INTO `field_order_text` (`pages_id`, `data`) VALUES('1301', 'Freerider<br/>variant_1251: Blue dark (+40,00€)<br/>variant_1297: White (+0,00€)<br/>Size: 135x40cm (+0,00€)<br/>Flex: Medium 60-85kg (+0,00€)<br/>Price: 1 180,00€<br/><hr/>');
INSERT INTO `field_order_text` (`pages_id`, `data`) VALUES('1302', 'Freerider<br/>variant_1251: Green (+40,00€)<br/>variant_1297: White (+0,00€)<br/>Size: 142x43cm (+0,00€)<br/>Flex: Hard / Team > 80kg (+0,00€)<br/>Price: 1 180,00€<br/><hr/>');

DROP TABLE IF EXISTS `field_order_total`;
CREATE TABLE `field_order_total` (
  `pages_id` int(10) unsigned NOT NULL,
  `data` float NOT NULL,
  PRIMARY KEY (`pages_id`),
  KEY `data` (`data`)
) ENGINE=MyISAM DEFAULT CHARSET=utf8;

INSERT INTO `field_order_total` (`pages_id`, `data`) VALUES('1296', '1139');
INSERT INTO `field_order_total` (`pages_id`, `data`) VALUES('1295', '2278');
INSERT INTO `field_order_total` (`pages_id`, `data`) VALUES('1301', '1180');
INSERT INTO `field_order_total` (`pages_id`, `data`) VALUES('1294', '1139');
INSERT INTO `field_order_total` (`pages_id`, `data`) VALUES('1293', '1180');
INSERT INTO `field_order_total` (`pages_id`, `data`) VALUES('1292', '1099');
INSERT INTO `field_order_total` (`pages_id`, `data`) VALUES('1302', '1180');

DROP TABLE IF EXISTS `field_order_wish`;
CREATE TABLE `field_order_wish` (
  `pages_id` int(10) unsigned NOT NULL,
  `data` mediumtext NOT NULL,
  PRIMARY KEY (`pages_id`),
  KEY `data_exact` (`data`(250)),
  FULLTEXT KEY `data` (`data`)
) ENGINE=MyISAM DEFAULT CHARSET=utf8;

INSERT INTO `field_order_wish` (`pages_id`, `data`) VALUES('1293', '123123');
INSERT INTO `field_order_wish` (`pages_id`, `data`) VALUES('1292', 'Ich bin eine klassische Bestellung.');
INSERT INTO `field_order_wish` (`pages_id`, `data`) VALUES('1294', 'Hallo :D');
INSERT INTO `field_order_wish` (`pages_id`, `data`) VALUES('1295', 'Hallo Thilo! Ich bin eine Testbestellung.');
INSERT INTO `field_order_wish` (`pages_id`, `data`) VALUES('1296', 'Hallo. Test 123');

DROP TABLE IF EXISTS `field_page_color`;
CREATE TABLE `field_page_color` (
  `pages_id` int(10) unsigned NOT NULL,
  `data` int(10) unsigned NOT NULL,
  `sort` int(10) unsigned NOT NULL,
  PRIMARY KEY (`pages_id`,`sort`),
  KEY `data` (`data`)
) ENGINE=MyISAM DEFAULT CHARSET=utf8;

INSERT INTO `field_page_color` (`pages_id`, `data`, `sort`) VALUES('1026', '2', '0');
INSERT INTO `field_page_color` (`pages_id`, `data`, `sort`) VALUES('1156', '2', '0');
INSERT INTO `field_page_color` (`pages_id`, `data`, `sort`) VALUES('1192', '2', '0');
INSERT INTO `field_page_color` (`pages_id`, `data`, `sort`) VALUES('1154', '2', '0');

DROP TABLE IF EXISTS `field_pass`;
CREATE TABLE `field_pass` (
  `pages_id` int(10) unsigned NOT NULL,
  `data` char(40) NOT NULL,
  `salt` char(32) NOT NULL,
  PRIMARY KEY (`pages_id`),
  KEY `data` (`data`)
) ENGINE=MyISAM DEFAULT CHARSET=ascii;

INSERT INTO `field_pass` (`pages_id`, `data`, `salt`) VALUES('41', 'rRuy2J/8XkgpCb6KUJa81k43L99bvpC', '$2y$11$vx7h330W.hszUCwNxn8lo.');
INSERT INTO `field_pass` (`pages_id`, `data`, `salt`) VALUES('40', '', '');
INSERT INTO `field_pass` (`pages_id`, `data`, `salt`) VALUES('1281', 'u73Om/unFOkOYUyGbfT4vV6393YpYY6', '$2y$11$bJS.t1l7s0ij9I5wtJz4o.');

DROP TABLE IF EXISTS `field_permissions`;
CREATE TABLE `field_permissions` (
  `pages_id` int(10) unsigned NOT NULL,
  `data` int(11) NOT NULL,
  `sort` int(10) unsigned NOT NULL,
  PRIMARY KEY (`pages_id`,`sort`),
  KEY `data` (`data`,`pages_id`,`sort`)
) ENGINE=MyISAM DEFAULT CHARSET=utf8;

INSERT INTO `field_permissions` (`pages_id`, `data`, `sort`) VALUES('38', '32', '1');
INSERT INTO `field_permissions` (`pages_id`, `data`, `sort`) VALUES('38', '34', '2');
INSERT INTO `field_permissions` (`pages_id`, `data`, `sort`) VALUES('38', '35', '3');
INSERT INTO `field_permissions` (`pages_id`, `data`, `sort`) VALUES('37', '36', '0');
INSERT INTO `field_permissions` (`pages_id`, `data`, `sort`) VALUES('38', '36', '0');
INSERT INTO `field_permissions` (`pages_id`, `data`, `sort`) VALUES('38', '50', '4');
INSERT INTO `field_permissions` (`pages_id`, `data`, `sort`) VALUES('38', '51', '5');
INSERT INTO `field_permissions` (`pages_id`, `data`, `sort`) VALUES('38', '52', '7');
INSERT INTO `field_permissions` (`pages_id`, `data`, `sort`) VALUES('38', '53', '8');
INSERT INTO `field_permissions` (`pages_id`, `data`, `sort`) VALUES('38', '54', '6');

DROP TABLE IF EXISTS `field_price`;
CREATE TABLE `field_price` (
  `pages_id` int(10) unsigned NOT NULL,
  `data` text NOT NULL,
  PRIMARY KEY (`pages_id`),
  KEY `data_exact` (`data`(250)),
  FULLTEXT KEY `data` (`data`)
) ENGINE=MyISAM DEFAULT CHARSET=utf8;

INSERT INTO `field_price` (`pages_id`, `data`) VALUES('1300', '40');
INSERT INTO `field_price` (`pages_id`, `data`) VALUES('1299', '0');
INSERT INTO `field_price` (`pages_id`, `data`) VALUES('1158', '1140');
INSERT INTO `field_price` (`pages_id`, `data`) VALUES('1160', '1099');
INSERT INTO `field_price` (`pages_id`, `data`) VALUES('1162', '1099');
INSERT INTO `field_price` (`pages_id`, `data`) VALUES('1164', '1099');
INSERT INTO `field_price` (`pages_id`, `data`) VALUES('1166', '1099');
INSERT INTO `field_price` (`pages_id`, `data`) VALUES('1168', '1099');
INSERT INTO `field_price` (`pages_id`, `data`) VALUES('1170', '1099');
INSERT INTO `field_price` (`pages_id`, `data`) VALUES('1182', '1099');
INSERT INTO `field_price` (`pages_id`, `data`) VALUES('1186', '29');
INSERT INTO `field_price` (`pages_id`, `data`) VALUES('1217', '0');
INSERT INTO `field_price` (`pages_id`, `data`) VALUES('1202', '0');
INSERT INTO `field_price` (`pages_id`, `data`) VALUES('1204', '0');
INSERT INTO `field_price` (`pages_id`, `data`) VALUES('1205', '0');
INSERT INTO `field_price` (`pages_id`, `data`) VALUES('1206', '0');
INSERT INTO `field_price` (`pages_id`, `data`) VALUES('1207', '0');
INSERT INTO `field_price` (`pages_id`, `data`) VALUES('1209', '0');
INSERT INTO `field_price` (`pages_id`, `data`) VALUES('1212', '0');
INSERT INTO `field_price` (`pages_id`, `data`) VALUES('1213', '0');
INSERT INTO `field_price` (`pages_id`, `data`) VALUES('1214', '0');
INSERT INTO `field_price` (`pages_id`, `data`) VALUES('1218', '0');
INSERT INTO `field_price` (`pages_id`, `data`) VALUES('1219', '0');
INSERT INTO `field_price` (`pages_id`, `data`) VALUES('1222', '0');
INSERT INTO `field_price` (`pages_id`, `data`) VALUES('1225', '0');
INSERT INTO `field_price` (`pages_id`, `data`) VALUES('1226', '0');
INSERT INTO `field_price` (`pages_id`, `data`) VALUES('1255', '40');
INSERT INTO `field_price` (`pages_id`, `data`) VALUES('1254', '40');
INSERT INTO `field_price` (`pages_id`, `data`) VALUES('1253', '0');
INSERT INTO `field_price` (`pages_id`, `data`) VALUES('1256', '40');
INSERT INTO `field_price` (`pages_id`, `data`) VALUES('1257', '40');
INSERT INTO `field_price` (`pages_id`, `data`) VALUES('1258', '40');
INSERT INTO `field_price` (`pages_id`, `data`) VALUES('1259', '40');
INSERT INTO `field_price` (`pages_id`, `data`) VALUES('1260', '40');
INSERT INTO `field_price` (`pages_id`, `data`) VALUES('1261', '40');
INSERT INTO `field_price` (`pages_id`, `data`) VALUES('1262', '40');
INSERT INTO `field_price` (`pages_id`, `data`) VALUES('1263', '40');
INSERT INTO `field_price` (`pages_id`, `data`) VALUES('1264', '40');

DROP TABLE IF EXISTS `field_process`;
CREATE TABLE `field_process` (
  `pages_id` int(11) NOT NULL DEFAULT '0',
  `data` int(11) NOT NULL DEFAULT '0',
  PRIMARY KEY (`pages_id`),
  KEY `data` (`data`)
) ENGINE=MyISAM DEFAULT CHARSET=utf8;

INSERT INTO `field_process` (`pages_id`, `data`) VALUES('6', '17');
INSERT INTO `field_process` (`pages_id`, `data`) VALUES('3', '12');
INSERT INTO `field_process` (`pages_id`, `data`) VALUES('8', '12');
INSERT INTO `field_process` (`pages_id`, `data`) VALUES('9', '14');
INSERT INTO `field_process` (`pages_id`, `data`) VALUES('10', '7');
INSERT INTO `field_process` (`pages_id`, `data`) VALUES('11', '47');
INSERT INTO `field_process` (`pages_id`, `data`) VALUES('16', '48');
INSERT INTO `field_process` (`pages_id`, `data`) VALUES('300', '104');
INSERT INTO `field_process` (`pages_id`, `data`) VALUES('21', '50');
INSERT INTO `field_process` (`pages_id`, `data`) VALUES('29', '66');
INSERT INTO `field_process` (`pages_id`, `data`) VALUES('23', '10');
INSERT INTO `field_process` (`pages_id`, `data`) VALUES('304', '138');
INSERT INTO `field_process` (`pages_id`, `data`) VALUES('31', '136');
INSERT INTO `field_process` (`pages_id`, `data`) VALUES('22', '76');
INSERT INTO `field_process` (`pages_id`, `data`) VALUES('30', '68');
INSERT INTO `field_process` (`pages_id`, `data`) VALUES('303', '129');
INSERT INTO `field_process` (`pages_id`, `data`) VALUES('2', '87');
INSERT INTO `field_process` (`pages_id`, `data`) VALUES('302', '121');
INSERT INTO `field_process` (`pages_id`, `data`) VALUES('301', '109');
INSERT INTO `field_process` (`pages_id`, `data`) VALUES('28', '76');
INSERT INTO `field_process` (`pages_id`, `data`) VALUES('1007', '150');
INSERT INTO `field_process` (`pages_id`, `data`) VALUES('1009', '159');
INSERT INTO `field_process` (`pages_id`, `data`) VALUES('1011', '160');
INSERT INTO `field_process` (`pages_id`, `data`) VALUES('1015', '168');
INSERT INTO `field_process` (`pages_id`, `data`) VALUES('1017', '170');
INSERT INTO `field_process` (`pages_id`, `data`) VALUES('1048', '174');
INSERT INTO `field_process` (`pages_id`, `data`) VALUES('1067', '178');
INSERT INTO `field_process` (`pages_id`, `data`) VALUES('1069', '180');
INSERT INTO `field_process` (`pages_id`, `data`) VALUES('1286', '190');

DROP TABLE IF EXISTS `field_prod_custom_variant_item`;
CREATE TABLE `field_prod_custom_variant_item` (
  `pages_id` int(10) unsigned NOT NULL,
  `data` text NOT NULL,
  `count` int(11) NOT NULL,
  `parent_id` int(11) NOT NULL,
  PRIMARY KEY (`pages_id`),
  KEY `data_exact` (`data`(1)),
  KEY `count` (`count`,`pages_id`),
  KEY `parent_id` (`parent_id`,`pages_id`),
  FULLTEXT KEY `data` (`data`)
) ENGINE=MyISAM DEFAULT CHARSET=utf8;

INSERT INTO `field_prod_custom_variant_item` (`pages_id`, `data`, `count`, `parent_id`) VALUES('1251', '1253,1254,1255,1256,1257,1258,1259,1260,1261,1262,1263,1264', '12', '1252');
INSERT INTO `field_prod_custom_variant_item` (`pages_id`, `data`, `count`, `parent_id`) VALUES('1297', '1299,1300', '2', '1298');

DROP TABLE IF EXISTS `field_prod_custom_variants`;
CREATE TABLE `field_prod_custom_variants` (
  `pages_id` int(10) unsigned NOT NULL,
  `data` text NOT NULL,
  `count` int(11) NOT NULL,
  `parent_id` int(11) NOT NULL,
  PRIMARY KEY (`pages_id`),
  KEY `data_exact` (`data`(1)),
  KEY `count` (`count`,`pages_id`),
  KEY `parent_id` (`parent_id`,`pages_id`),
  FULLTEXT KEY `data` (`data`)
) ENGINE=MyISAM DEFAULT CHARSET=utf8;

INSERT INTO `field_prod_custom_variants` (`pages_id`, `data`, `count`, `parent_id`) VALUES('1152', '1251,1297', '2', '1244');

DROP TABLE IF EXISTS `field_prod_variant_item`;
CREATE TABLE `field_prod_variant_item` (
  `pages_id` int(10) unsigned NOT NULL,
  `data` text NOT NULL,
  `count` int(11) NOT NULL,
  `parent_id` int(11) NOT NULL,
  PRIMARY KEY (`pages_id`),
  KEY `data_exact` (`data`(1)),
  KEY `count` (`count`,`pages_id`),
  KEY `parent_id` (`parent_id`,`pages_id`),
  FULLTEXT KEY `data` (`data`)
) ENGINE=MyISAM DEFAULT CHARSET=utf8;

INSERT INTO `field_prod_variant_item` (`pages_id`, `data`, `count`, `parent_id`) VALUES('1215', '1217,1218,1219', '3', '1216');
INSERT INTO `field_prod_variant_item` (`pages_id`, `data`, `count`, `parent_id`) VALUES('1200', '1202,1204,1205,1206,1207,1209', '6', '1201');
INSERT INTO `field_prod_variant_item` (`pages_id`, `data`, `count`, `parent_id`) VALUES('1210', '1212,1213,1214', '3', '1211');
INSERT INTO `field_prod_variant_item` (`pages_id`, `data`, `count`, `parent_id`) VALUES('1220', '1222', '1', '1221');
INSERT INTO `field_prod_variant_item` (`pages_id`, `data`, `count`, `parent_id`) VALUES('1223', '1225,1226', '2', '1224');

DROP TABLE IF EXISTS `field_prod_variants`;
CREATE TABLE `field_prod_variants` (
  `pages_id` int(10) unsigned NOT NULL,
  `data` text NOT NULL,
  `count` int(11) NOT NULL,
  `parent_id` int(11) NOT NULL,
  PRIMARY KEY (`pages_id`),
  KEY `data_exact` (`data`(1)),
  KEY `count` (`count`,`pages_id`),
  KEY `parent_id` (`parent_id`,`pages_id`),
  FULLTEXT KEY `data` (`data`)
) ENGINE=MyISAM DEFAULT CHARSET=utf8;

INSERT INTO `field_prod_variants` (`pages_id`, `data`, `count`, `parent_id`) VALUES('1152', '', '0', '1153');
INSERT INTO `field_prod_variants` (`pages_id`, `data`, `count`, `parent_id`) VALUES('1158', '1200,1210', '2', '1159');
INSERT INTO `field_prod_variants` (`pages_id`, `data`, `count`, `parent_id`) VALUES('1160', '1215', '1', '1161');
INSERT INTO `field_prod_variants` (`pages_id`, `data`, `count`, `parent_id`) VALUES('1162', '1220,1223', '2', '1163');
INSERT INTO `field_prod_variants` (`pages_id`, `data`, `count`, `parent_id`) VALUES('1164', '', '0', '1165');
INSERT INTO `field_prod_variants` (`pages_id`, `data`, `count`, `parent_id`) VALUES('1166', '', '0', '1167');
INSERT INTO `field_prod_variants` (`pages_id`, `data`, `count`, `parent_id`) VALUES('1168', '', '0', '1169');
INSERT INTO `field_prod_variants` (`pages_id`, `data`, `count`, `parent_id`) VALUES('1170', '', '0', '1171');
INSERT INTO `field_prod_variants` (`pages_id`, `data`, `count`, `parent_id`) VALUES('1182', '', '0', '1183');
INSERT INTO `field_prod_variants` (`pages_id`, `data`, `count`, `parent_id`) VALUES('1184', '', '0', '1185');
INSERT INTO `field_prod_variants` (`pages_id`, `data`, `count`, `parent_id`) VALUES('1186', '', '0', '1187');
INSERT INTO `field_prod_variants` (`pages_id`, `data`, `count`, `parent_id`) VALUES('1188', '', '0', '1189');

DROP TABLE IF EXISTS `field_product_images`;
CREATE TABLE `field_product_images` (
  `pages_id` int(10) unsigned NOT NULL,
  `data` varchar(250) NOT NULL,
  `sort` int(10) unsigned NOT NULL,
  `description` text NOT NULL,
  `modified` datetime DEFAULT NULL,
  `created` datetime DEFAULT NULL,
  `filedata` mediumtext,
  `filesize` int(11) DEFAULT NULL,
  `created_users_id` int(10) unsigned NOT NULL DEFAULT '0',
  `modified_users_id` int(10) unsigned NOT NULL DEFAULT '0',
  `width` int(11) DEFAULT NULL,
  `height` int(11) DEFAULT NULL,
  `ratio` decimal(4,2) DEFAULT NULL,
  PRIMARY KEY (`pages_id`,`sort`),
  KEY `data` (`data`),
  KEY `modified` (`modified`),
  KEY `created` (`created`),
  KEY `filesize` (`filesize`),
  KEY `width` (`width`),
  KEY `height` (`height`),
  KEY `ratio` (`ratio`),
  FULLTEXT KEY `description` (`description`),
  FULLTEXT KEY `filedata` (`filedata`)
) ENGINE=MyISAM DEFAULT CHARSET=utf8;

INSERT INTO `field_product_images` (`pages_id`, `data`, `sort`, `description`, `modified`, `created`, `filedata`, `filesize`, `created_users_id`, `modified_users_id`, `width`, `height`, `ratio`) VALUES('1164', 'top_skully_red_3020.jpg', '1', '[\"\"]', '2021-03-07 13:44:09', '2021-03-07 13:44:09', '', '1270870', '41', '41', '2894', '9094', '0.32');
INSERT INTO `field_product_images` (`pages_id`, `data`, `sort`, `description`, `modified`, `created`, `filedata`, `filesize`, `created_users_id`, `modified_users_id`, `width`, `height`, `ratio`) VALUES('1160', 'lady_bot_01-pink_4010.jpg', '1', '[\"\"]', '2021-03-07 13:35:11', '2021-03-07 13:35:11', '', '1446432', '41', '41', '2835', '9331', '0.30');
INSERT INTO `field_product_images` (`pages_id`, `data`, `sort`, `description`, `modified`, `created`, `filedata`, `filesize`, `created_users_id`, `modified_users_id`, `width`, `height`, `ratio`) VALUES('1162', 'twintip-front-standard-450x600-min.png', '0', '[\"\"]', '2021-03-07 12:30:13', '2021-03-07 12:30:13', '', '57363', '41', '41', '450', '600', '0.75');
INSERT INTO `field_product_images` (`pages_id`, `data`, `sort`, `description`, `modified`, `created`, `filedata`, `filesize`, `created_users_id`, `modified_users_id`, `width`, `height`, `ratio`) VALUES('1166', 'explorer_bottom.jpg', '1', '[\"\"]', '2021-03-07 13:43:48', '2021-03-07 13:43:48', '', '67672', '41', '41', '313', '1024', '0.31');
INSERT INTO `field_product_images` (`pages_id`, `data`, `sort`, `description`, `modified`, `created`, `filedata`, `filesize`, `created_users_id`, `modified_users_id`, `width`, `height`, `ratio`) VALUES('1168', 'twintip-front-standard-450x600-min.png', '0', '[\"\"]', '2021-03-07 12:32:17', '2021-03-07 12:32:17', '', '57363', '41', '41', '450', '600', '0.75');
INSERT INTO `field_product_images` (`pages_id`, `data`, `sort`, `description`, `modified`, `created`, `filedata`, `filesize`, `created_users_id`, `modified_users_id`, `width`, `height`, `ratio`) VALUES('1170', 'twintip-front-standard-450x600-min.png', '0', '[\"\"]', '2021-03-07 12:32:49', '2021-03-07 12:32:49', '', '57363', '41', '41', '450', '600', '0.75');
INSERT INTO `field_product_images` (`pages_id`, `data`, `sort`, `description`, `modified`, `created`, `filedata`, `filesize`, `created_users_id`, `modified_users_id`, `width`, `height`, `ratio`) VALUES('1182', 'twintip-front-standard-450x600-min.png', '0', '[\"\"]', '2021-03-07 12:37:45', '2021-03-07 12:37:45', '', '57363', '41', '41', '450', '600', '0.75');
INSERT INTO `field_product_images` (`pages_id`, `data`, `sort`, `description`, `modified`, `created`, `filedata`, `filesize`, `created_users_id`, `modified_users_id`, `width`, `height`, `ratio`) VALUES('1186', 'twintip-front-standard-450x600-min.png', '0', '[\"\"]', '2021-03-07 12:39:03', '2021-03-07 12:39:03', '', '57363', '41', '41', '450', '600', '0.75');
INSERT INTO `field_product_images` (`pages_id`, `data`, `sort`, `description`, `modified`, `created`, `filedata`, `filesize`, `created_users_id`, `modified_users_id`, `width`, `height`, `ratio`) VALUES('1164', 'skully_white_orange.jpg', '0', '[\"\"]', '2021-03-07 13:44:09', '2021-03-07 13:44:09', '', '1296430', '41', '41', '2894', '9094', '0.32');
INSERT INTO `field_product_images` (`pages_id`, `data`, `sort`, `description`, `modified`, `created`, `filedata`, `filesize`, `created_users_id`, `modified_users_id`, `width`, `height`, `ratio`) VALUES('1158', 'standart_bot_01-white_9003.jpg', '1', '[\"\"]', '2021-03-07 13:22:20', '2021-03-07 13:22:20', '', '1481015', '41', '41', '2835', '9331', '0.30');
INSERT INTO `field_product_images` (`pages_id`, `data`, `sort`, `description`, `modified`, `created`, `filedata`, `filesize`, `created_users_id`, `modified_users_id`, `width`, `height`, `ratio`) VALUES('1158', 'standart_top_01-white_9003.jpg', '0', '[\"\"]', '2021-03-07 13:22:20', '2021-03-07 13:22:20', '', '1156518', '41', '41', '2835', '9331', '0.30');
INSERT INTO `field_product_images` (`pages_id`, `data`, `sort`, `description`, `modified`, `created`, `filedata`, `filesize`, `created_users_id`, `modified_users_id`, `width`, `height`, `ratio`) VALUES('1160', 'lady_top_01-pink_4010.jpg', '0', '[\"\"]', '2021-03-07 13:35:11', '2021-03-07 13:35:11', '', '1142278', '41', '41', '2835', '9331', '0.30');
INSERT INTO `field_product_images` (`pages_id`, `data`, `sort`, `description`, `modified`, `created`, `filedata`, `filesize`, `created_users_id`, `modified_users_id`, `width`, `height`, `ratio`) VALUES('1166', 'explorer_top.jpg', '0', '[\"\"]', '2021-03-07 13:43:48', '2021-03-07 13:43:48', '', '70805', '41', '41', '313', '1024', '0.31');

DROP TABLE IF EXISTS `field_repeater_why`;
CREATE TABLE `field_repeater_why` (
  `pages_id` int(10) unsigned NOT NULL,
  `data` text NOT NULL,
  `count` int(11) NOT NULL,
  `parent_id` int(11) NOT NULL,
  PRIMARY KEY (`pages_id`),
  KEY `data_exact` (`data`(1)),
  KEY `count` (`count`,`pages_id`),
  KEY `parent_id` (`parent_id`,`pages_id`),
  FULLTEXT KEY `data` (`data`)
) ENGINE=MyISAM DEFAULT CHARSET=utf8;

INSERT INTO `field_repeater_why` (`pages_id`, `data`, `count`, `parent_id`) VALUES('1', '1039,1040,1041,1042', '4', '1034');

DROP TABLE IF EXISTS `field_roles`;
CREATE TABLE `field_roles` (
  `pages_id` int(10) unsigned NOT NULL,
  `data` int(11) NOT NULL,
  `sort` int(10) unsigned NOT NULL,
  PRIMARY KEY (`pages_id`,`sort`),
  KEY `data` (`data`,`pages_id`,`sort`)
) ENGINE=MyISAM DEFAULT CHARSET=utf8;

INSERT INTO `field_roles` (`pages_id`, `data`, `sort`) VALUES('40', '37', '0');
INSERT INTO `field_roles` (`pages_id`, `data`, `sort`) VALUES('41', '37', '0');
INSERT INTO `field_roles` (`pages_id`, `data`, `sort`) VALUES('1281', '37', '0');
INSERT INTO `field_roles` (`pages_id`, `data`, `sort`) VALUES('41', '38', '2');
INSERT INTO `field_roles` (`pages_id`, `data`, `sort`) VALUES('1281', '38', '1');

DROP TABLE IF EXISTS `field_shop_coverimage`;
CREATE TABLE `field_shop_coverimage` (
  `pages_id` int(10) unsigned NOT NULL,
  `data` varchar(250) NOT NULL,
  `sort` int(10) unsigned NOT NULL,
  `description` text NOT NULL,
  `modified` datetime DEFAULT NULL,
  `created` datetime DEFAULT NULL,
  `filedata` mediumtext,
  `filesize` int(11) DEFAULT NULL,
  `created_users_id` int(10) unsigned NOT NULL DEFAULT '0',
  `modified_users_id` int(10) unsigned NOT NULL DEFAULT '0',
  `width` int(11) DEFAULT NULL,
  `height` int(11) DEFAULT NULL,
  `ratio` decimal(4,2) DEFAULT NULL,
  PRIMARY KEY (`pages_id`,`sort`),
  KEY `data` (`data`),
  KEY `modified` (`modified`),
  KEY `created` (`created`),
  KEY `filesize` (`filesize`),
  KEY `width` (`width`),
  KEY `height` (`height`),
  KEY `ratio` (`ratio`),
  FULLTEXT KEY `description` (`description`),
  FULLTEXT KEY `filedata` (`filedata`)
) ENGINE=MyISAM DEFAULT CHARSET=utf8;


DROP TABLE IF EXISTS `field_simple_textblocks`;
CREATE TABLE `field_simple_textblocks` (
  `pages_id` int(10) unsigned NOT NULL,
  `data` text NOT NULL,
  `count` int(11) NOT NULL,
  `parent_id` int(11) NOT NULL,
  PRIMARY KEY (`pages_id`),
  KEY `data_exact` (`data`(1)),
  KEY `count` (`count`,`pages_id`),
  KEY `parent_id` (`parent_id`,`pages_id`),
  FULLTEXT KEY `data` (`data`)
) ENGINE=MyISAM DEFAULT CHARSET=utf8;

INSERT INTO `field_simple_textblocks` (`pages_id`, `data`, `count`, `parent_id`) VALUES('1', '1035,1036,1037,1038,1114', '5', '1032');

DROP TABLE IF EXISTS `field_subheadline`;
CREATE TABLE `field_subheadline` (
  `pages_id` int(10) unsigned NOT NULL,
  `data` text NOT NULL,
  `data1012` text,
  PRIMARY KEY (`pages_id`),
  KEY `data_exact` (`data`(250)),
  KEY `data_exact1012` (`data1012`(250)),
  FULLTEXT KEY `data` (`data`),
  FULLTEXT KEY `data1012` (`data1012`)
) ENGINE=MyISAM DEFAULT CHARSET=utf8;


DROP TABLE IF EXISTS `field_summary`;
CREATE TABLE `field_summary` (
  `pages_id` int(10) unsigned NOT NULL,
  `data` mediumtext NOT NULL,
  `data1012` mediumtext,
  PRIMARY KEY (`pages_id`),
  KEY `data_exact` (`data`(250)),
  FULLTEXT KEY `data` (`data`),
  FULLTEXT KEY `data1012` (`data1012`)
) ENGINE=MyISAM DEFAULT CHARSET=utf8;

INSERT INTO `field_summary` (`pages_id`, `data`, `data1012`) VALUES('1002', 'Dolore ea valde refero feugait utinam luctus. Probo velit commoveo et, delenit praesent, suscipit zelus, hendrerit zelus illum facilisi, regula. ', '');
INSERT INTO `field_summary` (`pages_id`, `data`, `data1012`) VALUES('1001', 'This is a placeholder page with two child pages to serve as an example. ', 'Dies ist eine Beispiel-Seite mit zwei Unterseiten.');
INSERT INTO `field_summary` (`pages_id`, `data`, `data1012`) VALUES('1005', 'View this template\'s source for a demonstration of how to create a basic site map. ', 'Schauen Sie sich den Quell-Code dieser Musterseite an, um zu sehen, wie man einfache Sitemaps erstellt.');
INSERT INTO `field_summary` (`pages_id`, `data`, `data1012`) VALUES('1004', 'Mos erat reprobo in praesent, mara premo, obruo iustum pecus velit lobortis te sagaciter populus.', '');
INSERT INTO `field_summary` (`pages_id`, `data`, `data1012`) VALUES('1', 'We are a small manufacturer located at the popular kite spot Workum in the Netherlands, who have set ourselves the goal to \"forge\" the ultimate board. Years of honing our craft, combined with a real passion for perfection, ensures every board is made to the highest possible standard.', 'ProcessWire ist ein Open-Source-CMS und Web-Applikations-Framework, das sich ganz den Anforderungen von Designern, Entwicklern und deren Kunden anpaßt.');
INSERT INTO `field_summary` (`pages_id`, `data`, `data1012`) VALUES('1024', '', '');
INSERT INTO `field_summary` (`pages_id`, `data`, `data1012`) VALUES('1025', '', '');
INSERT INTO `field_summary` (`pages_id`, `data`, `data1012`) VALUES('1026', '', '');
INSERT INTO `field_summary` (`pages_id`, `data`, `data1012`) VALUES('1116', '', '');
INSERT INTO `field_summary` (`pages_id`, `data`, `data1012`) VALUES('1190', '', '');

DROP TABLE IF EXISTS `field_teaer_image`;
CREATE TABLE `field_teaer_image` (
  `pages_id` int(10) unsigned NOT NULL,
  `data` varchar(250) NOT NULL,
  `sort` int(10) unsigned NOT NULL,
  `description` text NOT NULL,
  `modified` datetime DEFAULT NULL,
  `created` datetime DEFAULT NULL,
  `filedata` mediumtext,
  `filesize` int(11) DEFAULT NULL,
  `created_users_id` int(10) unsigned NOT NULL DEFAULT '0',
  `modified_users_id` int(10) unsigned NOT NULL DEFAULT '0',
  `width` int(11) DEFAULT NULL,
  `height` int(11) DEFAULT NULL,
  `ratio` decimal(4,2) DEFAULT NULL,
  PRIMARY KEY (`pages_id`,`sort`),
  KEY `data` (`data`),
  KEY `modified` (`modified`),
  KEY `created` (`created`),
  KEY `filesize` (`filesize`),
  KEY `width` (`width`),
  KEY `height` (`height`),
  KEY `ratio` (`ratio`),
  FULLTEXT KEY `description` (`description`),
  FULLTEXT KEY `filedata` (`filedata`)
) ENGINE=MyISAM DEFAULT CHARSET=utf8;

INSERT INTO `field_teaer_image` (`pages_id`, `data`, `sort`, `description`, `modified`, `created`, `filedata`, `filesize`, `created_users_id`, `modified_users_id`, `width`, `height`, `ratio`) VALUES('1001', 'morning-1935072_1920.jpg', '0', '[\"\"]', '2020-04-20 10:19:24', '2020-04-20 10:19:24', '', NULL, '0', '0', NULL, NULL, NULL);
INSERT INTO `field_teaer_image` (`pages_id`, `data`, `sort`, `description`, `modified`, `created`, `filedata`, `filesize`, `created_users_id`, `modified_users_id`, `width`, `height`, `ratio`) VALUES('1154', '328555c1-39ef-498f-9886-97ba531f1c92.jpg', '0', '[\"\"]', '2021-03-07 13:49:22', '2021-03-07 13:49:22', '', '151386', '41', '41', '1600', '900', '1.78');
INSERT INTO `field_teaer_image` (`pages_id`, `data`, `sort`, `description`, `modified`, `created`, `filedata`, `filesize`, `created_users_id`, `modified_users_id`, `width`, `height`, `ratio`) VALUES('1', 'img_8966.jpg', '0', '[\"\"]', '2021-03-09 10:53:20', '2021-03-09 10:53:19', '', '1117799', '1281', '1281', '3008', '2000', '1.50');

DROP TABLE IF EXISTS `field_teaser_headline`;
CREATE TABLE `field_teaser_headline` (
  `pages_id` int(10) unsigned NOT NULL,
  `data` text NOT NULL,
  `data1012` text,
  PRIMARY KEY (`pages_id`),
  KEY `data_exact` (`data`(250)),
  KEY `data_exact1012` (`data1012`(250)),
  FULLTEXT KEY `data` (`data`),
  FULLTEXT KEY `data1012` (`data1012`)
) ENGINE=MyISAM DEFAULT CHARSET=utf8;

INSERT INTO `field_teaser_headline` (`pages_id`, `data`, `data1012`) VALUES('1', 'our Manufactury', '');
INSERT INTO `field_teaser_headline` (`pages_id`, `data`, `data1012`) VALUES('1001', 'TEaser?', '');
INSERT INTO `field_teaser_headline` (`pages_id`, `data`, `data1012`) VALUES('1116', '', '');
INSERT INTO `field_teaser_headline` (`pages_id`, `data`, `data1012`) VALUES('1190', '', '');
INSERT INTO `field_teaser_headline` (`pages_id`, `data`, `data1012`) VALUES('1192', '', '');
INSERT INTO `field_teaser_headline` (`pages_id`, `data`, `data1012`) VALUES('1154', 'Get your custom board now!', '');

DROP TABLE IF EXISTS `field_teaser_link`;
CREATE TABLE `field_teaser_link` (
  `pages_id` int(10) unsigned NOT NULL,
  `data` text NOT NULL,
  PRIMARY KEY (`pages_id`),
  KEY `data_exact` (`data`(250)),
  FULLTEXT KEY `data` (`data`)
) ENGINE=MyISAM DEFAULT CHARSET=utf8;

INSERT INTO `field_teaser_link` (`pages_id`, `data`) VALUES('1', '/about/manufactory/');
INSERT INTO `field_teaser_link` (`pages_id`, `data`) VALUES('1154', '/custom');
INSERT INTO `field_teaser_link` (`pages_id`, `data`) VALUES('1229', '/twintips');
INSERT INTO `field_teaser_link` (`pages_id`, `data`) VALUES('1231', '/about/manufactory/');

DROP TABLE IF EXISTS `field_teaser_linktext`;
CREATE TABLE `field_teaser_linktext` (
  `pages_id` int(10) unsigned NOT NULL,
  `data` text NOT NULL,
  `data1012` text,
  PRIMARY KEY (`pages_id`),
  KEY `data_exact` (`data`(250)),
  KEY `data_exact1012` (`data1012`(250)),
  FULLTEXT KEY `data` (`data`),
  FULLTEXT KEY `data1012` (`data1012`)
) ENGINE=MyISAM DEFAULT CHARSET=utf8;

INSERT INTO `field_teaser_linktext` (`pages_id`, `data`, `data1012`) VALUES('1', 'check it out', '');
INSERT INTO `field_teaser_linktext` (`pages_id`, `data`, `data1012`) VALUES('1116', '', '');
INSERT INTO `field_teaser_linktext` (`pages_id`, `data`, `data1012`) VALUES('1190', '', '');
INSERT INTO `field_teaser_linktext` (`pages_id`, `data`, `data1012`) VALUES('1192', '', '');
INSERT INTO `field_teaser_linktext` (`pages_id`, `data`, `data1012`) VALUES('1154', 'GET IT NOW!', '');
INSERT INTO `field_teaser_linktext` (`pages_id`, `data`, `data1012`) VALUES('1229', 'GET A TWINTIP...', '');
INSERT INTO `field_teaser_linktext` (`pages_id`, `data`, `data1012`) VALUES('1230', '', '');
INSERT INTO `field_teaser_linktext` (`pages_id`, `data`, `data1012`) VALUES('1231', 'Read more...', '');

DROP TABLE IF EXISTS `field_teaser_text`;
CREATE TABLE `field_teaser_text` (
  `pages_id` int(10) unsigned NOT NULL,
  `data` mediumtext NOT NULL,
  `data1012` mediumtext,
  PRIMARY KEY (`pages_id`),
  KEY `data_exact` (`data`(250)),
  FULLTEXT KEY `data` (`data`),
  FULLTEXT KEY `data1012` (`data1012`)
) ENGINE=MyISAM DEFAULT CHARSET=utf8;

INSERT INTO `field_teaser_text` (`pages_id`, `data`, `data1012`) VALUES('1', '3D Design-Grafikdesign-Digital Print-CNC Milling-Production\nall happens in our Manufactury', '');
INSERT INTO `field_teaser_text` (`pages_id`, `data`, `data1012`) VALUES('1190', '', '');
INSERT INTO `field_teaser_text` (`pages_id`, `data`, `data1012`) VALUES('1192', '', '');
INSERT INTO `field_teaser_text` (`pages_id`, `data`, `data1012`) VALUES('1001', 'Lorem ipsum dolor sit amet, consectetuer adipiscing elit. Aenean commodo ligula eget dolor. Aenean massa. Cum sociis natoque penatibus et magnis dis parturient montes, nascetur ridiculus mus. Donec quam felis, ultricies nec, pellentesque eu, pretium quis, sem. Nulla consequat massa quis enim. Donec pede justo, fringilla vel, aliquet nec, vulputate eget, arcu. In enim justo, rhoncus ut, imperdiet a, venenatis vitae, justo. Nullam dictum felis eu pede mollis pretium. Integer tincidunt. Cras dapibus. Vivamus elementum semper nisi. Aenean vulputate eleifend tellus. Aenean leo ligula, porttitor eu, consequat vitae, eleifend ac, enim. Aliquam lorem', '');
INSERT INTO `field_teaser_text` (`pages_id`, `data`, `data1012`) VALUES('1116', '', '');

DROP TABLE IF EXISTS `field_text_fields`;
CREATE TABLE `field_text_fields` (
  `pages_id` int(10) unsigned NOT NULL,
  `data` text NOT NULL,
  `count` int(11) NOT NULL,
  `parent_id` int(11) NOT NULL,
  PRIMARY KEY (`pages_id`),
  KEY `data_exact` (`data`(1)),
  KEY `count` (`count`,`pages_id`),
  KEY `parent_id` (`parent_id`,`pages_id`),
  FULLTEXT KEY `data` (`data`)
) ENGINE=MyISAM DEFAULT CHARSET=utf8;

INSERT INTO `field_text_fields` (`pages_id`, `data`, `count`, `parent_id`) VALUES('1001', '1045,1046', '2', '1044');
INSERT INTO `field_text_fields` (`pages_id`, `data`, `count`, `parent_id`) VALUES('1116', '', '0', '1117');
INSERT INTO `field_text_fields` (`pages_id`, `data`, `count`, `parent_id`) VALUES('1024', '1120,1121', '2', '1119');
INSERT INTO `field_text_fields` (`pages_id`, `data`, `count`, `parent_id`) VALUES('1190', '', '0', '1191');
INSERT INTO `field_text_fields` (`pages_id`, `data`, `count`, `parent_id`) VALUES('1154', '1195,1196', '2', '1194');

DROP TABLE IF EXISTS `field_textblock`;
CREATE TABLE `field_textblock` (
  `pages_id` int(10) unsigned NOT NULL,
  `data` mediumtext NOT NULL,
  `data1012` mediumtext,
  PRIMARY KEY (`pages_id`),
  KEY `data_exact` (`data`(250)),
  FULLTEXT KEY `data` (`data`),
  FULLTEXT KEY `data1012` (`data1012`)
) ENGINE=MyISAM DEFAULT CHARSET=utf8;

INSERT INTO `field_textblock` (`pages_id`, `data`, `data1012`) VALUES('1030', '', '');
INSERT INTO `field_textblock` (`pages_id`, `data`, `data1012`) VALUES('1035', '<p>From small series to custom made, we will be happy to shape the kitesurf board of your choice that fits your needs.</p>', '');
INSERT INTO `field_textblock` (`pages_id`, `data`, `data1012`) VALUES('1036', 'We are a small team of craftsmen, with a lot of love for the sport and passion for our work.', '');
INSERT INTO `field_textblock` (`pages_id`, `data`, `data1012`) VALUES('1037', 'We are located together with surfshop Core ‘n More, close to the beautiful kite spot Workum in the Netherlands.', '');
INSERT INTO `field_textblock` (`pages_id`, `data`, `data1012`) VALUES('1038', '<p>Looking for a custom-made board that fits your needs, than come for expertise and personal advice to our shop, located at surfshop “Core ‘n More” in Workum, the Netherlands.</p>', '');
INSERT INTO `field_textblock` (`pages_id`, `data`, `data1012`) VALUES('1039', '<p>Nicht weniger als ein perfekt funktionierendes Board ist unser stetiges streben, glücklich, zufriedene und überzeugte Kunden unser Antrieb.</p>', '<p>Nicht weniger als ein perfekt funktionierendes Board ist unser stetiges streben, glücklich, zufriedene und überzeugte Kunden unser Antrieb.</p>');
INSERT INTO `field_textblock` (`pages_id`, `data`, `data1012`) VALUES('1040', '<p>In all unseren Boards steckt die Leidenschaft für unseren Sport was unsere Kunden zu schätzen wissen und spüren nach den ersten Metern</p>', '<p>In all unseren Boards steckt die Leidenschaft für unseren Sport was unsere Kunden zu schätzen wissen und spüren nach den ersten Metern</p>');
INSERT INTO `field_textblock` (`pages_id`, `data`, `data1012`) VALUES('1041', '<p>Du hast eine Idee, oder Änderungswünsche wir setzen sie Dir diese gerne in die Tat um, sprich und einfach darauf an.</p>', '<p>Du hast eine Idee, oder Änderungswünsche wir setzen sie Dir diese gerne in die Tat um, sprich und einfach darauf an.</p>');
INSERT INTO `field_textblock` (`pages_id`, `data`, `data1012`) VALUES('1042', '<p>Von der Idee über den Entwurf, zum Prototypenbau, Werkzeuge, und custom sowie Serienboards das alles gescheit in unserer Werksatt in Workum am Ijsselmeer 400 Meter vom Spot entfernt wo Du jederzeit einen Blick hinter die Kulissen werfen darfst wie Dein Board.</p>', '<p>Von der Idee über den Entwurf, zum Prototypenbau, Werkzeuge, und custom sowie Serienboards das alles gescheit in unserer Werksatt in Workum am Ijsselmeer 400 Meter vom Spot entfernt wo Du jederzeit einen Blick hinter die Kulissen werfen darfst wie Dein Board.</p>');
INSERT INTO `field_textblock` (`pages_id`, `data`, `data1012`) VALUES('1045', 'Lorem ipsum dolor sit amet, consectetuer adipiscing elit. Aenean commodo ligula eget dolor. Aenean massa. Cum sociis natoque penatibus et magnis dis parturient montes, nascetur ridiculus mus. Donec quam felis, ultricies nec, pellentesque eu, pretium quis, sem. Nulla consequat massa quis enim. Donec pede justo, fringilla vel, aliquet nec, vulputate eget, arcu. In enim justo, rhoncus ut, imperdiet a, venenatis vitae, justo. Nullam dictum felis eu pede mollis pretium. Integer tincidunt. Cras dapibus. Vivamus elementum semper nisi. Aenean vulputate eleifend tellus. Aenean leo ligula, porttitor eu, consequat vitae, eleifend ac, enim. Aliquam lorem', '');
INSERT INTO `field_textblock` (`pages_id`, `data`, `data1012`) VALUES('1046', 'Lorem ipsum dolor sit amet, consectetuer adipiscing elit. Aenean commodo ligula eget dolor. Aenean massa. Cum sociis natoque penatibus et magnis dis parturient montes, nascetur ridiculus mus. Donec quam felis, ultricies nec, pellentesque eu, pretium quis, sem. Nulla consequat massa quis enim. Donec pede justo, fringilla vel, aliquet nec, vulputate eget, arcu. In enim justo, rhoncus ut, imperdiet a, venenatis vitae, justo. Nullam dictum felis eu pede mollis pretium. Integer tincidunt. Cras dapibus. Vivamus elementum semper nisi. Aenean vulputate eleifend tellus. Aenean leo ligula, porttitor eu, consequat vitae, eleifend ac, enim. Aliquam lorem \n\nLorem ipsum dolor sit amet, consectetuer adipiscing elit. Aenean commodo ligula eget dolor. Aenean massa. Cum sociis natoque penatibus et magnis dis parturient montes, nascetur ridiculus mus. Donec quam felis, ultricies nec, pellentesque eu, pretium quis, sem. Nulla consequat massa quis enim. Donec pede justo, fringilla vel, aliquet nec, vulputate eget, arcu. In enim justo, rhoncus ut, imperdiet a, venenatis vitae, justo. Nullam dictum felis eu pede mollis pretium. Integer tincidunt. Cras dapibus. Vivamus elementum semper nisi. Aenean vulputate eleifend tellus. Aenean leo ligula, porttitor eu, consequat vitae, eleifend ac, enim. Aliquam lorem', '');
INSERT INTO `field_textblock` (`pages_id`, `data`, `data1012`) VALUES('1047', '', '');
INSERT INTO `field_textblock` (`pages_id`, `data`, `data1012`) VALUES('1114', 'Don’t ask, try!\nYou’re welcome to come visit us and see for yourself...\nBecause in the end, we will let our boards do the talking!', '');
INSERT INTO `field_textblock` (`pages_id`, `data`, `data1012`) VALUES('1120', '<p><em>Shaper Boardschmiede, Teamrider</em></p>\n\n<p>Nationalitity: German, living in the Netherlands for the last 6 years.<br />\nBorn: 1990<br />\nLanguages: German, Dutch, English<br />\nSports: Kitesurfing, SUP, Mountainbiking, Crossfit<br />\nFavorite Boards: 135x40 Freeride Twintip, Wave-Skim, Surfboard Beaver<br />\nFavorite Kites: Duotone Rebel 13, Duotone Neo 7m for wave<br />\nKiting Style: I love to switch between Oldschool/Airstyle and skim<br />\nFavorite Trick: Board offs<br />\nShaping Kiteboards since: 2017<br />\nMain Responsibilities: Manufactur Twintip Serie, Dutch customer service</p>', '');
INSERT INTO `field_textblock` (`pages_id`, `data`, `data1012`) VALUES('1121', '<p><em>Owner Boardschmiede, head shaper</em></p>\n\n<p>Nationality: German<br />\nBorn: 1977<br />\nLanguages: German, English and very little Dutch<br />\nSports: Kitesurfing, windsurfing, fitness<br />\nFavorite Boards: I love all our boards<br />\nFavorite Kites: Duotone Rebel,Duotone Neo<br />\nKiting Style: Oldsschool/airstyle, strapless, wave<br />\nFavorite Trick: Rodeo<br />\nShaping since: 2012<br />\nMainjob before: Since 1999 composite specialist</p>', '');
INSERT INTO `field_textblock` (`pages_id`, `data`, `data1012`) VALUES('1195', '<h2>Waveboards</h2>\n\n<h3>In utinam facilisi eum vicis feugait nimis</h3>\n\n<p>Iusto incassum appellatio cui macto genitus vel. Lobortis aliquam luctus, roto enim, imputo wisi tamen. Ratis odio, genitus acsi, neo illum consequat consectetuer ut</p>', '');
INSERT INTO `field_textblock` (`pages_id`, `data`, `data1012`) VALUES('1196', '<p>Iusto incassum appellatio cui macto genitus vel. Lobortis aliquam luctus, roto enim, imputo wisi tamen. Ratis odio, genitus acsi, neo illum consequat consectetuer ut</p>', '');

DROP TABLE IF EXISTS `field_title`;
CREATE TABLE `field_title` (
  `pages_id` int(10) unsigned NOT NULL,
  `data` text NOT NULL,
  `data1012` text,
  PRIMARY KEY (`pages_id`),
  KEY `data_exact` (`data`(250)),
  KEY `data_exact1012` (`data1012`(250)),
  FULLTEXT KEY `data` (`data`),
  FULLTEXT KEY `data1012` (`data1012`)
) ENGINE=MyISAM DEFAULT CHARSET=utf8;

INSERT INTO `field_title` (`pages_id`, `data`, `data1012`) VALUES('11', 'Templates', '');
INSERT INTO `field_title` (`pages_id`, `data`, `data1012`) VALUES('16', 'Fields', '');
INSERT INTO `field_title` (`pages_id`, `data`, `data1012`) VALUES('22', 'Setup', '');
INSERT INTO `field_title` (`pages_id`, `data`, `data1012`) VALUES('3', 'Pages', '');
INSERT INTO `field_title` (`pages_id`, `data`, `data1012`) VALUES('6', 'Add Page', '');
INSERT INTO `field_title` (`pages_id`, `data`, `data1012`) VALUES('8', 'Tree', '');
INSERT INTO `field_title` (`pages_id`, `data`, `data1012`) VALUES('9', 'Save Sort', '');
INSERT INTO `field_title` (`pages_id`, `data`, `data1012`) VALUES('10', 'Edit', '');
INSERT INTO `field_title` (`pages_id`, `data`, `data1012`) VALUES('21', 'Modules', '');
INSERT INTO `field_title` (`pages_id`, `data`, `data1012`) VALUES('29', 'Users', '');
INSERT INTO `field_title` (`pages_id`, `data`, `data1012`) VALUES('30', 'Roles', '');
INSERT INTO `field_title` (`pages_id`, `data`, `data1012`) VALUES('2', 'Admin', '');
INSERT INTO `field_title` (`pages_id`, `data`, `data1012`) VALUES('7', 'Trash', '');
INSERT INTO `field_title` (`pages_id`, `data`, `data1012`) VALUES('27', '404 Page', '404 Seite');
INSERT INTO `field_title` (`pages_id`, `data`, `data1012`) VALUES('302', 'Insert Link', '');
INSERT INTO `field_title` (`pages_id`, `data`, `data1012`) VALUES('23', 'Login', '');
INSERT INTO `field_title` (`pages_id`, `data`, `data1012`) VALUES('304', 'Profile', '');
INSERT INTO `field_title` (`pages_id`, `data`, `data1012`) VALUES('301', 'Empty Trash', '');
INSERT INTO `field_title` (`pages_id`, `data`, `data1012`) VALUES('300', 'Search', '');
INSERT INTO `field_title` (`pages_id`, `data`, `data1012`) VALUES('303', 'Insert Image', '');
INSERT INTO `field_title` (`pages_id`, `data`, `data1012`) VALUES('28', 'Access', '');
INSERT INTO `field_title` (`pages_id`, `data`, `data1012`) VALUES('31', 'Permissions', '');
INSERT INTO `field_title` (`pages_id`, `data`, `data1012`) VALUES('32', 'Edit pages', '');
INSERT INTO `field_title` (`pages_id`, `data`, `data1012`) VALUES('34', 'Delete pages', '');
INSERT INTO `field_title` (`pages_id`, `data`, `data1012`) VALUES('35', 'Move pages (change parent)', '');
INSERT INTO `field_title` (`pages_id`, `data`, `data1012`) VALUES('36', 'View pages', '');
INSERT INTO `field_title` (`pages_id`, `data`, `data1012`) VALUES('50', 'Sort child pages', '');
INSERT INTO `field_title` (`pages_id`, `data`, `data1012`) VALUES('51', 'Change templates on pages', '');
INSERT INTO `field_title` (`pages_id`, `data`, `data1012`) VALUES('52', 'Administer users', '');
INSERT INTO `field_title` (`pages_id`, `data`, `data1012`) VALUES('53', 'User can update profile/password', '');
INSERT INTO `field_title` (`pages_id`, `data`, `data1012`) VALUES('54', 'Lock or unlock a page', '');
INSERT INTO `field_title` (`pages_id`, `data`, `data1012`) VALUES('1', 'Home', 'Startseite');
INSERT INTO `field_title` (`pages_id`, `data`, `data1012`) VALUES('1001', 'About', 'Über');
INSERT INTO `field_title` (`pages_id`, `data`, `data1012`) VALUES('1002', 'Manufactory', 'Manufaktur');
INSERT INTO `field_title` (`pages_id`, `data`, `data1012`) VALUES('1000', 'Search', 'Suche');
INSERT INTO `field_title` (`pages_id`, `data`, `data1012`) VALUES('1004', 'History', 'Geschichte');
INSERT INTO `field_title` (`pages_id`, `data`, `data1012`) VALUES('1005', 'Site Map', 'Sitemap');
INSERT INTO `field_title` (`pages_id`, `data`, `data1012`) VALUES('1006', 'Use Page Lister', '');
INSERT INTO `field_title` (`pages_id`, `data`, `data1012`) VALUES('1007', 'Find', '');
INSERT INTO `field_title` (`pages_id`, `data`, `data1012`) VALUES('1009', 'Languages', '');
INSERT INTO `field_title` (`pages_id`, `data`, `data1012`) VALUES('1010', 'EN', 'EN');
INSERT INTO `field_title` (`pages_id`, `data`, `data1012`) VALUES('1011', 'Language Translator', '');
INSERT INTO `field_title` (`pages_id`, `data`, `data1012`) VALUES('1012', 'GER', 'DE');
INSERT INTO `field_title` (`pages_id`, `data`, `data1012`) VALUES('1015', 'Recent', '');
INSERT INTO `field_title` (`pages_id`, `data`, `data1012`) VALUES('1016', 'Can see recently edited pages', '');
INSERT INTO `field_title` (`pages_id`, `data`, `data1012`) VALUES('1017', 'Logs', '');
INSERT INTO `field_title` (`pages_id`, `data`, `data1012`) VALUES('1018', 'Can view system logs', '');
INSERT INTO `field_title` (`pages_id`, `data`, `data1012`) VALUES('1019', 'Can manage system logs', '');
INSERT INTO `field_title` (`pages_id`, `data`, `data1012`) VALUES('1294', 'order_20210311-2', '');
INSERT INTO `field_title` (`pages_id`, `data`, `data1012`) VALUES('1292', 'order_20210311-0', '');
INSERT INTO `field_title` (`pages_id`, `data`, `data1012`) VALUES('1024', 'Team', '');
INSERT INTO `field_title` (`pages_id`, `data`, `data1012`) VALUES('1025', 'Blog', '');
INSERT INTO `field_title` (`pages_id`, `data`, `data1012`) VALUES('1026', 'Contact', '');
INSERT INTO `field_title` (`pages_id`, `data`, `data1012`) VALUES('1027', 'Repeaters', '');
INSERT INTO `field_title` (`pages_id`, `data`, `data1012`) VALUES('1028', 'text_fields', '');
INSERT INTO `field_title` (`pages_id`, `data`, `data1012`) VALUES('1029', 'en', '');
INSERT INTO `field_title` (`pages_id`, `data`, `data1012`) VALUES('1031', 'simple_textblocks', '');
INSERT INTO `field_title` (`pages_id`, `data`, `data1012`) VALUES('1032', 'en', '');
INSERT INTO `field_title` (`pages_id`, `data`, `data1012`) VALUES('1033', 'repeater_why', '');
INSERT INTO `field_title` (`pages_id`, `data`, `data1012`) VALUES('1034', 'en', '');
INSERT INTO `field_title` (`pages_id`, `data`, `data1012`) VALUES('1043', 'blog', '');
INSERT INTO `field_title` (`pages_id`, `data`, `data1012`) VALUES('1044', 'about', '');
INSERT INTO `field_title` (`pages_id`, `data`, `data1012`) VALUES('1048', 'DB Backups', '');
INSERT INTO `field_title` (`pages_id`, `data`, `data1012`) VALUES('1049', 'Manage database backups (recommended for superuser only)', '');
INSERT INTO `field_title` (`pages_id`, `data`, `data1012`) VALUES('1293', 'order_20210311-1', '');
INSERT INTO `field_title` (`pages_id`, `data`, `data1012`) VALUES('1067', 'Croppable Images 3', '');
INSERT INTO `field_title` (`pages_id`, `data`, `data1012`) VALUES('1068', 'Crop images with CroppableImage3', '');
INSERT INTO `field_title` (`pages_id`, `data`, `data1012`) VALUES('1069', 'Diagnostics', '');
INSERT INTO `field_title` (`pages_id`, `data`, `data1012`) VALUES('1295', 'order_20210311-3', '');
INSERT INTO `field_title` (`pages_id`, `data`, `data1012`) VALUES('1282', 'orders', '');
INSERT INTO `field_title` (`pages_id`, `data`, `data1012`) VALUES('1296', 'order_20210312-4', '');
INSERT INTO `field_title` (`pages_id`, `data`, `data1012`) VALUES('1297', 'Logo color', 'Logofarbe');
INSERT INTO `field_title` (`pages_id`, `data`, `data1012`) VALUES('1298', '1615540970-8676-1', '');
INSERT INTO `field_title` (`pages_id`, `data`, `data1012`) VALUES('1085', 'prod_variants', '');
INSERT INTO `field_title` (`pages_id`, `data`, `data1012`) VALUES('1086', 'prod_variants', '');
INSERT INTO `field_title` (`pages_id`, `data`, `data1012`) VALUES('1299', 'White', 'Weiß');
INSERT INTO `field_title` (`pages_id`, `data`, `data1012`) VALUES('1300', 'Black', 'Schwarz');
INSERT INTO `field_title` (`pages_id`, `data`, `data1012`) VALUES('1301', 'order_20210314-5', '');
INSERT INTO `field_title` (`pages_id`, `data`, `data1012`) VALUES('1302', 'order_20210314-6', '');
INSERT INTO `field_title` (`pages_id`, `data`, `data1012`) VALUES('1116', 'Impressum', '');
INSERT INTO `field_title` (`pages_id`, `data`, `data1012`) VALUES('1117', 'impressum', '');
INSERT INTO `field_title` (`pages_id`, `data`, `data1012`) VALUES('1118', 'contact', '');
INSERT INTO `field_title` (`pages_id`, `data`, `data1012`) VALUES('1119', 'team', '');
INSERT INTO `field_title` (`pages_id`, `data`, `data1012`) VALUES('1152', 'Twintips', '');
INSERT INTO `field_title` (`pages_id`, `data`, `data1012`) VALUES('1153', 'twintips', '');
INSERT INTO `field_title` (`pages_id`, `data`, `data1012`) VALUES('1154', 'Customs', '');
INSERT INTO `field_title` (`pages_id`, `data`, `data1012`) VALUES('1216', '1615119021-8129-1', '');
INSERT INTO `field_title` (`pages_id`, `data`, `data1012`) VALUES('1156', 'Shop', '');
INSERT INTO `field_title` (`pages_id`, `data`, `data1012`) VALUES('1177', 'Stock Boards', '');
INSERT INTO `field_title` (`pages_id`, `data`, `data1012`) VALUES('1158', 'Freerider', '');
INSERT INTO `field_title` (`pages_id`, `data`, `data1012`) VALUES('1159', 'freerider-explorer', '');
INSERT INTO `field_title` (`pages_id`, `data`, `data1012`) VALUES('1160', 'Freerider Lady', '');
INSERT INTO `field_title` (`pages_id`, `data`, `data1012`) VALUES('1161', 'freerider-lady', '');
INSERT INTO `field_title` (`pages_id`, `data`, `data1012`) VALUES('1162', 'Lightwind Plan-B', 'Leichtwind Plan-B');
INSERT INTO `field_title` (`pages_id`, `data`, `data1012`) VALUES('1163', 'lightwind-plan-b', '');
INSERT INTO `field_title` (`pages_id`, `data`, `data1012`) VALUES('1164', 'Special Edition', 'Spezial Edition');
INSERT INTO `field_title` (`pages_id`, `data`, `data1012`) VALUES('1165', 'special-edition', '');
INSERT INTO `field_title` (`pages_id`, `data`, `data1012`) VALUES('1166', 'Chrome Edition', 'Chrom Edition');
INSERT INTO `field_title` (`pages_id`, `data`, `data1012`) VALUES('1167', 'chrome-edition', '');
INSERT INTO `field_title` (`pages_id`, `data`, `data1012`) VALUES('1168', 'Big Air Challenger', '');
INSERT INTO `field_title` (`pages_id`, `data`, `data1012`) VALUES('1169', 'big-air-challenger', '');
INSERT INTO `field_title` (`pages_id`, `data`, `data1012`) VALUES('1170', 'Freestyler', '');
INSERT INTO `field_title` (`pages_id`, `data`, `data1012`) VALUES('1171', 'freestyler', '');
INSERT INTO `field_title` (`pages_id`, `data`, `data1012`) VALUES('1176', 'shop', '');
INSERT INTO `field_title` (`pages_id`, `data`, `data1012`) VALUES('1182', 'Freestyler', '');
INSERT INTO `field_title` (`pages_id`, `data`, `data1012`) VALUES('1181', 'stock-boards', '');
INSERT INTO `field_title` (`pages_id`, `data`, `data1012`) VALUES('1183', 'freestyler', '');
INSERT INTO `field_title` (`pages_id`, `data`, `data1012`) VALUES('1184', 'Equipment', 'Zubehör');
INSERT INTO `field_title` (`pages_id`, `data`, `data1012`) VALUES('1185', 'equipment', '');
INSERT INTO `field_title` (`pages_id`, `data`, `data1012`) VALUES('1186', 'Straps', '');
INSERT INTO `field_title` (`pages_id`, `data`, `data1012`) VALUES('1187', 'straps', '');
INSERT INTO `field_title` (`pages_id`, `data`, `data1012`) VALUES('1188', 'Promotion', '');
INSERT INTO `field_title` (`pages_id`, `data`, `data1012`) VALUES('1189', 'promotion', '');
INSERT INTO `field_title` (`pages_id`, `data`, `data1012`) VALUES('1190', 'Testpoint', '');
INSERT INTO `field_title` (`pages_id`, `data`, `data1012`) VALUES('1191', 'testpoint', '');
INSERT INTO `field_title` (`pages_id`, `data`, `data1012`) VALUES('1192', 'Gallery', '');
INSERT INTO `field_title` (`pages_id`, `data`, `data1012`) VALUES('1194', 'customs', '');
INSERT INTO `field_title` (`pages_id`, `data`, `data1012`) VALUES('1215', 'Size', 'Größe');
INSERT INTO `field_title` (`pages_id`, `data`, `data1012`) VALUES('1200', 'Size', 'Größe');
INSERT INTO `field_title` (`pages_id`, `data`, `data1012`) VALUES('1201', '1615118283-1115-1', '');
INSERT INTO `field_title` (`pages_id`, `data`, `data1012`) VALUES('1202', '130x38cm', '');
INSERT INTO `field_title` (`pages_id`, `data`, `data1012`) VALUES('1203', '', '');
INSERT INTO `field_title` (`pages_id`, `data`, `data1012`) VALUES('1204', '132x39cm', '');
INSERT INTO `field_title` (`pages_id`, `data`, `data1012`) VALUES('1205', '135x40cm', '');
INSERT INTO `field_title` (`pages_id`, `data`, `data1012`) VALUES('1206', '137x41cm', '');
INSERT INTO `field_title` (`pages_id`, `data`, `data1012`) VALUES('1207', '139x42cm', '');
INSERT INTO `field_title` (`pages_id`, `data`, `data1012`) VALUES('1209', '142x43cm', '');
INSERT INTO `field_title` (`pages_id`, `data`, `data1012`) VALUES('1210', 'Flex', '');
INSERT INTO `field_title` (`pages_id`, `data`, `data1012`) VALUES('1211', '1615118649-951-1', '');
INSERT INTO `field_title` (`pages_id`, `data`, `data1012`) VALUES('1212', 'Soft < 60kg', 'Weich < 55kg');
INSERT INTO `field_title` (`pages_id`, `data`, `data1012`) VALUES('1213', 'Medium 60-85kg', '');
INSERT INTO `field_title` (`pages_id`, `data`, `data1012`) VALUES('1214', 'Hard / Team > 80kg', 'Hart / Team > 85kg');
INSERT INTO `field_title` (`pages_id`, `data`, `data1012`) VALUES('1217', '128x38cm', '');
INSERT INTO `field_title` (`pages_id`, `data`, `data1012`) VALUES('1218', '130x38.5cm', '130x38;5cm');
INSERT INTO `field_title` (`pages_id`, `data`, `data1012`) VALUES('1219', '132x39cm', '');
INSERT INTO `field_title` (`pages_id`, `data`, `data1012`) VALUES('1220', 'Size', 'Größe');
INSERT INTO `field_title` (`pages_id`, `data`, `data1012`) VALUES('1221', '1615119135-792-1', '');
INSERT INTO `field_title` (`pages_id`, `data`, `data1012`) VALUES('1222', '152x45cm', '');
INSERT INTO `field_title` (`pages_id`, `data`, `data1012`) VALUES('1223', 'Flex', '');
INSERT INTO `field_title` (`pages_id`, `data`, `data1012`) VALUES('1224', '1615119154-0203-1', '');
INSERT INTO `field_title` (`pages_id`, `data`, `data1012`) VALUES('1225', 'Standard 65-85kg', 'Standart');
INSERT INTO `field_title` (`pages_id`, `data`, `data1012`) VALUES('1226', 'Hard > 85kg', 'Hart > 85kg');
INSERT INTO `field_title` (`pages_id`, `data`, `data1012`) VALUES('1227', 'bigLinks', '');
INSERT INTO `field_title` (`pages_id`, `data`, `data1012`) VALUES('1228', 'en', '');
INSERT INTO `field_title` (`pages_id`, `data`, `data1012`) VALUES('1229', 'TWINTIPS', '');
INSERT INTO `field_title` (`pages_id`, `data`, `data1012`) VALUES('1230', 'Customs', '');
INSERT INTO `field_title` (`pages_id`, `data`, `data1012`) VALUES('1231', 'Manufactory', 'Manufaktur');
INSERT INTO `field_title` (`pages_id`, `data`, `data1012`) VALUES('1234', 'manufactur', '');
INSERT INTO `field_title` (`pages_id`, `data`, `data1012`) VALUES('1251', 'Rail color', 'Rail-Farbe');
INSERT INTO `field_title` (`pages_id`, `data`, `data1012`) VALUES('1252', '1615123757-6252-1', '');
INSERT INTO `field_title` (`pages_id`, `data`, `data1012`) VALUES('1253', 'White', '');
INSERT INTO `field_title` (`pages_id`, `data`, `data1012`) VALUES('1254', 'Black', 'Schwarz');
INSERT INTO `field_title` (`pages_id`, `data`, `data1012`) VALUES('1242', 'prod_custom_variants', '');
INSERT INTO `field_title` (`pages_id`, `data`, `data1012`) VALUES('1243', 'prod_custom_variant_item', '');
INSERT INTO `field_title` (`pages_id`, `data`, `data1012`) VALUES('1244', 'twintips', '');
INSERT INTO `field_title` (`pages_id`, `data`, `data1012`) VALUES('1255', 'Yellow', 'Gelb');
INSERT INTO `field_title` (`pages_id`, `data`, `data1012`) VALUES('1256', 'Yellow-neon', 'Neongelb');
INSERT INTO `field_title` (`pages_id`, `data`, `data1012`) VALUES('1257', 'Orange neon', 'Neonorange');
INSERT INTO `field_title` (`pages_id`, `data`, `data1012`) VALUES('1258', 'Red', 'Rot');
INSERT INTO `field_title` (`pages_id`, `data`, `data1012`) VALUES('1259', 'Pink', '');
INSERT INTO `field_title` (`pages_id`, `data`, `data1012`) VALUES('1260', 'Blue light', 'Hellblau');
INSERT INTO `field_title` (`pages_id`, `data`, `data1012`) VALUES('1261', 'Blue dark', 'Dunkelblau');
INSERT INTO `field_title` (`pages_id`, `data`, `data1012`) VALUES('1262', 'Turquoise', 'Türkis');
INSERT INTO `field_title` (`pages_id`, `data`, `data1012`) VALUES('1263', 'Green', 'Grün');
INSERT INTO `field_title` (`pages_id`, `data`, `data1012`) VALUES('1264', 'Grey', 'Grau');
INSERT INTO `field_title` (`pages_id`, `data`, `data1012`) VALUES('1286', 'Assets Backups', '');
INSERT INTO `field_title` (`pages_id`, `data`, `data1012`) VALUES('1287', 'Manage assets/files backups (recommended for superuser only)', '');

DROP TABLE IF EXISTS `field_video_url`;
CREATE TABLE `field_video_url` (
  `pages_id` int(10) unsigned NOT NULL,
  `data` mediumtext NOT NULL,
  PRIMARY KEY (`pages_id`),
  KEY `data_exact` (`data`(250)),
  FULLTEXT KEY `data` (`data`)
) ENGINE=MyISAM DEFAULT CHARSET=utf8;

INSERT INTO `field_video_url` (`pages_id`, `data`) VALUES('1158', '<p><strong>Details</strong></p>\n\n<p>Due to the bottomshape and 3D shape of the rail are combined with the flex our Freerider is very intuitive and at first glance inconspicuous. It feels easily on your feet and even in difficult conditions you keep the control. Landings are much softer, more controlled and forgiving than you may ever experienced before. Your worst  landing will feel easier. Expect extreme smoothness even in the most choppy conditions, fail forgiving sprint and plenty of pop through the high restoring force of the carbon fiber.</p>\n\n<p>Last but not least, because of the low weight of about 2200 grams (depends on size and board only) it will feel as if you’re dancing over the water.</p>\n\n<p><strong>Check out a Test <a href=\"https://gleiten.tv/index.php/video/action/view/v/3715/page/349/\">Ceck out a Test</a></strong></p>\n\n<p><strong>https://gleiten.tv/index.php/video/action/view/v/3715/page/349/ Modell 2020</strong></p>\n\n<p><strong>https://gleiten.tv/index.php/video/action/view/v/2776/page/349/ Modell 2018</strong></p>\n\n<p><strong>Shapes from Modell 2018 and 2020 are similar</strong></p>');
INSERT INTO `field_video_url` (`pages_id`, `data`) VALUES('1168', '<p>https://www.youtube.com/watch?v=qhVZsQu0ItE&amp;ab_channel=Gleitentv</p>');

DROP TABLE IF EXISTS `field_why_headline`;
CREATE TABLE `field_why_headline` (
  `pages_id` int(10) unsigned NOT NULL,
  `data` text NOT NULL,
  PRIMARY KEY (`pages_id`),
  KEY `data_exact` (`data`(250)),
  FULLTEXT KEY `data` (`data`)
) ENGINE=MyISAM DEFAULT CHARSET=utf8;

INSERT INTO `field_why_headline` (`pages_id`, `data`) VALUES('1', 'WHY YOU SHOULD CHOOSE BOARDSCHMIEDE');

DROP TABLE IF EXISTS `field_why_subheadline`;
CREATE TABLE `field_why_subheadline` (
  `pages_id` int(10) unsigned NOT NULL,
  `data` text NOT NULL,
  PRIMARY KEY (`pages_id`),
  KEY `data_exact` (`data`(250)),
  FULLTEXT KEY `data` (`data`)
) ENGINE=MyISAM DEFAULT CHARSET=utf8;

INSERT INTO `field_why_subheadline` (`pages_id`, `data`) VALUES('1', 'check it out');

DROP TABLE IF EXISTS `fieldgroups`;
CREATE TABLE `fieldgroups` (
  `id` int(10) unsigned NOT NULL AUTO_INCREMENT,
  `name` varchar(250) CHARACTER SET ascii NOT NULL,
  PRIMARY KEY (`id`),
  UNIQUE KEY `name` (`name`)
) ENGINE=MyISAM AUTO_INCREMENT=115 DEFAULT CHARSET=utf8;

INSERT INTO `fieldgroups` (`id`, `name`) VALUES('2', 'admin');
INSERT INTO `fieldgroups` (`id`, `name`) VALUES('3', 'user');
INSERT INTO `fieldgroups` (`id`, `name`) VALUES('4', 'role');
INSERT INTO `fieldgroups` (`id`, `name`) VALUES('5', 'permission');
INSERT INTO `fieldgroups` (`id`, `name`) VALUES('1', 'home');
INSERT INTO `fieldgroups` (`id`, `name`) VALUES('88', 'sitemap');
INSERT INTO `fieldgroups` (`id`, `name`) VALUES('83', 'basic-page');
INSERT INTO `fieldgroups` (`id`, `name`) VALUES('80', 'search');
INSERT INTO `fieldgroups` (`id`, `name`) VALUES('97', 'language');
INSERT INTO `fieldgroups` (`id`, `name`) VALUES('98', 'repeater_text_fields');
INSERT INTO `fieldgroups` (`id`, `name`) VALUES('99', 'repeater_simple_textblocks');
INSERT INTO `fieldgroups` (`id`, `name`) VALUES('100', 'repeater_repeater_why');
INSERT INTO `fieldgroups` (`id`, `name`) VALUES('101', 'board-page');
INSERT INTO `fieldgroups` (`id`, `name`) VALUES('102', 'board-overview-page');
INSERT INTO `fieldgroups` (`id`, `name`) VALUES('113', 'order');
INSERT INTO `fieldgroups` (`id`, `name`) VALUES('104', 'snipcart-shop');
INSERT INTO `fieldgroups` (`id`, `name`) VALUES('105', 'snipcart-product');
INSERT INTO `fieldgroups` (`id`, `name`) VALUES('106', 'repeater_prod_variant_item');
INSERT INTO `fieldgroups` (`id`, `name`) VALUES('107', 'repeater_prod_variants');
INSERT INTO `fieldgroups` (`id`, `name`) VALUES('108', 'basic-page-twoes');
INSERT INTO `fieldgroups` (`id`, `name`) VALUES('109', 'gallery');
INSERT INTO `fieldgroups` (`id`, `name`) VALUES('110', 'repeater_bigLinks');
INSERT INTO `fieldgroups` (`id`, `name`) VALUES('111', 'repeater_prod_custom_variants');
INSERT INTO `fieldgroups` (`id`, `name`) VALUES('112', 'repeater_prod_custom_variant_item');
INSERT INTO `fieldgroups` (`id`, `name`) VALUES('114', 'orders');

DROP TABLE IF EXISTS `fieldgroups_fields`;
CREATE TABLE `fieldgroups_fields` (
  `fieldgroups_id` int(10) unsigned NOT NULL DEFAULT '0',
  `fields_id` int(10) unsigned NOT NULL DEFAULT '0',
  `sort` int(10) unsigned NOT NULL DEFAULT '0',
  `data` text,
  PRIMARY KEY (`fieldgroups_id`,`fields_id`)
) ENGINE=MyISAM DEFAULT CHARSET=utf8;

INSERT INTO `fieldgroups_fields` (`fieldgroups_id`, `fields_id`, `sort`, `data`) VALUES('2', '2', '1', NULL);
INSERT INTO `fieldgroups_fields` (`fieldgroups_id`, `fields_id`, `sort`, `data`) VALUES('3', '92', '1', NULL);
INSERT INTO `fieldgroups_fields` (`fieldgroups_id`, `fields_id`, `sort`, `data`) VALUES('4', '5', '0', NULL);
INSERT INTO `fieldgroups_fields` (`fieldgroups_id`, `fields_id`, `sort`, `data`) VALUES('5', '1', '0', NULL);
INSERT INTO `fieldgroups_fields` (`fieldgroups_id`, `fields_id`, `sort`, `data`) VALUES('3', '4', '2', NULL);
INSERT INTO `fieldgroups_fields` (`fieldgroups_id`, `fields_id`, `sort`, `data`) VALUES('1', '44', '19', NULL);
INSERT INTO `fieldgroups_fields` (`fieldgroups_id`, `fields_id`, `sort`, `data`) VALUES('80', '1', '0', NULL);
INSERT INTO `fieldgroups_fields` (`fieldgroups_id`, `fields_id`, `sort`, `data`) VALUES('98', '78', '0', NULL);
INSERT INTO `fieldgroups_fields` (`fieldgroups_id`, `fields_id`, `sort`, `data`) VALUES('1', '121', '17', NULL);
INSERT INTO `fieldgroups_fields` (`fieldgroups_id`, `fields_id`, `sort`, `data`) VALUES('88', '1', '0', NULL);
INSERT INTO `fieldgroups_fields` (`fieldgroups_id`, `fields_id`, `sort`, `data`) VALUES('99', '106', '1', NULL);
INSERT INTO `fieldgroups_fields` (`fieldgroups_id`, `fields_id`, `sort`, `data`) VALUES('88', '79', '1', NULL);
INSERT INTO `fieldgroups_fields` (`fieldgroups_id`, `fields_id`, `sort`, `data`) VALUES('83', '79', '4', NULL);
INSERT INTO `fieldgroups_fields` (`fieldgroups_id`, `fields_id`, `sort`, `data`) VALUES('97', '1', '0', NULL);
INSERT INTO `fieldgroups_fields` (`fieldgroups_id`, `fields_id`, `sort`, `data`) VALUES('3', '98', '3', NULL);
INSERT INTO `fieldgroups_fields` (`fieldgroups_id`, `fields_id`, `sort`, `data`) VALUES('83', '118', '8', NULL);
INSERT INTO `fieldgroups_fields` (`fieldgroups_id`, `fields_id`, `sort`, `data`) VALUES('97', '100', '1', NULL);
INSERT INTO `fieldgroups_fields` (`fieldgroups_id`, `fields_id`, `sort`, `data`) VALUES('1', '110', '11', NULL);
INSERT INTO `fieldgroups_fields` (`fieldgroups_id`, `fields_id`, `sort`, `data`) VALUES('3', '103', '4', NULL);
INSERT INTO `fieldgroups_fields` (`fieldgroups_id`, `fields_id`, `sort`, `data`) VALUES('2', '1', '0', NULL);
INSERT INTO `fieldgroups_fields` (`fieldgroups_id`, `fields_id`, `sort`, `data`) VALUES('83', '117', '13', NULL);
INSERT INTO `fieldgroups_fields` (`fieldgroups_id`, `fields_id`, `sort`, `data`) VALUES('97', '97', '2', NULL);
INSERT INTO `fieldgroups_fields` (`fieldgroups_id`, `fields_id`, `sort`, `data`) VALUES('3', '3', '0', NULL);
INSERT INTO `fieldgroups_fields` (`fieldgroups_id`, `fields_id`, `sort`, `data`) VALUES('98', '106', '1', NULL);
INSERT INTO `fieldgroups_fields` (`fieldgroups_id`, `fields_id`, `sort`, `data`) VALUES('83', '44', '14', NULL);
INSERT INTO `fieldgroups_fields` (`fieldgroups_id`, `fields_id`, `sort`, `data`) VALUES('1', '79', '4', NULL);
INSERT INTO `fieldgroups_fields` (`fieldgroups_id`, `fields_id`, `sort`, `data`) VALUES('83', '123', '3', NULL);
INSERT INTO `fieldgroups_fields` (`fieldgroups_id`, `fields_id`, `sort`, `data`) VALUES('1', '78', '3', NULL);
INSERT INTO `fieldgroups_fields` (`fieldgroups_id`, `fields_id`, `sort`, `data`) VALUES('83', '76', '5', NULL);
INSERT INTO `fieldgroups_fields` (`fieldgroups_id`, `fields_id`, `sort`, `data`) VALUES('99', '78', '0', NULL);
INSERT INTO `fieldgroups_fields` (`fieldgroups_id`, `fields_id`, `sort`, `data`) VALUES('1', '109', '7', NULL);
INSERT INTO `fieldgroups_fields` (`fieldgroups_id`, `fields_id`, `sort`, `data`) VALUES('100', '106', '1', NULL);
INSERT INTO `fieldgroups_fields` (`fieldgroups_id`, `fields_id`, `sort`, `data`) VALUES('1', '76', '5', NULL);
INSERT INTO `fieldgroups_fields` (`fieldgroups_id`, `fields_id`, `sort`, `data`) VALUES('1', '108', '6', NULL);
INSERT INTO `fieldgroups_fields` (`fieldgroups_id`, `fields_id`, `sort`, `data`) VALUES('83', '157', '1', NULL);
INSERT INTO `fieldgroups_fields` (`fieldgroups_id`, `fields_id`, `sort`, `data`) VALUES('1', '118', '13', NULL);
INSERT INTO `fieldgroups_fields` (`fieldgroups_id`, `fields_id`, `sort`, `data`) VALUES('83', '127', '0', NULL);
INSERT INTO `fieldgroups_fields` (`fieldgroups_id`, `fields_id`, `sort`, `data`) VALUES('102', '1', '1', NULL);
INSERT INTO `fieldgroups_fields` (`fieldgroups_id`, `fields_id`, `sort`, `data`) VALUES('101', '1', '1', NULL);
INSERT INTO `fieldgroups_fields` (`fieldgroups_id`, `fields_id`, `sort`, `data`) VALUES('101', '155', '2', NULL);
INSERT INTO `fieldgroups_fields` (`fieldgroups_id`, `fields_id`, `sort`, `data`) VALUES('101', '79', '3', NULL);
INSERT INTO `fieldgroups_fields` (`fieldgroups_id`, `fields_id`, `sort`, `data`) VALUES('102', '127', '0', NULL);
INSERT INTO `fieldgroups_fields` (`fieldgroups_id`, `fields_id`, `sort`, `data`) VALUES('83', '120', '11', NULL);
INSERT INTO `fieldgroups_fields` (`fieldgroups_id`, `fields_id`, `sort`, `data`) VALUES('102', '123', '2', NULL);
INSERT INTO `fieldgroups_fields` (`fieldgroups_id`, `fields_id`, `sort`, `data`) VALUES('101', '119', '12', NULL);
INSERT INTO `fieldgroups_fields` (`fieldgroups_id`, `fields_id`, `sort`, `data`) VALUES('1', '116', '12', NULL);
INSERT INTO `fieldgroups_fields` (`fieldgroups_id`, `fields_id`, `sort`, `data`) VALUES('100', '78', '0', NULL);
INSERT INTO `fieldgroups_fields` (`fieldgroups_id`, `fields_id`, `sort`, `data`) VALUES('83', '121', '12', NULL);
INSERT INTO `fieldgroups_fields` (`fieldgroups_id`, `fields_id`, `sort`, `data`) VALUES('102', '122', '8', NULL);
INSERT INTO `fieldgroups_fields` (`fieldgroups_id`, `fields_id`, `sort`, `data`) VALUES('101', '122', '11', NULL);
INSERT INTO `fieldgroups_fields` (`fieldgroups_id`, `fields_id`, `sort`, `data`) VALUES('108', '104', '6', NULL);
INSERT INTO `fieldgroups_fields` (`fieldgroups_id`, `fields_id`, `sort`, `data`) VALUES('104', '154', '3', NULL);
INSERT INTO `fieldgroups_fields` (`fieldgroups_id`, `fields_id`, `sort`, `data`) VALUES('105', '125', '3', NULL);
INSERT INTO `fieldgroups_fields` (`fieldgroups_id`, `fields_id`, `sort`, `data`) VALUES('105', '153', '4', NULL);
INSERT INTO `fieldgroups_fields` (`fieldgroups_id`, `fields_id`, `sort`, `data`) VALUES('105', '44', '5', NULL);
INSERT INTO `fieldgroups_fields` (`fieldgroups_id`, `fields_id`, `sort`, `data`) VALUES('108', '116', '7', NULL);
INSERT INTO `fieldgroups_fields` (`fieldgroups_id`, `fields_id`, `sort`, `data`) VALUES('114', '175', '2', NULL);
INSERT INTO `fieldgroups_fields` (`fieldgroups_id`, `fields_id`, `sort`, `data`) VALUES('114', '174', '1', NULL);
INSERT INTO `fieldgroups_fields` (`fieldgroups_id`, `fields_id`, `sort`, `data`) VALUES('114', '1', '0', NULL);
INSERT INTO `fieldgroups_fields` (`fieldgroups_id`, `fields_id`, `sort`, `data`) VALUES('105', '134', '7', NULL);
INSERT INTO `fieldgroups_fields` (`fieldgroups_id`, `fields_id`, `sort`, `data`) VALUES('105', '127', '0', NULL);
INSERT INTO `fieldgroups_fields` (`fieldgroups_id`, `fields_id`, `sort`, `data`) VALUES('105', '1', '1', '{\"columnWidth\":70,\"label\":\"Product Name (Title)\",\"notes\":\"Name of the product to be used in catalogue and cart.\"}');
INSERT INTO `fieldgroups_fields` (`fieldgroups_id`, `fields_id`, `sort`, `data`) VALUES('105', '131', '2', NULL);
INSERT INTO `fieldgroups_fields` (`fieldgroups_id`, `fields_id`, `sort`, `data`) VALUES('106', '131', '1', NULL);
INSERT INTO `fieldgroups_fields` (`fieldgroups_id`, `fields_id`, `sort`, `data`) VALUES('107', '1', '0', NULL);
INSERT INTO `fieldgroups_fields` (`fieldgroups_id`, `fields_id`, `sort`, `data`) VALUES('104', '1', '0', NULL);
INSERT INTO `fieldgroups_fields` (`fieldgroups_id`, `fields_id`, `sort`, `data`) VALUES('83', '116', '7', NULL);
INSERT INTO `fieldgroups_fields` (`fieldgroups_id`, `fields_id`, `sort`, `data`) VALUES('102', '121', '11', NULL);
INSERT INTO `fieldgroups_fields` (`fieldgroups_id`, `fields_id`, `sort`, `data`) VALUES('101', '124', '5', NULL);
INSERT INTO `fieldgroups_fields` (`fieldgroups_id`, `fields_id`, `sort`, `data`) VALUES('98', '105', '2', NULL);
INSERT INTO `fieldgroups_fields` (`fieldgroups_id`, `fields_id`, `sort`, `data`) VALUES('113', '173', '2', NULL);
INSERT INTO `fieldgroups_fields` (`fieldgroups_id`, `fields_id`, `sort`, `data`) VALUES('83', '104', '6', NULL);
INSERT INTO `fieldgroups_fields` (`fieldgroups_id`, `fields_id`, `sort`, `data`) VALUES('102', '118', '7', NULL);
INSERT INTO `fieldgroups_fields` (`fieldgroups_id`, `fields_id`, `sort`, `data`) VALUES('101', '120', '13', NULL);
INSERT INTO `fieldgroups_fields` (`fieldgroups_id`, `fields_id`, `sort`, `data`) VALUES('107', '152', '1', NULL);
INSERT INTO `fieldgroups_fields` (`fieldgroups_id`, `fields_id`, `sort`, `data`) VALUES('112', '1', '0', NULL);
INSERT INTO `fieldgroups_fields` (`fieldgroups_id`, `fields_id`, `sort`, `data`) VALUES('108', '76', '4', NULL);
INSERT INTO `fieldgroups_fields` (`fieldgroups_id`, `fields_id`, `sort`, `data`) VALUES('1', '114', '8', NULL);
INSERT INTO `fieldgroups_fields` (`fieldgroups_id`, `fields_id`, `sort`, `data`) VALUES('108', '118', '8', NULL);
INSERT INTO `fieldgroups_fields` (`fieldgroups_id`, `fields_id`, `sort`, `data`) VALUES('108', '123', '2', NULL);
INSERT INTO `fieldgroups_fields` (`fieldgroups_id`, `fields_id`, `sort`, `data`) VALUES('83', '119', '10', NULL);
INSERT INTO `fieldgroups_fields` (`fieldgroups_id`, `fields_id`, `sort`, `data`) VALUES('108', '120', '11', NULL);
INSERT INTO `fieldgroups_fields` (`fieldgroups_id`, `fields_id`, `sort`, `data`) VALUES('108', '79', '3', NULL);
INSERT INTO `fieldgroups_fields` (`fieldgroups_id`, `fields_id`, `sort`, `data`) VALUES('102', '120', '10', NULL);
INSERT INTO `fieldgroups_fields` (`fieldgroups_id`, `fields_id`, `sort`, `data`) VALUES('101', '127', '0', NULL);
INSERT INTO `fieldgroups_fields` (`fieldgroups_id`, `fields_id`, `sort`, `data`) VALUES('1', '111', '10', NULL);
INSERT INTO `fieldgroups_fields` (`fieldgroups_id`, `fields_id`, `sort`, `data`) VALUES('109', '122', '6', NULL);
INSERT INTO `fieldgroups_fields` (`fieldgroups_id`, `fields_id`, `sort`, `data`) VALUES('109', '127', '0', NULL);
INSERT INTO `fieldgroups_fields` (`fieldgroups_id`, `fields_id`, `sort`, `data`) VALUES('109', '157', '1', NULL);
INSERT INTO `fieldgroups_fields` (`fieldgroups_id`, `fields_id`, `sort`, `data`) VALUES('109', '1', '2', NULL);
INSERT INTO `fieldgroups_fields` (`fieldgroups_id`, `fields_id`, `sort`, `data`) VALUES('109', '76', '3', NULL);
INSERT INTO `fieldgroups_fields` (`fieldgroups_id`, `fields_id`, `sort`, `data`) VALUES('109', '116', '4', NULL);
INSERT INTO `fieldgroups_fields` (`fieldgroups_id`, `fields_id`, `sort`, `data`) VALUES('109', '118', '5', NULL);
INSERT INTO `fieldgroups_fields` (`fieldgroups_id`, `fields_id`, `sort`, `data`) VALUES('83', '122', '9', NULL);
INSERT INTO `fieldgroups_fields` (`fieldgroups_id`, `fields_id`, `sort`, `data`) VALUES('83', '1', '2', NULL);
INSERT INTO `fieldgroups_fields` (`fieldgroups_id`, `fields_id`, `sort`, `data`) VALUES('108', '121', '12', NULL);
INSERT INTO `fieldgroups_fields` (`fieldgroups_id`, `fields_id`, `sort`, `data`) VALUES('108', '119', '10', NULL);
INSERT INTO `fieldgroups_fields` (`fieldgroups_id`, `fields_id`, `sort`, `data`) VALUES('102', '116', '6', NULL);
INSERT INTO `fieldgroups_fields` (`fieldgroups_id`, `fields_id`, `sort`, `data`) VALUES('101', '118', '10', NULL);
INSERT INTO `fieldgroups_fields` (`fieldgroups_id`, `fields_id`, `sort`, `data`) VALUES('109', '119', '7', NULL);
INSERT INTO `fieldgroups_fields` (`fieldgroups_id`, `fields_id`, `sort`, `data`) VALUES('1', '115', '9', NULL);
INSERT INTO `fieldgroups_fields` (`fieldgroups_id`, `fields_id`, `sort`, `data`) VALUES('113', '164', '7', NULL);
INSERT INTO `fieldgroups_fields` (`fieldgroups_id`, `fields_id`, `sort`, `data`) VALUES('105', '128', '6', NULL);
INSERT INTO `fieldgroups_fields` (`fieldgroups_id`, `fields_id`, `sort`, `data`) VALUES('110', '76', '2', NULL);
INSERT INTO `fieldgroups_fields` (`fieldgroups_id`, `fields_id`, `sort`, `data`) VALUES('108', '127', '0', NULL);
INSERT INTO `fieldgroups_fields` (`fieldgroups_id`, `fields_id`, `sort`, `data`) VALUES('108', '1', '1', NULL);
INSERT INTO `fieldgroups_fields` (`fieldgroups_id`, `fields_id`, `sort`, `data`) VALUES('102', '119', '9', NULL);
INSERT INTO `fieldgroups_fields` (`fieldgroups_id`, `fields_id`, `sort`, `data`) VALUES('101', '76', '4', NULL);
INSERT INTO `fieldgroups_fields` (`fieldgroups_id`, `fields_id`, `sort`, `data`) VALUES('1', '122', '14', NULL);
INSERT INTO `fieldgroups_fields` (`fieldgroups_id`, `fields_id`, `sort`, `data`) VALUES('1', '123', '2', NULL);
INSERT INTO `fieldgroups_fields` (`fieldgroups_id`, `fields_id`, `sort`, `data`) VALUES('110', '120', '3', NULL);
INSERT INTO `fieldgroups_fields` (`fieldgroups_id`, `fields_id`, `sort`, `data`) VALUES('108', '122', '9', NULL);
INSERT INTO `fieldgroups_fields` (`fieldgroups_id`, `fields_id`, `sort`, `data`) VALUES('110', '121', '4', NULL);
INSERT INTO `fieldgroups_fields` (`fieldgroups_id`, `fields_id`, `sort`, `data`) VALUES('106', '1', '0', NULL);
INSERT INTO `fieldgroups_fields` (`fieldgroups_id`, `fields_id`, `sort`, `data`) VALUES('111', '161', '1', NULL);
INSERT INTO `fieldgroups_fields` (`fieldgroups_id`, `fields_id`, `sort`, `data`) VALUES('112', '131', '2', NULL);
INSERT INTO `fieldgroups_fields` (`fieldgroups_id`, `fields_id`, `sort`, `data`) VALUES('104', '153', '1', NULL);
INSERT INTO `fieldgroups_fields` (`fieldgroups_id`, `fields_id`, `sort`, `data`) VALUES('111', '1', '0', NULL);
INSERT INTO `fieldgroups_fields` (`fieldgroups_id`, `fields_id`, `sort`, `data`) VALUES('113', '169', '11', NULL);
INSERT INTO `fieldgroups_fields` (`fieldgroups_id`, `fields_id`, `sort`, `data`) VALUES('113', '172', '12', NULL);
INSERT INTO `fieldgroups_fields` (`fieldgroups_id`, `fields_id`, `sort`, `data`) VALUES('113', '170', '8', NULL);
INSERT INTO `fieldgroups_fields` (`fieldgroups_id`, `fields_id`, `sort`, `data`) VALUES('113', '168', '9', NULL);
INSERT INTO `fieldgroups_fields` (`fieldgroups_id`, `fields_id`, `sort`, `data`) VALUES('113', '167', '10', NULL);
INSERT INTO `fieldgroups_fields` (`fieldgroups_id`, `fields_id`, `sort`, `data`) VALUES('113', '162', '4', NULL);
INSERT INTO `fieldgroups_fields` (`fieldgroups_id`, `fields_id`, `sort`, `data`) VALUES('113', '166', '5', NULL);
INSERT INTO `fieldgroups_fields` (`fieldgroups_id`, `fields_id`, `sort`, `data`) VALUES('113', '163', '6', NULL);
INSERT INTO `fieldgroups_fields` (`fieldgroups_id`, `fields_id`, `sort`, `data`) VALUES('113', '176', '1', NULL);
INSERT INTO `fieldgroups_fields` (`fieldgroups_id`, `fields_id`, `sort`, `data`) VALUES('113', '1', '0', NULL);
INSERT INTO `fieldgroups_fields` (`fieldgroups_id`, `fields_id`, `sort`, `data`) VALUES('104', '160', '2', NULL);
INSERT INTO `fieldgroups_fields` (`fieldgroups_id`, `fields_id`, `sort`, `data`) VALUES('108', '117', '13', NULL);
INSERT INTO `fieldgroups_fields` (`fieldgroups_id`, `fields_id`, `sort`, `data`) VALUES('102', '104', '5', NULL);
INSERT INTO `fieldgroups_fields` (`fieldgroups_id`, `fields_id`, `sort`, `data`) VALUES('102', '76', '4', NULL);
INSERT INTO `fieldgroups_fields` (`fieldgroups_id`, `fields_id`, `sort`, `data`) VALUES('108', '156', '5', NULL);
INSERT INTO `fieldgroups_fields` (`fieldgroups_id`, `fields_id`, `sort`, `data`) VALUES('102', '79', '3', NULL);
INSERT INTO `fieldgroups_fields` (`fieldgroups_id`, `fields_id`, `sort`, `data`) VALUES('101', '116', '9', NULL);
INSERT INTO `fieldgroups_fields` (`fieldgroups_id`, `fields_id`, `sort`, `data`) VALUES('101', '125', '6', NULL);
INSERT INTO `fieldgroups_fields` (`fieldgroups_id`, `fields_id`, `sort`, `data`) VALUES('101', '104', '8', NULL);
INSERT INTO `fieldgroups_fields` (`fieldgroups_id`, `fields_id`, `sort`, `data`) VALUES('101', '128', '7', NULL);
INSERT INTO `fieldgroups_fields` (`fieldgroups_id`, `fields_id`, `sort`, `data`) VALUES('109', '120', '8', NULL);
INSERT INTO `fieldgroups_fields` (`fieldgroups_id`, `fields_id`, `sort`, `data`) VALUES('113', '165', '3', NULL);
INSERT INTO `fieldgroups_fields` (`fieldgroups_id`, `fields_id`, `sort`, `data`) VALUES('110', '105', '1', NULL);
INSERT INTO `fieldgroups_fields` (`fieldgroups_id`, `fields_id`, `sort`, `data`) VALUES('110', '1', '0', NULL);
INSERT INTO `fieldgroups_fields` (`fieldgroups_id`, `fields_id`, `sort`, `data`) VALUES('112', '159', '1', NULL);
INSERT INTO `fieldgroups_fields` (`fieldgroups_id`, `fields_id`, `sort`, `data`) VALUES('108', '44', '14', NULL);
INSERT INTO `fieldgroups_fields` (`fieldgroups_id`, `fields_id`, `sort`, `data`) VALUES('102', '117', '12', NULL);
INSERT INTO `fieldgroups_fields` (`fieldgroups_id`, `fields_id`, `sort`, `data`) VALUES('102', '44', '13', NULL);
INSERT INTO `fieldgroups_fields` (`fieldgroups_id`, `fields_id`, `sort`, `data`) VALUES('101', '121', '14', NULL);
INSERT INTO `fieldgroups_fields` (`fieldgroups_id`, `fields_id`, `sort`, `data`) VALUES('101', '117', '15', NULL);
INSERT INTO `fieldgroups_fields` (`fieldgroups_id`, `fields_id`, `sort`, `data`) VALUES('101', '44', '16', NULL);
INSERT INTO `fieldgroups_fields` (`fieldgroups_id`, `fields_id`, `sort`, `data`) VALUES('109', '121', '9', NULL);
INSERT INTO `fieldgroups_fields` (`fieldgroups_id`, `fields_id`, `sort`, `data`) VALUES('109', '117', '10', NULL);
INSERT INTO `fieldgroups_fields` (`fieldgroups_id`, `fields_id`, `sort`, `data`) VALUES('109', '44', '11', NULL);
INSERT INTO `fieldgroups_fields` (`fieldgroups_id`, `fields_id`, `sort`, `data`) VALUES('1', '119', '15', NULL);
INSERT INTO `fieldgroups_fields` (`fieldgroups_id`, `fields_id`, `sort`, `data`) VALUES('1', '120', '16', NULL);
INSERT INTO `fieldgroups_fields` (`fieldgroups_id`, `fields_id`, `sort`, `data`) VALUES('1', '1', '1', NULL);
INSERT INTO `fieldgroups_fields` (`fieldgroups_id`, `fields_id`, `sort`, `data`) VALUES('113', '171', '13', NULL);
INSERT INTO `fieldgroups_fields` (`fieldgroups_id`, `fields_id`, `sort`, `data`) VALUES('114', '177', '3', '{\"description\":\"Here you wll receive email notifications like orders.\"}');
INSERT INTO `fieldgroups_fields` (`fieldgroups_id`, `fields_id`, `sort`, `data`) VALUES('1', '117', '18', NULL);
INSERT INTO `fieldgroups_fields` (`fieldgroups_id`, `fields_id`, `sort`, `data`) VALUES('1', '127', '0', NULL);
INSERT INTO `fieldgroups_fields` (`fieldgroups_id`, `fields_id`, `sort`, `data`) VALUES('1', '158', '20', NULL);
INSERT INTO `fieldgroups_fields` (`fieldgroups_id`, `fields_id`, `sort`, `data`) VALUES('100', '112', '2', NULL);

DROP TABLE IF EXISTS `fields`;
CREATE TABLE `fields` (
  `id` int(10) unsigned NOT NULL AUTO_INCREMENT,
  `type` varchar(128) CHARACTER SET ascii NOT NULL,
  `name` varchar(250) CHARACTER SET ascii NOT NULL,
  `flags` int(11) NOT NULL DEFAULT '0',
  `label` varchar(250) NOT NULL DEFAULT '',
  `data` text NOT NULL,
  PRIMARY KEY (`id`),
  UNIQUE KEY `name` (`name`),
  KEY `type` (`type`)
) ENGINE=MyISAM AUTO_INCREMENT=178 DEFAULT CHARSET=utf8;

INSERT INTO `fields` (`id`, `type`, `name`, `flags`, `label`, `data`) VALUES('1', 'FieldtypePageTitleLanguage', 'title', '13', 'Title', '{\"required\":1,\"textformatters\":[\"TextformatterEntities\"],\"size\":0,\"maxlength\":255,\"label1012\":\"Titel\",\"langBlankInherit\":0}');
INSERT INTO `fields` (`id`, `type`, `name`, `flags`, `label`, `data`) VALUES('2', 'FieldtypeModule', 'process', '25', 'Process', '{\"description\":\"The process that is executed on this page. Since this is mostly used by ProcessWire internally, it is recommended that you don\'t change the value of this unless adding your own pages in the admin.\",\"collapsed\":1,\"required\":1,\"moduleTypes\":[\"Process\"],\"permanent\":1}');
INSERT INTO `fields` (`id`, `type`, `name`, `flags`, `label`, `data`) VALUES('3', 'FieldtypePassword', 'pass', '24', 'Set Password', '{\"collapsed\":1,\"size\":50,\"maxlength\":128}');
INSERT INTO `fields` (`id`, `type`, `name`, `flags`, `label`, `data`) VALUES('5', 'FieldtypePage', 'permissions', '24', 'Permissions', '{\"derefAsPage\":0,\"parent_id\":31,\"labelFieldName\":\"title\",\"inputfield\":\"InputfieldCheckboxes\"}');
INSERT INTO `fields` (`id`, `type`, `name`, `flags`, `label`, `data`) VALUES('4', 'FieldtypePage', 'roles', '24', 'Roles', '{\"derefAsPage\":0,\"parent_id\":30,\"labelFieldName\":\"name\",\"inputfield\":\"InputfieldCheckboxes\",\"description\":\"User will inherit the permissions assigned to each role. You may assign multiple roles to a user. When accessing a page, the user will only inherit permissions from the roles that are also assigned to the page\'s template.\"}');
INSERT INTO `fields` (`id`, `type`, `name`, `flags`, `label`, `data`) VALUES('92', 'FieldtypeEmail', 'email', '9', 'E-Mail Address', '{\"size\":70,\"maxlength\":255}');
INSERT INTO `fields` (`id`, `type`, `name`, `flags`, `label`, `data`) VALUES('105', 'FieldtypeImage', 'image', '0', '', '{\"label1012\":\"Bild\",\"extensions\":\"gif jpg jpeg png\",\"maxFiles\":1,\"outputFormat\":0,\"defaultValuePage\":0,\"useTags\":0,\"inputfieldClass\":\"InputfieldImage\",\"descriptionRows\":1,\"gridMode\":\"grid\",\"focusMode\":\"on\",\"resizeServer\":0,\"clientQuality\":90,\"maxReject\":0,\"dimensionsByAspectRatio\":0,\"columnWidth\":75,\"fileSchema\":270}');
INSERT INTO `fields` (`id`, `type`, `name`, `flags`, `label`, `data`) VALUES('106', 'FieldtypeTextareaLanguage', 'textblock', '0', '', '{\"label1012\":\"Textblock\",\"inputfieldClass\":\"InputfieldCKEditor\",\"contentType\":1,\"langBlankInherit\":0,\"collapsed\":0,\"minlength\":0,\"maxlength\":0,\"showCount\":0,\"rows\":5,\"htmlOptions\":[2,4,8,16]}');
INSERT INTO `fields` (`id`, `type`, `name`, `flags`, `label`, `data`) VALUES('44', 'FieldtypeImage', 'images', '0', 'Images', '{\"extensions\":\"gif jpg jpeg png\",\"adminThumbs\":1,\"inputfieldClass\":\"InputfieldImage\",\"maxFiles\":0,\"descriptionRows\":1,\"fileSchema\":270,\"outputFormat\":1,\"defaultValuePage\":0,\"defaultGrid\":0,\"icon\":\"camera\",\"label1012\":\"Bilder\",\"textformatters\":[\"TextformatterEntities\"]}');
INSERT INTO `fields` (`id`, `type`, `name`, `flags`, `label`, `data`) VALUES('79', 'FieldtypeTextareaLanguage', 'summary', '1', 'Summary', '{\"textformatters\":[\"TextformatterEntities\"],\"inputfieldClass\":\"InputfieldTextarea\",\"collapsed\":2,\"rows\":3,\"contentType\":0,\"label1012\":\"Zusammenfassung\",\"langBlankInherit\":0}');
INSERT INTO `fields` (`id`, `type`, `name`, `flags`, `label`, `data`) VALUES('76', 'FieldtypeTextareaLanguage', 'body', '0', 'Body', '{\"inputfieldClass\":\"InputfieldCKEditor\",\"rows\":10,\"contentType\":1,\"toolbar\":\"Format, Bold, Italic, -, RemoveFormat\\nJustifyLeft, JustifyCenter, JustifyRight, JustifyBlock\\nNumberedList, BulletedList, -, Blockquote\\nPWLink, Unlink, Anchor\\nPWImage, Table, HorizontalRule, SpecialChar\\nPasteText, PasteFromWord\\nScayt, -, Sourcedialog\",\"inlineMode\":0,\"useACF\":0,\"usePurifier\":1,\"formatTags\":\"p;h1;h2;h3;h4;h5;h6;pre;address\",\"extraPlugins\":[\"pwimage\",\"pwlink\",\"sourcedialog\"],\"removePlugins\":\"image,magicline\",\"toggles\":[2,4,8],\"label1012\":\"Inhalt\",\"langBlankInherit\":0,\"minlength\":0,\"maxlength\":0,\"showCount\":0}');
INSERT INTO `fields` (`id`, `type`, `name`, `flags`, `label`, `data`) VALUES('78', 'FieldtypeTextLanguage', 'headline', '0', 'Headline', '{\"description\":\"Use this instead of the field above if more text is needed for the page than for the navigation. \",\"textformatters\":[\"TextformatterEntities\"],\"collapsed\":2,\"size\":0,\"maxlength\":1024,\"langBlankInherit\":1,\"label1012\":\"\\u00dcberschrift\",\"description1012\":\"Verwenden Sie diese statt dem obigen Feld, wenn mehr Text f\\u00fcr die Seite als f\\u00fcr die Navigation ben\\u00f6tigt wird.j\"}');
INSERT INTO `fields` (`id`, `type`, `name`, `flags`, `label`, `data`) VALUES('97', 'FieldtypeFile', 'language_files', '24', 'Core Translation Files', '{\"extensions\":\"json csv\",\"maxFiles\":0,\"inputfieldClass\":\"InputfieldFile\",\"unzip\":1,\"descriptionRows\":0,\"fileSchema\":14,\"outputFormat\":0,\"defaultValuePage\":0,\"clone_field\":1,\"description\":\"Use this for field for [language packs](http:\\/\\/modules.processwire.com\\/categories\\/language-pack\\/). To delete all files, double-click the trash can for any file, then save.\"}');
INSERT INTO `fields` (`id`, `type`, `name`, `flags`, `label`, `data`) VALUES('98', 'FieldtypePage', 'language', '24', 'Language', '{\"derefAsPage\":1,\"parent_id\":1009,\"labelFieldName\":\"title\",\"inputfield\":\"InputfieldRadios\",\"required\":1}');
INSERT INTO `fields` (`id`, `type`, `name`, `flags`, `label`, `data`) VALUES('100', 'FieldtypeFile', 'language_files_site', '24', 'Site Translation Files', '{\"description\":\"Use this for field for translations specific to your site (like files in \\/site\\/templates\\/ for example).\",\"extensions\":\"json csv\",\"maxFiles\":0,\"inputfieldClass\":\"InputfieldFile\",\"unzip\":1,\"descriptionRows\":0,\"fileSchema\":14}');
INSERT INTO `fields` (`id`, `type`, `name`, `flags`, `label`, `data`) VALUES('103', 'FieldtypeModule', 'admin_theme', '8', 'Admin Theme', '{\"moduleTypes\":[\"AdminTheme\"],\"labelField\":\"title\",\"inputfieldClass\":\"InputfieldRadios\"}');
INSERT INTO `fields` (`id`, `type`, `name`, `flags`, `label`, `data`) VALUES('104', 'FieldtypeRepeater', 'text_fields', '0', 'Textblocks', '{\"label1012\":\"Textbl\\u00f6cke\",\"template_id\":44,\"parent_id\":1028,\"repeaterFields\":[78,106,105],\"repeaterTitle\":\"#n: {headline}\",\"repeaterAddLabel1012\":\"Neuer Textblock\",\"repeaterCollapse\":1,\"repeaterLoading\":1,\"collapsed\":0,\"repeaterAddLabel\":\"New textblock\"}');
INSERT INTO `fields` (`id`, `type`, `name`, `flags`, `label`, `data`) VALUES('107', 'FieldtypeCheckbox', 'image_alignment', '0', '', '{\"label1012\":\"Bildausrichtung\",\"collapsed\":0,\"columnWidth\":25}');
INSERT INTO `fields` (`id`, `type`, `name`, `flags`, `label`, `data`) VALUES('108', 'FieldtypeRepeater', 'simple_textblocks', '0', 'Simple textblocks', '{\"label1012\":\"Einfache Textbl\\u00f6cke\",\"template_id\":45,\"parent_id\":1031,\"repeaterFields\":[78,106],\"repeaterTitle\":\"#n: {headline}\",\"repeaterCollapse\":1,\"repeaterLoading\":1,\"collapsed\":0}');
INSERT INTO `fields` (`id`, `type`, `name`, `flags`, `label`, `data`) VALUES('109', 'FieldtypeFieldsetOpen', 'fieldset_why', '0', 'Why block', '{\"label1012\":\"Warum Block\",\"closeFieldID\":110,\"collapsed\":1}');
INSERT INTO `fields` (`id`, `type`, `name`, `flags`, `label`, `data`) VALUES('110', 'FieldtypeFieldsetClose', 'fieldset_why_END', '0', 'Close an open fieldset', '{\"description\":\"This field was added automatically to accompany fieldset \'fieldset_why\'.  It should be placed in your template\\/fieldgroup wherever you want the fieldset to end.\",\"openFieldID\":109}');
INSERT INTO `fields` (`id`, `type`, `name`, `flags`, `label`, `data`) VALUES('111', 'FieldtypeRepeater', 'repeater_why', '0', 'Why blocks', '{\"label1012\":\"Warum Bl\\u00f6cke\",\"template_id\":46,\"parent_id\":1033,\"repeaterFields\":[78,106,112],\"repeaterCollapse\":1,\"repeaterLoading\":1,\"collapsed\":0}');
INSERT INTO `fields` (`id`, `type`, `name`, `flags`, `label`, `data`) VALUES('112', 'FieldtypeImage', 'image_why', '0', 'Why image', '{\"label1012\":\"Warum Bild\",\"extensions\":\"gif jpg jpeg png\",\"maxFiles\":1,\"outputFormat\":0,\"defaultValuePage\":0,\"useTags\":0,\"inputfieldClass\":\"InputfieldImage\",\"descriptionRows\":1,\"gridMode\":\"grid\",\"focusMode\":\"on\",\"resizeServer\":0,\"clientQuality\":90,\"maxReject\":0,\"dimensionsByAspectRatio\":0,\"fileSchema\":270}');
INSERT INTO `fields` (`id`, `type`, `name`, `flags`, `label`, `data`) VALUES('113', 'FieldtypeTextLanguage', 'subheadline', '0', 'Subheadline', '{\"label1012\":\"Zweite \\u00dcberschrift\",\"minlength\":0,\"maxlength\":2048,\"showCount\":0,\"size\":0}');
INSERT INTO `fields` (`id`, `type`, `name`, `flags`, `label`, `data`) VALUES('114', 'FieldtypeText', 'why_headline', '0', 'Why headline', '{\"label1012\":\"Warum \\u00dcberschrift\"}');
INSERT INTO `fields` (`id`, `type`, `name`, `flags`, `label`, `data`) VALUES('115', 'FieldtypeText', 'why_subheadline', '0', 'Why subheadline', '{\"label1012\":\"Warum zweite \\u00dcberschrift\"}');
INSERT INTO `fields` (`id`, `type`, `name`, `flags`, `label`, `data`) VALUES('116', 'FieldtypeFieldsetOpen', 'fieldset_teaser', '0', 'Teaser', '{\"label1012\":\"Teaser\",\"closeFieldID\":117,\"collapsed\":1}');
INSERT INTO `fields` (`id`, `type`, `name`, `flags`, `label`, `data`) VALUES('117', 'FieldtypeFieldsetClose', 'fieldset_teaser_END', '0', 'Close an open fieldset', '{\"description\":\"This field was added automatically to accompany fieldset \'fieldset_teaser\'.  It should be placed in your template\\/fieldgroup wherever you want the fieldset to end.\",\"openFieldID\":116}');
INSERT INTO `fields` (`id`, `type`, `name`, `flags`, `label`, `data`) VALUES('118', 'FieldtypeImage', 'teaer_image', '0', 'Teaserimage', '{\"label1012\":\"Teaserbild\",\"extensions\":\"gif jpg jpeg png\",\"maxFiles\":1,\"outputFormat\":0,\"defaultValuePage\":0,\"useTags\":0,\"inputfieldClass\":\"InputfieldImage\",\"descriptionRows\":1,\"gridMode\":\"grid\",\"focusMode\":\"on\",\"resizeServer\":0,\"clientQuality\":90,\"maxReject\":0,\"dimensionsByAspectRatio\":0,\"fileSchema\":270}');
INSERT INTO `fields` (`id`, `type`, `name`, `flags`, `label`, `data`) VALUES('119', 'FieldtypeTextareaLanguage', 'teaser_text', '0', 'Teasertext', '{\"label1012\":\"Teasertext\"}');
INSERT INTO `fields` (`id`, `type`, `name`, `flags`, `label`, `data`) VALUES('120', 'FieldtypeURL', 'teaser_link', '0', 'Link', '{\"label1012\":\"Teaserlink\",\"noRelative\":0,\"allowIDN\":0,\"allowQuotes\":0,\"addRoot\":0,\"collapsed\":0,\"minlength\":0,\"maxlength\":1024,\"showCount\":0,\"size\":0}');
INSERT INTO `fields` (`id`, `type`, `name`, `flags`, `label`, `data`) VALUES('121', 'FieldtypeTextLanguage', 'teaser_linktext', '0', 'Link Label', '{\"label1012\":\"Teaserlink Label\",\"langBlankInherit\":0,\"collapsed\":0,\"minlength\":0,\"maxlength\":2048,\"showCount\":0,\"size\":0}');
INSERT INTO `fields` (`id`, `type`, `name`, `flags`, `label`, `data`) VALUES('122', 'FieldtypeTextLanguage', 'teaser_headline', '0', 'Teaserheadline', '{\"label1012\":\"Teaser\\u00fcberschrift\"}');
INSERT INTO `fields` (`id`, `type`, `name`, `flags`, `label`, `data`) VALUES('123', 'FieldtypeImage', 'coverimage', '0', 'Coverimage', '{\"label1012\":\"Coverbild\",\"extensions\":\"gif jpg jpeg png\",\"maxFiles\":1,\"outputFormat\":0,\"defaultValuePage\":0,\"useTags\":0,\"inputfieldClass\":\"InputfieldImage\",\"descriptionRows\":1,\"gridMode\":\"grid\",\"focusMode\":\"on\",\"resizeServer\":0,\"clientQuality\":90,\"maxReject\":0,\"dimensionsByAspectRatio\":0,\"fileSchema\":270}');
INSERT INTO `fields` (`id`, `type`, `name`, `flags`, `label`, `data`) VALUES('124', 'FieldtypeImage', 'board_images', '0', 'Board Images', '{\"label1012\":\"Bilder\",\"extensions\":\"gif jpg jpeg png\",\"maxFiles\":0,\"outputFormat\":0,\"defaultValuePage\":0,\"useTags\":0,\"inputfieldClass\":\"InputfieldCroppableImage3\",\"descriptionRows\":1,\"gridMode\":\"grid\",\"focusMode\":\"on\",\"resizeServer\":0,\"clientQuality\":90,\"maxReject\":0,\"dimensionsByAspectRatio\":0,\"fileSchema\":270}');
INSERT INTO `fields` (`id`, `type`, `name`, `flags`, `label`, `data`) VALUES('125', 'FieldtypeTextareaLanguage', 'board_features', '0', 'Features', '{\"label1012\":\"Features\",\"inputfieldClass\":\"InputfieldCKEditor\",\"contentType\":1,\"langBlankInherit\":0,\"collapsed\":0,\"minlength\":0,\"maxlength\":0,\"showCount\":0,\"rows\":5}');
INSERT INTO `fields` (`id`, `type`, `name`, `flags`, `label`, `data`) VALUES('128', 'FieldtypeTextarea', 'video_url', '0', 'Video (Youtube / Vimeo)', '{\"textformatters\":[\"TextformatterVideoEmbed\"],\"minlength\":0,\"maxlength\":2048,\"showCount\":0,\"size\":0,\"inputfieldClass\":\"InputfieldCKEditor\",\"contentType\":0,\"collapsed\":0,\"rows\":5}');
INSERT INTO `fields` (`id`, `type`, `name`, `flags`, `label`, `data`) VALUES('127', 'FieldtypeOptions', 'page_color', '0', 'Page Color', '{\"inputfieldClass\":\"InputfieldSelect\",\"collapsed\":0,\"columnWidth\":50}');
INSERT INTO `fields` (`id`, `type`, `name`, `flags`, `label`, `data`) VALUES('165', 'FieldtypeText', 'customer_street', '0', 'Street', '{\"textformatters\":[\"TextformatterEntities\"],\"collapsed\":0,\"minlength\":0,\"maxlength\":2048,\"showCount\":0,\"size\":0}');
INSERT INTO `fields` (`id`, `type`, `name`, `flags`, `label`, `data`) VALUES('166', 'FieldtypeText', 'customer_zipcode', '0', 'Zipcode', '{\"textformatters\":[\"TextformatterEntities\"],\"collapsed\":0,\"minlength\":0,\"maxlength\":2048,\"showCount\":0,\"size\":0}');
INSERT INTO `fields` (`id`, `type`, `name`, `flags`, `label`, `data`) VALUES('167', 'FieldtypeText', 'order_delivery_city', '0', 'Delivery city', '{\"textformatters\":[\"TextformatterEntities\"],\"collapsed\":0,\"minlength\":0,\"maxlength\":2048,\"showCount\":0,\"size\":0}');
INSERT INTO `fields` (`id`, `type`, `name`, `flags`, `label`, `data`) VALUES('162', 'FieldtypeText', 'customer_city', '0', 'City', '{\"textformatters\":[\"TextformatterEntities\"],\"collapsed\":0,\"minlength\":0,\"maxlength\":2048,\"showCount\":0,\"size\":0}');
INSERT INTO `fields` (`id`, `type`, `name`, `flags`, `label`, `data`) VALUES('163', 'FieldtypeText', 'customer_country', '0', 'Country', '{\"textformatters\":[\"TextformatterEntities\"],\"collapsed\":0,\"minlength\":0,\"maxlength\":2048,\"showCount\":0,\"size\":0}');
INSERT INTO `fields` (`id`, `type`, `name`, `flags`, `label`, `data`) VALUES('164', 'FieldtypeText', 'customer_email', '0', 'Email', '{\"textformatters\":[\"TextformatterEntities\"],\"collapsed\":0,\"minlength\":0,\"maxlength\":2048,\"showCount\":0,\"size\":0}');
INSERT INTO `fields` (`id`, `type`, `name`, `flags`, `label`, `data`) VALUES('131', 'FieldtypeText', 'price', '0', 'Product Price (Euro)', '{\"notes\":\"Decimal with a dot (.) as separator e.g. 19.99\",\"maxlength\":20,\"required\":1,\"pattern\":\"[-+]?[0-9]*[.]?[0-9]+\",\"tags\":\"Snipcart\",\"collapsed\":0,\"minlength\":0,\"showCount\":0,\"size\":0}');
INSERT INTO `fields` (`id`, `type`, `name`, `flags`, `label`, `data`) VALUES('134', 'FieldtypeImage', 'product_images', '0', 'Product Image(s)', '{\"description\":\"The product image(s) your customers will see on product pages in cart and during checkout.\",\"notes\":\"The image on first position will be used as the Snipcart thumbnail image. Only this image will be used in cart and during checkout\",\"extensions\":\"gif jpg jpeg png\",\"tags\":\"Snipcart\",\"fileSchema\":270,\"maxFiles\":0,\"outputFormat\":0,\"defaultValuePage\":0,\"useTags\":0,\"inputfieldClass\":\"InputfieldImage\",\"collapsed\":0,\"columnWidth\":50,\"required\":1,\"descriptionRows\":1,\"gridMode\":\"grid\",\"focusMode\":\"on\",\"resizeServer\":0,\"clientQuality\":90,\"maxReject\":0,\"dimensionsByAspectRatio\":0}');
INSERT INTO `fields` (`id`, `type`, `name`, `flags`, `label`, `data`) VALUES('174', 'FieldtypeTextareaLanguage', 'email_text_top', '0', 'Email text top', '{\"textformatters\":[\"TextformatterEntities\"],\"inputfieldClass\":\"InputfieldTextarea\",\"contentType\":0,\"minlength\":0,\"maxlength\":0,\"showCount\":0,\"rows\":5}');
INSERT INTO `fields` (`id`, `type`, `name`, `flags`, `label`, `data`) VALUES('175', 'FieldtypeTextareaLanguage', 'email_text_bottom', '0', 'Email text bottom', '{\"textformatters\":[\"TextformatterEntities\"],\"inputfieldClass\":\"InputfieldTextarea\",\"contentType\":0,\"minlength\":0,\"maxlength\":0,\"showCount\":0,\"rows\":5}');
INSERT INTO `fields` (`id`, `type`, `name`, `flags`, `label`, `data`) VALUES('176', 'FieldtypeTextarea', 'order_text', '0', 'Order', '{\"textformatters\":[\"TextformatterEntities\"],\"inputfieldClass\":\"InputfieldCKEditor\",\"contentType\":0,\"collapsed\":0,\"minlength\":0,\"maxlength\":0,\"showCount\":0,\"rows\":5,\"toolbar\":\"Format, Styles, -, Bold, Italic, -, RemoveFormat\\nNumberedList, BulletedList, -, Blockquote\\nPWLink, Unlink, Anchor\\nPWImage, Table, HorizontalRule, SpecialChar\\nPasteText, PasteFromWord\\nScayt, -, Sourcedialog\",\"inlineMode\":0,\"useACF\":1,\"usePurifier\":1,\"formatTags\":\"p;h1;h2;h3;h4;h5;h6;pre;address\",\"extraPlugins\":[\"pwimage\",\"pwlink\",\"sourcedialog\"],\"removePlugins\":\"image,magicline\"}');
INSERT INTO `fields` (`id`, `type`, `name`, `flags`, `label`, `data`) VALUES('177', 'FieldtypeEmail', 'mail_admin', '0', 'Admin email', '{\"textformatters\":[\"TextformatterEntities\"],\"collapsed\":0,\"minlength\":0,\"maxlength\":250,\"showCount\":0,\"size\":0}');
INSERT INTO `fields` (`id`, `type`, `name`, `flags`, `label`, `data`) VALUES('152', 'FieldtypeRepeater', 'prod_variant_item', '0', 'Variant item', '{\"template_id\":52,\"parent_id\":1085,\"repeaterFields\":[1,131],\"repeaterCollapse\":0,\"repeaterLoading\":1,\"collapsed\":0,\"repeaterTitle\":\"#n: {title} - +{snipcart_item_price_eur}\\u20ac\"}');
INSERT INTO `fields` (`id`, `type`, `name`, `flags`, `label`, `data`) VALUES('153', 'FieldtypeRepeater', 'prod_variants', '0', 'Variants', '{\"template_id\":53,\"parent_id\":1086,\"repeaterFields\":[1,152],\"repeaterCollapse\":0,\"repeaterLoading\":1,\"collapsed\":0,\"repeaterTitle\":\"#n: {title}\"}');
INSERT INTO `fields` (`id`, `type`, `name`, `flags`, `label`, `data`) VALUES('154', 'FieldtypeImage', 'shop_coverimage', '0', 'Shop Image for tile', '{\"fileSchema\":270,\"extensions\":\"gif jpg jpeg png\",\"maxFiles\":1,\"outputFormat\":0,\"defaultValuePage\":0,\"useTags\":0,\"inputfieldClass\":\"InputfieldImage\",\"descriptionRows\":1,\"gridMode\":\"grid\",\"focusMode\":\"on\",\"resizeServer\":0,\"clientQuality\":90,\"maxReject\":0,\"dimensionsByAspectRatio\":0}');
INSERT INTO `fields` (`id`, `type`, `name`, `flags`, `label`, `data`) VALUES('155', 'FieldtypeTextLanguage', 'board_style', '0', 'Board Styles (Freeride / Freestyle)', '{\"langBlankInherit\":0,\"collapsed\":0,\"minlength\":0,\"maxlength\":2048,\"showCount\":0,\"size\":0}');
INSERT INTO `fields` (`id`, `type`, `name`, `flags`, `label`, `data`) VALUES('156', 'FieldtypeTextareaLanguage', 'body_2', '0', 'Body right side', '{\"inputfieldClass\":\"InputfieldCKEditor\",\"contentType\":1,\"langBlankInherit\":0,\"collapsed\":0,\"minlength\":0,\"maxlength\":0,\"showCount\":0,\"rows\":5,\"htmlOptions\":[2,4,8,16],\"toolbar\":\"Format, Styles, -, Bold, Italic, -, RemoveFormat\\nNumberedList, BulletedList, -, Blockquote\\nPWLink, Unlink, Anchor\\nPWImage, Table, HorizontalRule, SpecialChar\\nPasteText, PasteFromWord\\nScayt, -, Sourcedialog\",\"inlineMode\":0,\"useACF\":1,\"usePurifier\":1,\"formatTags\":\"p;h1;h2;h3;h4;h5;h6;pre;address\",\"extraPlugins\":[\"pwimage\",\"pwlink\",\"sourcedialog\"],\"removePlugins\":\"image,magicline\"}');
INSERT INTO `fields` (`id`, `type`, `name`, `flags`, `label`, `data`) VALUES('157', 'FieldtypeCheckbox', 'hide_header', '0', 'Hide header', '{\"collapsed\":0,\"columnWidth\":50}');
INSERT INTO `fields` (`id`, `type`, `name`, `flags`, `label`, `data`) VALUES('158', 'FieldtypeRepeater', 'bigLinks', '0', 'Tile links', '{\"template_id\":56,\"parent_id\":1227,\"repeaterFields\":[1,105,76,120,121],\"repeaterCollapse\":0,\"repeaterLoading\":1,\"collapsed\":0,\"repeaterTitle\":\"#n: {title}\",\"repeaterMaxItems\":4}');
INSERT INTO `fields` (`id`, `type`, `name`, `flags`, `label`, `data`) VALUES('159', 'FieldtypeColorPicker', 'color', '0', 'Color', '{\"formatting\":1,\"collapsed\":0}');
INSERT INTO `fields` (`id`, `type`, `name`, `flags`, `label`, `data`) VALUES('161', 'FieldtypeRepeater', 'prod_custom_variant_item', '0', 'Custom Variant Item', '{\"template_id\":58,\"parent_id\":1243,\"repeaterFields\":[1,159,131],\"repeaterTitle\":\"#n: {title} - +{snipcart_item_price_eur}\\u20ac\",\"repeaterCollapse\":0,\"repeaterLoading\":1,\"collapsed\":0}');
INSERT INTO `fields` (`id`, `type`, `name`, `flags`, `label`, `data`) VALUES('160', 'FieldtypeRepeater', 'prod_custom_variants', '0', 'Custom Variants', '{\"template_id\":57,\"parent_id\":1242,\"repeaterCollapse\":0,\"repeaterLoading\":1,\"collapsed\":0,\"repeaterFields\":[1,161],\"repeaterTitle\":\"#n: {title}\"}');
INSERT INTO `fields` (`id`, `type`, `name`, `flags`, `label`, `data`) VALUES('168', 'FieldtypeText', 'order_delivery_street', '0', 'Delivery street', '{\"textformatters\":[\"TextformatterEntities\"],\"collapsed\":0,\"minlength\":0,\"maxlength\":2048,\"showCount\":0,\"size\":0}');
INSERT INTO `fields` (`id`, `type`, `name`, `flags`, `label`, `data`) VALUES('169', 'FieldtypeText', 'order_delivery_zipcode', '0', 'Delivery zipcode', '{\"textformatters\":[\"TextformatterEntities\"],\"collapsed\":0,\"minlength\":0,\"maxlength\":2048,\"showCount\":0,\"size\":0}');
INSERT INTO `fields` (`id`, `type`, `name`, `flags`, `label`, `data`) VALUES('170', 'FieldtypeText', 'customer_phone', '0', 'Phone', '{\"textformatters\":[\"TextformatterEntities\"],\"collapsed\":0,\"minlength\":0,\"maxlength\":2048,\"showCount\":0,\"size\":0}');
INSERT INTO `fields` (`id`, `type`, `name`, `flags`, `label`, `data`) VALUES('171', 'FieldtypeTextarea', 'order_wish', '0', 'Wishes', '{\"textformatters\":[\"TextformatterEntities\"],\"inputfieldClass\":\"InputfieldTextarea\",\"contentType\":0,\"collapsed\":0,\"minlength\":0,\"maxlength\":0,\"showCount\":0,\"rows\":5}');
INSERT INTO `fields` (`id`, `type`, `name`, `flags`, `label`, `data`) VALUES('172', 'FieldtypeText', 'order_delivery_country', '0', 'Delivery country', '{\"textformatters\":[\"TextformatterEntities\"],\"collapsed\":0,\"minlength\":0,\"maxlength\":2048,\"showCount\":0,\"size\":0}');
INSERT INTO `fields` (`id`, `type`, `name`, `flags`, `label`, `data`) VALUES('173', 'FieldtypeFloat', 'order_total', '0', 'Total price', '{\"precision\":2,\"zeroNotEmpty\":0,\"collapsed\":0,\"inputType\":\"text\",\"size\":10}');

DROP TABLE IF EXISTS `fieldtype_options`;
CREATE TABLE `fieldtype_options` (
  `fields_id` int(10) unsigned NOT NULL,
  `option_id` int(10) unsigned NOT NULL,
  `title` text,
  `value` varchar(230) DEFAULT NULL,
  `sort` int(10) unsigned NOT NULL,
  `title1012` text,
  `value1012` varchar(230) DEFAULT NULL,
  `title1013` text,
  `value1013` varchar(230) DEFAULT NULL,
  PRIMARY KEY (`fields_id`,`option_id`),
  UNIQUE KEY `title` (`title`(230),`fields_id`),
  UNIQUE KEY `title1012` (`title1012`(230),`fields_id`),
  UNIQUE KEY `title1013` (`title1013`(230),`fields_id`),
  KEY `value` (`value`,`fields_id`),
  KEY `sort` (`sort`,`fields_id`),
  KEY `value1012` (`value1012`,`fields_id`),
  KEY `value1013` (`value1013`,`fields_id`),
  FULLTEXT KEY `title_value` (`title`,`value`),
  FULLTEXT KEY `title1012_value1012` (`title1012`,`value1012`),
  FULLTEXT KEY `title1013_value1013` (`title1013`,`value1013`)
) ENGINE=MyISAM DEFAULT CHARSET=utf8;

INSERT INTO `fieldtype_options` (`fields_id`, `option_id`, `title`, `value`, `sort`, `title1012`, `value1012`, `title1013`, `value1013`) VALUES('127', '2', 'light', '', '1', NULL, NULL, NULL, NULL);
INSERT INTO `fieldtype_options` (`fields_id`, `option_id`, `title`, `value`, `sort`, `title1012`, `value1012`, `title1013`, `value1013`) VALUES('127', '1', 'dark', '', '0', NULL, NULL, NULL, NULL);
INSERT INTO `fieldtype_options` (`fields_id`, `option_id`, `title`, `value`, `sort`, `title1012`, `value1012`, `title1013`, `value1013`) VALUES('147', '1', 'Day', 'Day', '0', NULL, NULL, NULL, NULL);
INSERT INTO `fieldtype_options` (`fields_id`, `option_id`, `title`, `value`, `sort`, `title1012`, `value1012`, `title1013`, `value1013`) VALUES('147', '2', 'Week', 'Week', '1', NULL, NULL, NULL, NULL);
INSERT INTO `fieldtype_options` (`fields_id`, `option_id`, `title`, `value`, `sort`, `title1012`, `value1012`, `title1013`, `value1013`) VALUES('147', '3', 'Month', 'Month', '2', NULL, NULL, NULL, NULL);
INSERT INTO `fieldtype_options` (`fields_id`, `option_id`, `title`, `value`, `sort`, `title1012`, `value1012`, `title1013`, `value1013`) VALUES('147', '4', 'Year', 'Year', '3', NULL, NULL, NULL, NULL);

DROP TABLE IF EXISTS `modules`;
CREATE TABLE `modules` (
  `id` int(10) unsigned NOT NULL AUTO_INCREMENT,
  `class` varchar(128) CHARACTER SET ascii NOT NULL,
  `flags` int(11) NOT NULL DEFAULT '0',
  `data` text NOT NULL,
  `created` timestamp NOT NULL DEFAULT CURRENT_TIMESTAMP,
  PRIMARY KEY (`id`),
  UNIQUE KEY `class` (`class`)
) ENGINE=MyISAM AUTO_INCREMENT=194 DEFAULT CHARSET=utf8;

INSERT INTO `modules` (`id`, `class`, `flags`, `data`, `created`) VALUES('1', 'FieldtypeTextarea', '1', '', '2020-02-05 08:51:13');
INSERT INTO `modules` (`id`, `class`, `flags`, `data`, `created`) VALUES('2', 'FieldtypeNumber', '0', '', '2020-02-05 08:51:13');
INSERT INTO `modules` (`id`, `class`, `flags`, `data`, `created`) VALUES('3', 'FieldtypeText', '1', '', '2020-02-05 08:51:13');
INSERT INTO `modules` (`id`, `class`, `flags`, `data`, `created`) VALUES('4', 'FieldtypePage', '3', '', '2020-02-05 08:51:13');
INSERT INTO `modules` (`id`, `class`, `flags`, `data`, `created`) VALUES('30', 'InputfieldForm', '0', '', '2020-02-05 08:51:13');
INSERT INTO `modules` (`id`, `class`, `flags`, `data`, `created`) VALUES('6', 'FieldtypeFile', '1', '', '2020-02-05 08:51:13');
INSERT INTO `modules` (`id`, `class`, `flags`, `data`, `created`) VALUES('7', 'ProcessPageEdit', '1', '', '2020-02-05 08:51:13');
INSERT INTO `modules` (`id`, `class`, `flags`, `data`, `created`) VALUES('10', 'ProcessLogin', '0', '', '2020-02-05 08:51:13');
INSERT INTO `modules` (`id`, `class`, `flags`, `data`, `created`) VALUES('12', 'ProcessPageList', '0', '{\"pageLabelField\":\"title\",\"paginationLimit\":25,\"limit\":50}', '2020-02-05 08:51:13');
INSERT INTO `modules` (`id`, `class`, `flags`, `data`, `created`) VALUES('121', 'ProcessPageEditLink', '1', '', '2020-02-05 08:51:13');
INSERT INTO `modules` (`id`, `class`, `flags`, `data`, `created`) VALUES('14', 'ProcessPageSort', '0', '', '2020-02-05 08:51:13');
INSERT INTO `modules` (`id`, `class`, `flags`, `data`, `created`) VALUES('15', 'InputfieldPageListSelect', '0', '', '2020-02-05 08:51:13');
INSERT INTO `modules` (`id`, `class`, `flags`, `data`, `created`) VALUES('117', 'JqueryUI', '1', '', '2020-02-05 08:51:13');
INSERT INTO `modules` (`id`, `class`, `flags`, `data`, `created`) VALUES('17', 'ProcessPageAdd', '0', '', '2020-02-05 08:51:13');
INSERT INTO `modules` (`id`, `class`, `flags`, `data`, `created`) VALUES('125', 'SessionLoginThrottle', '11', '', '2020-02-05 08:51:13');
INSERT INTO `modules` (`id`, `class`, `flags`, `data`, `created`) VALUES('122', 'InputfieldPassword', '0', '', '2020-02-05 08:51:13');
INSERT INTO `modules` (`id`, `class`, `flags`, `data`, `created`) VALUES('25', 'InputfieldAsmSelect', '0', '', '2020-02-05 08:51:13');
INSERT INTO `modules` (`id`, `class`, `flags`, `data`, `created`) VALUES('116', 'JqueryCore', '1', '', '2020-02-05 08:51:13');
INSERT INTO `modules` (`id`, `class`, `flags`, `data`, `created`) VALUES('27', 'FieldtypeModule', '1', '', '2020-02-05 08:51:13');
INSERT INTO `modules` (`id`, `class`, `flags`, `data`, `created`) VALUES('28', 'FieldtypeDatetime', '0', '', '2020-02-05 08:51:13');
INSERT INTO `modules` (`id`, `class`, `flags`, `data`, `created`) VALUES('29', 'FieldtypeEmail', '1', '', '2020-02-05 08:51:13');
INSERT INTO `modules` (`id`, `class`, `flags`, `data`, `created`) VALUES('108', 'InputfieldURL', '0', '', '2020-02-05 08:51:13');
INSERT INTO `modules` (`id`, `class`, `flags`, `data`, `created`) VALUES('32', 'InputfieldSubmit', '0', '', '2020-02-05 08:51:13');
INSERT INTO `modules` (`id`, `class`, `flags`, `data`, `created`) VALUES('33', 'InputfieldWrapper', '0', '', '2020-02-05 08:51:13');
INSERT INTO `modules` (`id`, `class`, `flags`, `data`, `created`) VALUES('34', 'InputfieldText', '0', '', '2020-02-05 08:51:13');
INSERT INTO `modules` (`id`, `class`, `flags`, `data`, `created`) VALUES('35', 'InputfieldTextarea', '0', '', '2020-02-05 08:51:13');
INSERT INTO `modules` (`id`, `class`, `flags`, `data`, `created`) VALUES('36', 'InputfieldSelect', '0', '', '2020-02-05 08:51:13');
INSERT INTO `modules` (`id`, `class`, `flags`, `data`, `created`) VALUES('37', 'InputfieldCheckbox', '0', '', '2020-02-05 08:51:13');
INSERT INTO `modules` (`id`, `class`, `flags`, `data`, `created`) VALUES('38', 'InputfieldCheckboxes', '0', '', '2020-02-05 08:51:13');
INSERT INTO `modules` (`id`, `class`, `flags`, `data`, `created`) VALUES('39', 'InputfieldRadios', '0', '', '2020-02-05 08:51:13');
INSERT INTO `modules` (`id`, `class`, `flags`, `data`, `created`) VALUES('40', 'InputfieldHidden', '0', '', '2020-02-05 08:51:13');
INSERT INTO `modules` (`id`, `class`, `flags`, `data`, `created`) VALUES('41', 'InputfieldName', '0', '', '2020-02-05 08:51:13');
INSERT INTO `modules` (`id`, `class`, `flags`, `data`, `created`) VALUES('43', 'InputfieldSelectMultiple', '0', '', '2020-02-05 08:51:13');
INSERT INTO `modules` (`id`, `class`, `flags`, `data`, `created`) VALUES('45', 'JqueryWireTabs', '0', '', '2020-02-05 08:51:13');
INSERT INTO `modules` (`id`, `class`, `flags`, `data`, `created`) VALUES('46', 'ProcessPage', '0', '', '2020-02-05 08:51:13');
INSERT INTO `modules` (`id`, `class`, `flags`, `data`, `created`) VALUES('47', 'ProcessTemplate', '0', '', '2020-02-05 08:51:13');
INSERT INTO `modules` (`id`, `class`, `flags`, `data`, `created`) VALUES('48', 'ProcessField', '32', '', '2020-02-05 08:51:13');
INSERT INTO `modules` (`id`, `class`, `flags`, `data`, `created`) VALUES('50', 'ProcessModule', '0', '', '2020-02-05 08:51:13');
INSERT INTO `modules` (`id`, `class`, `flags`, `data`, `created`) VALUES('114', 'PagePermissions', '3', '', '2020-02-05 08:51:13');
INSERT INTO `modules` (`id`, `class`, `flags`, `data`, `created`) VALUES('97', 'FieldtypeCheckbox', '1', '', '2020-02-05 08:51:13');
INSERT INTO `modules` (`id`, `class`, `flags`, `data`, `created`) VALUES('115', 'PageRender', '3', '{\"clearCache\":1}', '2020-02-05 08:51:13');
INSERT INTO `modules` (`id`, `class`, `flags`, `data`, `created`) VALUES('55', 'InputfieldFile', '0', '', '2020-02-05 08:51:13');
INSERT INTO `modules` (`id`, `class`, `flags`, `data`, `created`) VALUES('56', 'InputfieldImage', '0', '', '2020-02-05 08:51:13');
INSERT INTO `modules` (`id`, `class`, `flags`, `data`, `created`) VALUES('57', 'FieldtypeImage', '1', '', '2020-02-05 08:51:13');
INSERT INTO `modules` (`id`, `class`, `flags`, `data`, `created`) VALUES('60', 'InputfieldPage', '0', '{\"inputfieldClasses\":[\"InputfieldSelect\",\"InputfieldSelectMultiple\",\"InputfieldCheckboxes\",\"InputfieldRadios\",\"InputfieldAsmSelect\",\"InputfieldPageListSelect\",\"InputfieldPageListSelectMultiple\",\"InputfieldPageAutocomplete\"]}', '2020-02-05 08:51:13');
INSERT INTO `modules` (`id`, `class`, `flags`, `data`, `created`) VALUES('61', 'TextformatterEntities', '0', '', '2020-02-05 08:51:13');
INSERT INTO `modules` (`id`, `class`, `flags`, `data`, `created`) VALUES('66', 'ProcessUser', '0', '{\"showFields\":[\"name\",\"email\",\"roles\"]}', '2020-02-05 08:51:13');
INSERT INTO `modules` (`id`, `class`, `flags`, `data`, `created`) VALUES('67', 'MarkupAdminDataTable', '0', '', '2020-02-05 08:51:13');
INSERT INTO `modules` (`id`, `class`, `flags`, `data`, `created`) VALUES('68', 'ProcessRole', '0', '{\"showFields\":[\"name\"]}', '2020-02-05 08:51:13');
INSERT INTO `modules` (`id`, `class`, `flags`, `data`, `created`) VALUES('76', 'ProcessList', '0', '', '2020-02-05 08:51:13');
INSERT INTO `modules` (`id`, `class`, `flags`, `data`, `created`) VALUES('78', 'InputfieldFieldset', '0', '', '2020-02-05 08:51:13');
INSERT INTO `modules` (`id`, `class`, `flags`, `data`, `created`) VALUES('79', 'InputfieldMarkup', '0', '', '2020-02-05 08:51:13');
INSERT INTO `modules` (`id`, `class`, `flags`, `data`, `created`) VALUES('80', 'InputfieldEmail', '0', '', '2020-02-05 08:51:13');
INSERT INTO `modules` (`id`, `class`, `flags`, `data`, `created`) VALUES('89', 'FieldtypeFloat', '1', '', '2020-02-05 08:51:13');
INSERT INTO `modules` (`id`, `class`, `flags`, `data`, `created`) VALUES('83', 'ProcessPageView', '0', '', '2020-02-05 08:51:13');
INSERT INTO `modules` (`id`, `class`, `flags`, `data`, `created`) VALUES('84', 'FieldtypeInteger', '1', '', '2020-02-05 08:51:13');
INSERT INTO `modules` (`id`, `class`, `flags`, `data`, `created`) VALUES('85', 'InputfieldInteger', '0', '', '2020-02-05 08:51:13');
INSERT INTO `modules` (`id`, `class`, `flags`, `data`, `created`) VALUES('86', 'InputfieldPageName', '0', '', '2020-02-05 08:51:13');
INSERT INTO `modules` (`id`, `class`, `flags`, `data`, `created`) VALUES('87', 'ProcessHome', '0', '', '2020-02-05 08:51:13');
INSERT INTO `modules` (`id`, `class`, `flags`, `data`, `created`) VALUES('90', 'InputfieldFloat', '0', '', '2020-02-05 08:51:13');
INSERT INTO `modules` (`id`, `class`, `flags`, `data`, `created`) VALUES('94', 'InputfieldDatetime', '0', '', '2020-02-05 08:51:13');
INSERT INTO `modules` (`id`, `class`, `flags`, `data`, `created`) VALUES('98', 'MarkupPagerNav', '0', '', '2020-02-05 08:51:13');
INSERT INTO `modules` (`id`, `class`, `flags`, `data`, `created`) VALUES('129', 'ProcessPageEditImageSelect', '1', '', '2020-02-05 08:51:13');
INSERT INTO `modules` (`id`, `class`, `flags`, `data`, `created`) VALUES('103', 'JqueryTableSorter', '1', '', '2020-02-05 08:51:13');
INSERT INTO `modules` (`id`, `class`, `flags`, `data`, `created`) VALUES('104', 'ProcessPageSearch', '1', '{\"searchFields\":\"title\",\"displayField\":\"title path\"}', '2020-02-05 08:51:13');
INSERT INTO `modules` (`id`, `class`, `flags`, `data`, `created`) VALUES('105', 'FieldtypeFieldsetOpen', '1', '', '2020-02-05 08:51:13');
INSERT INTO `modules` (`id`, `class`, `flags`, `data`, `created`) VALUES('106', 'FieldtypeFieldsetClose', '1', '', '2020-02-05 08:51:13');
INSERT INTO `modules` (`id`, `class`, `flags`, `data`, `created`) VALUES('107', 'FieldtypeFieldsetTabOpen', '1', '', '2020-02-05 08:51:13');
INSERT INTO `modules` (`id`, `class`, `flags`, `data`, `created`) VALUES('109', 'ProcessPageTrash', '1', '', '2020-02-05 08:51:13');
INSERT INTO `modules` (`id`, `class`, `flags`, `data`, `created`) VALUES('111', 'FieldtypePageTitle', '1', '', '2020-02-05 08:51:13');
INSERT INTO `modules` (`id`, `class`, `flags`, `data`, `created`) VALUES('112', 'InputfieldPageTitle', '0', '', '2020-02-05 08:51:13');
INSERT INTO `modules` (`id`, `class`, `flags`, `data`, `created`) VALUES('113', 'MarkupPageArray', '3', '', '2020-02-05 08:51:13');
INSERT INTO `modules` (`id`, `class`, `flags`, `data`, `created`) VALUES('131', 'InputfieldButton', '0', '', '2020-02-05 08:51:13');
INSERT INTO `modules` (`id`, `class`, `flags`, `data`, `created`) VALUES('133', 'FieldtypePassword', '1', '', '2020-02-05 08:51:13');
INSERT INTO `modules` (`id`, `class`, `flags`, `data`, `created`) VALUES('134', 'ProcessPageType', '33', '{\"showFields\":[]}', '2020-02-05 08:51:13');
INSERT INTO `modules` (`id`, `class`, `flags`, `data`, `created`) VALUES('135', 'FieldtypeURL', '1', '', '2020-02-05 08:51:13');
INSERT INTO `modules` (`id`, `class`, `flags`, `data`, `created`) VALUES('136', 'ProcessPermission', '1', '{\"showFields\":[\"name\",\"title\"]}', '2020-02-05 08:51:13');
INSERT INTO `modules` (`id`, `class`, `flags`, `data`, `created`) VALUES('137', 'InputfieldPageListSelectMultiple', '0', '', '2020-02-05 08:51:13');
INSERT INTO `modules` (`id`, `class`, `flags`, `data`, `created`) VALUES('138', 'ProcessProfile', '1', '{\"profileFields\":[\"pass\",\"email\",\"language\",\"admin_theme\"]}', '2020-02-05 08:51:13');
INSERT INTO `modules` (`id`, `class`, `flags`, `data`, `created`) VALUES('139', 'SystemUpdater', '1', '{\"systemVersion\":18,\"coreVersion\":\"3.0.165\"}', '2020-02-05 08:51:13');
INSERT INTO `modules` (`id`, `class`, `flags`, `data`, `created`) VALUES('148', 'AdminThemeDefault', '10', '{\"colors\":\"classic\"}', '2020-02-05 08:51:13');
INSERT INTO `modules` (`id`, `class`, `flags`, `data`, `created`) VALUES('149', 'InputfieldSelector', '42', '', '2020-02-05 08:51:13');
INSERT INTO `modules` (`id`, `class`, `flags`, `data`, `created`) VALUES('150', 'ProcessPageLister', '32', '', '2020-02-05 08:51:13');
INSERT INTO `modules` (`id`, `class`, `flags`, `data`, `created`) VALUES('151', 'JqueryMagnific', '1', '', '2020-02-05 08:51:13');
INSERT INTO `modules` (`id`, `class`, `flags`, `data`, `created`) VALUES('152', 'PagePathHistory', '3', '', '2020-02-05 08:51:13');
INSERT INTO `modules` (`id`, `class`, `flags`, `data`, `created`) VALUES('155', 'InputfieldCKEditor', '0', '', '2020-02-05 08:51:13');
INSERT INTO `modules` (`id`, `class`, `flags`, `data`, `created`) VALUES('156', 'MarkupHTMLPurifier', '0', '', '2020-02-05 08:51:13');
INSERT INTO `modules` (`id`, `class`, `flags`, `data`, `created`) VALUES('158', 'LanguageSupport', '35', '{\"languagesPageID\":1009,\"defaultLanguagePageID\":1010,\"otherLanguagePageIDs\":[1012],\"languageTranslatorPageID\":1011}', '2020-02-05 08:51:13');
INSERT INTO `modules` (`id`, `class`, `flags`, `data`, `created`) VALUES('159', 'ProcessLanguage', '1', '', '2020-02-05 08:51:13');
INSERT INTO `modules` (`id`, `class`, `flags`, `data`, `created`) VALUES('160', 'ProcessLanguageTranslator', '1', '', '2020-02-05 08:51:13');
INSERT INTO `modules` (`id`, `class`, `flags`, `data`, `created`) VALUES('161', 'LanguageSupportFields', '3', '', '2020-02-05 08:51:13');
INSERT INTO `modules` (`id`, `class`, `flags`, `data`, `created`) VALUES('162', 'FieldtypeTextLanguage', '1', '', '2020-02-05 08:51:13');
INSERT INTO `modules` (`id`, `class`, `flags`, `data`, `created`) VALUES('163', 'FieldtypePageTitleLanguage', '1', '', '2020-02-05 08:51:13');
INSERT INTO `modules` (`id`, `class`, `flags`, `data`, `created`) VALUES('164', 'FieldtypeTextareaLanguage', '1', '', '2020-02-05 08:51:13');
INSERT INTO `modules` (`id`, `class`, `flags`, `data`, `created`) VALUES('165', 'LanguageSupportPageNames', '3', '{\"moduleVersion\":10,\"pageNumUrlPrefix1010\":\"page\",\"useHomeSegment\":0}', '2020-02-05 08:51:13');
INSERT INTO `modules` (`id`, `class`, `flags`, `data`, `created`) VALUES('166', 'LanguageTabs', '11', '', '2020-02-05 08:51:13');
INSERT INTO `modules` (`id`, `class`, `flags`, `data`, `created`) VALUES('168', 'ProcessRecentPages', '1', '', '2020-02-05 08:51:29');
INSERT INTO `modules` (`id`, `class`, `flags`, `data`, `created`) VALUES('169', 'AdminThemeUikit', '10', '', '2020-02-05 08:51:30');
INSERT INTO `modules` (`id`, `class`, `flags`, `data`, `created`) VALUES('170', 'ProcessLogger', '1', '', '2020-02-05 08:51:35');
INSERT INTO `modules` (`id`, `class`, `flags`, `data`, `created`) VALUES('171', 'InputfieldIcon', '0', '', '2020-02-05 08:51:35');
INSERT INTO `modules` (`id`, `class`, `flags`, `data`, `created`) VALUES('172', 'FieldtypeRepeater', '35', '{\"repeatersRootPageID\":1027,\"uninstall\":\"\",\"submit_save_module\":\"Submit\"}', '2020-04-20 06:38:23');
INSERT INTO `modules` (`id`, `class`, `flags`, `data`, `created`) VALUES('173', 'InputfieldRepeater', '0', '', '2020-04-20 06:38:23');
INSERT INTO `modules` (`id`, `class`, `flags`, `data`, `created`) VALUES('174', 'ProcessDatabaseBackups', '1', '', '2020-04-20 09:47:22');
INSERT INTO `modules` (`id`, `class`, `flags`, `data`, `created`) VALUES('175', 'CroppableImage3', '0', '', '2020-04-22 12:50:40');
INSERT INTO `modules` (`id`, `class`, `flags`, `data`, `created`) VALUES('176', 'FieldtypeCroppableImage3', '1', '', '2020-04-22 12:50:40');
INSERT INTO `modules` (`id`, `class`, `flags`, `data`, `created`) VALUES('177', 'InputfieldCroppableImage3', '0', '', '2020-04-22 12:50:40');
INSERT INTO `modules` (`id`, `class`, `flags`, `data`, `created`) VALUES('178', 'ProcessCroppableImage3', '1', '', '2020-04-22 12:50:40');
INSERT INTO `modules` (`id`, `class`, `flags`, `data`, `created`) VALUES('179', 'DiagnoseImagehandling', '1', '', '2020-04-22 12:53:13');
INSERT INTO `modules` (`id`, `class`, `flags`, `data`, `created`) VALUES('180', 'ProcessDiagnostics', '1', '', '2020-04-22 12:53:13');
INSERT INTO `modules` (`id`, `class`, `flags`, `data`, `created`) VALUES('181', 'FieldtypeOptions', '1', '', '2020-04-22 17:45:41');
INSERT INTO `modules` (`id`, `class`, `flags`, `data`, `created`) VALUES('182', 'TextformatterVideoEmbed', '1', '{\"maxWidth\":640,\"maxHeight\":480,\"responsive\":1,\"clearCache\":\"\",\"uninstall\":\"\",\"submit_save_module\":\"Submit\"}', '2020-04-23 12:28:03');
INSERT INTO `modules` (`id`, `class`, `flags`, `data`, `created`) VALUES('190', 'ProcessAssetsBackups', '1', '', '2021-03-09 15:28:06');
INSERT INTO `modules` (`id`, `class`, `flags`, `data`, `created`) VALUES('193', 'WireMailSendGrid', '0', '{\"sendGridApiKey\":\"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\",\"sendGridFromEmail\":\"hey@northroamers.com\",\"sendGridFromName\":\"Thilo from Boardschmiede\",\"sendGridReplyToEmail\":\"thilo@boardschmiede.com\",\"sendGridReplyToName\":\"Thilo from Boardschmiede\",\"sendGridClickTrackingEnable\":1,\"sendGridClickTrackingEnableText\":\"\",\"sendGridOpenTrackingEnable\":1,\"sendGridOpenTrackingSubstitutionTag\":\"\",\"sendGridSubscriptionTrackingEnable\":1,\"sendGridSubscriptionTrackingText\":\"\",\"sendGridSubscriptionTrackingHTML\":\"\",\"sendGridSubscriptionTrackingSubstitutionTag\":\"\",\"sendGridAnalyticsEnable\":\"\",\"sendGridAnalyticsUtmSource\":\"\",\"sendGridAnalyticsUtmMedium\":\"\",\"sendGridAnalyticsUtmTerm\":\"\",\"sendGridAnalyticsUtmContent\":\"\",\"sendGridAnalyticsUtmCampaign\":\"\",\"sendGridSandbox\":\"\",\"sendGridLogSuccess\":1,\"uninstall\":\"\",\"submit_save_module\":\"Submit\"}', '2021-03-11 11:01:34');
INSERT INTO `modules` (`id`, `class`, `flags`, `data`, `created`) VALUES('192', 'WireMailPHPMailer', '1', '{\"Priority\":\"null\",\"CharSet\":\"utf-8\",\"ContentType\":\"text\\/html\",\"Encoding\":\"8bit\",\"Mailer\":\"smtp\",\"Sendmail\":\"\\/usr\\/sbin\\/sendmail\",\"UseSendmailOptions\":true,\"Host\":\"mx2fa3.netcup.net\",\"Helo\":\"\",\"SMTPSecure\":\"tls\",\"Port\":587,\"SMTPAutoTLS\":1,\"SMTPAuth\":1,\"Username\":\"hey@northroamers.com\",\"Password\":\"pr65Z~w7\",\"AuthType\":\"LOGIN\",\"Timeout\":300,\"SMTPDebug\":\"3\",\"Debugoutput\":\"html\",\"SMTPKeepAlive\":\"\",\"Sender\":\"\",\"FromName\":\"Ren\\u00e9 form NorthRoamers\",\"From\":\"hey@northroamers.com\",\"Subject\":\"Test 123\",\"Body\":\"Body :D\",\"AltBody\":\"\",\"ConfirmReadingTo\":\"\",\"ErrorInfo\":\"\",\"Ical\":\"\",\"WordWrap\":0,\"Hostname\":\"\",\"MessageID\":\"\",\"MessageDate\":\"\",\"SingleTo\":\"\",\"do_verp\":\"\",\"AllowEmpty\":\"\",\"DKIM_selector\":\"\",\"DKIM_identity\":\"\",\"DKIM_passphrase\":\"\",\"DKIM_domain\":\"\",\"DKIM_private\":\"\",\"DKIM_private_string\":\"\",\"XMailer\":\"\",\"uninstall\":\"\",\"submit_save_module\":\"Submit\"}', '2021-03-10 09:39:44');
INSERT INTO `modules` (`id`, `class`, `flags`, `data`, `created`) VALUES('187', 'InputfieldPageAutocomplete', '0', '', '2020-06-06 16:01:07');
INSERT INTO `modules` (`id`, `class`, `flags`, `data`, `created`) VALUES('188', 'FieldtypeColorPicker', '1', '', '2021-03-07 14:09:38');
INSERT INTO `modules` (`id`, `class`, `flags`, `data`, `created`) VALUES('189', 'InputfieldColorPicker', '0', '', '2021-03-07 14:09:38');

DROP TABLE IF EXISTS `page_path_history`;
CREATE TABLE `page_path_history` (
  `path` varchar(250) NOT NULL,
  `pages_id` int(10) unsigned NOT NULL,
  `created` timestamp NOT NULL DEFAULT CURRENT_TIMESTAMP ON UPDATE CURRENT_TIMESTAMP,
  `language_id` int(10) unsigned DEFAULT '0',
  PRIMARY KEY (`path`),
  KEY `pages_id` (`pages_id`),
  KEY `created` (`created`)
) ENGINE=MyISAM DEFAULT CHARSET=utf8;

INSERT INTO `page_path_history` (`path`, `pages_id`, `created`, `language_id`) VALUES('/de/uber/unterseite-seite-beispiel-1', '1002', '2020-04-15 09:32:43', '1012');
INSERT INTO `page_path_history` (`path`, `pages_id`, `created`, `language_id`) VALUES('/fi/tietoja/alasivu-sivu-esimerkki-1', '1002', '2020-04-15 09:32:43', '1013');
INSERT INTO `page_path_history` (`path`, `pages_id`, `created`, `language_id`) VALUES('/en/about/child-page-example-1', '1002', '2020-04-15 09:32:43', '0');
INSERT INTO `page_path_history` (`path`, `pages_id`, `created`, `language_id`) VALUES('/de/uber/unterseite-beispiel-2', '1004', '2020-04-15 09:33:21', '1012');
INSERT INTO `page_path_history` (`path`, `pages_id`, `created`, `language_id`) VALUES('/fi/tietoja/alasivu-esimerkki-2', '1004', '2020-04-15 09:33:21', '1013');
INSERT INTO `page_path_history` (`path`, `pages_id`, `created`, `language_id`) VALUES('/en/about/child-page-example-2', '1004', '2020-04-15 09:33:21', '0');
INSERT INTO `page_path_history` (`path`, `pages_id`, `created`, `language_id`) VALUES('/en/twintips/freerider-explorer', '1158', '2021-03-07 12:13:48', '0');
INSERT INTO `page_path_history` (`path`, `pages_id`, `created`, `language_id`) VALUES('/en/about/manufactur', '1002', '2021-03-07 14:02:23', '0');

DROP TABLE IF EXISTS `pages`;
CREATE TABLE `pages` (
  `id` int(10) unsigned NOT NULL AUTO_INCREMENT,
  `parent_id` int(10) unsigned NOT NULL DEFAULT '0',
  `templates_id` int(10) unsigned NOT NULL DEFAULT '0',
  `name` varchar(128) CHARACTER SET ascii NOT NULL,
  `status` int(10) unsigned NOT NULL DEFAULT '1',
  `modified` timestamp NOT NULL DEFAULT CURRENT_TIMESTAMP,
  `modified_users_id` int(10) unsigned NOT NULL DEFAULT '2',
  `created` timestamp NOT NULL DEFAULT '2015-12-18 05:09:00',
  `created_users_id` int(10) unsigned NOT NULL DEFAULT '2',
  `published` datetime DEFAULT NULL,
  `sort` int(11) NOT NULL DEFAULT '0',
  `name1012` varchar(128) CHARACTER SET ascii DEFAULT NULL,
  `status1012` int(10) unsigned NOT NULL DEFAULT '1',
  PRIMARY KEY (`id`),
  UNIQUE KEY `name_parent_id` (`name`,`parent_id`),
  UNIQUE KEY `name1012_parent_id` (`name1012`,`parent_id`),
  KEY `parent_id` (`parent_id`),
  KEY `templates_id` (`templates_id`),
  KEY `modified` (`modified`),
  KEY `created` (`created`),
  KEY `status` (`status`),
  KEY `published` (`published`)
) ENGINE=MyISAM AUTO_INCREMENT=1303 DEFAULT CHARSET=utf8;

INSERT INTO `pages` (`id`, `parent_id`, `templates_id`, `name`, `status`, `modified`, `modified_users_id`, `created`, `created_users_id`, `published`, `sort`, `name1012`, `status1012`) VALUES('1', '0', '1', 'en', '9', '2021-03-14 18:18:04', '41', '2020-02-05 08:51:13', '2', '2020-02-05 09:51:13', '0', 'de', '1');
INSERT INTO `pages` (`id`, `parent_id`, `templates_id`, `name`, `status`, `modified`, `modified_users_id`, `created`, `created_users_id`, `published`, `sort`, `name1012`, `status1012`) VALUES('2', '1', '2', 'admin', '1035', '2020-02-05 08:51:30', '40', '2020-02-05 08:51:13', '2', '2020-02-05 09:51:13', '12', NULL, '1');
INSERT INTO `pages` (`id`, `parent_id`, `templates_id`, `name`, `status`, `modified`, `modified_users_id`, `created`, `created_users_id`, `published`, `sort`, `name1012`, `status1012`) VALUES('3', '2', '2', 'page', '21', '2020-02-05 08:51:13', '41', '2020-02-05 08:51:13', '2', '2020-02-05 09:51:13', '0', NULL, '1');
INSERT INTO `pages` (`id`, `parent_id`, `templates_id`, `name`, `status`, `modified`, `modified_users_id`, `created`, `created_users_id`, `published`, `sort`, `name1012`, `status1012`) VALUES('6', '3', '2', 'add', '21', '2020-02-05 08:51:39', '40', '2020-02-05 08:51:13', '2', '2020-02-05 09:51:13', '1', NULL, '1');
INSERT INTO `pages` (`id`, `parent_id`, `templates_id`, `name`, `status`, `modified`, `modified_users_id`, `created`, `created_users_id`, `published`, `sort`, `name1012`, `status1012`) VALUES('7', '1', '2', 'trash', '1039', '2020-02-05 08:51:13', '41', '2020-02-05 08:51:13', '2', '2020-02-05 09:51:13', '13', NULL, '1');
INSERT INTO `pages` (`id`, `parent_id`, `templates_id`, `name`, `status`, `modified`, `modified_users_id`, `created`, `created_users_id`, `published`, `sort`, `name1012`, `status1012`) VALUES('8', '3', '2', 'list', '21', '2020-02-05 08:51:41', '41', '2020-02-05 08:51:13', '2', '2020-02-05 09:51:13', '0', NULL, '1');
INSERT INTO `pages` (`id`, `parent_id`, `templates_id`, `name`, `status`, `modified`, `modified_users_id`, `created`, `created_users_id`, `published`, `sort`, `name1012`, `status1012`) VALUES('9', '3', '2', 'sort', '1047', '2020-02-05 08:51:13', '41', '2020-02-05 08:51:13', '2', '2020-02-05 09:51:13', '3', NULL, '1');
INSERT INTO `pages` (`id`, `parent_id`, `templates_id`, `name`, `status`, `modified`, `modified_users_id`, `created`, `created_users_id`, `published`, `sort`, `name1012`, `status1012`) VALUES('10', '3', '2', 'edit', '1045', '2020-02-05 08:51:40', '41', '2020-02-05 08:51:13', '2', '2020-02-05 09:51:13', '4', NULL, '1');
INSERT INTO `pages` (`id`, `parent_id`, `templates_id`, `name`, `status`, `modified`, `modified_users_id`, `created`, `created_users_id`, `published`, `sort`, `name1012`, `status1012`) VALUES('11', '22', '2', 'template', '21', '2020-02-05 08:51:13', '41', '2020-02-05 08:51:13', '2', '2020-02-05 09:51:13', '0', NULL, '1');
INSERT INTO `pages` (`id`, `parent_id`, `templates_id`, `name`, `status`, `modified`, `modified_users_id`, `created`, `created_users_id`, `published`, `sort`, `name1012`, `status1012`) VALUES('16', '22', '2', 'field', '21', '2020-02-05 08:51:13', '41', '2020-02-05 08:51:13', '2', '2020-02-05 09:51:13', '2', NULL, '1');
INSERT INTO `pages` (`id`, `parent_id`, `templates_id`, `name`, `status`, `modified`, `modified_users_id`, `created`, `created_users_id`, `published`, `sort`, `name1012`, `status1012`) VALUES('21', '2', '2', 'module', '21', '2020-02-05 08:51:13', '41', '2020-02-05 08:51:13', '2', '2020-02-05 09:51:13', '2', NULL, '1');
INSERT INTO `pages` (`id`, `parent_id`, `templates_id`, `name`, `status`, `modified`, `modified_users_id`, `created`, `created_users_id`, `published`, `sort`, `name1012`, `status1012`) VALUES('22', '2', '2', 'setup', '21', '2020-02-05 08:51:13', '41', '2020-02-05 08:51:13', '2', '2020-02-05 09:51:13', '1', NULL, '1');
INSERT INTO `pages` (`id`, `parent_id`, `templates_id`, `name`, `status`, `modified`, `modified_users_id`, `created`, `created_users_id`, `published`, `sort`, `name1012`, `status1012`) VALUES('23', '2', '2', 'login', '1035', '2020-02-05 08:51:13', '41', '2020-02-05 08:51:13', '2', '2020-02-05 09:51:13', '4', NULL, '1');
INSERT INTO `pages` (`id`, `parent_id`, `templates_id`, `name`, `status`, `modified`, `modified_users_id`, `created`, `created_users_id`, `published`, `sort`, `name1012`, `status1012`) VALUES('27', '1', '29', 'http404', '1035', '2020-02-05 08:51:13', '41', '2020-02-05 08:51:13', '3', '2020-02-05 09:51:13', '11', NULL, '1');
INSERT INTO `pages` (`id`, `parent_id`, `templates_id`, `name`, `status`, `modified`, `modified_users_id`, `created`, `created_users_id`, `published`, `sort`, `name1012`, `status1012`) VALUES('28', '2', '2', 'access', '13', '2020-02-05 08:51:13', '41', '2020-02-05 08:51:13', '2', '2020-02-05 09:51:13', '3', NULL, '1');
INSERT INTO `pages` (`id`, `parent_id`, `templates_id`, `name`, `status`, `modified`, `modified_users_id`, `created`, `created_users_id`, `published`, `sort`, `name1012`, `status1012`) VALUES('29', '28', '2', 'users', '29', '2020-02-05 08:51:13', '41', '2020-02-05 08:51:13', '2', '2020-02-05 09:51:13', '0', NULL, '1');
INSERT INTO `pages` (`id`, `parent_id`, `templates_id`, `name`, `status`, `modified`, `modified_users_id`, `created`, `created_users_id`, `published`, `sort`, `name1012`, `status1012`) VALUES('30', '28', '2', 'roles', '29', '2020-02-05 08:51:13', '41', '2020-02-05 08:51:13', '2', '2020-02-05 09:51:13', '1', NULL, '1');
INSERT INTO `pages` (`id`, `parent_id`, `templates_id`, `name`, `status`, `modified`, `modified_users_id`, `created`, `created_users_id`, `published`, `sort`, `name1012`, `status1012`) VALUES('31', '28', '2', 'permissions', '29', '2020-02-05 08:51:13', '41', '2020-02-05 08:51:13', '2', '2020-02-05 09:51:13', '2', NULL, '1');
INSERT INTO `pages` (`id`, `parent_id`, `templates_id`, `name`, `status`, `modified`, `modified_users_id`, `created`, `created_users_id`, `published`, `sort`, `name1012`, `status1012`) VALUES('32', '31', '5', 'page-edit', '25', '2020-02-05 08:51:13', '41', '2020-02-05 08:51:13', '2', '2020-02-05 09:51:13', '2', NULL, '1');
INSERT INTO `pages` (`id`, `parent_id`, `templates_id`, `name`, `status`, `modified`, `modified_users_id`, `created`, `created_users_id`, `published`, `sort`, `name1012`, `status1012`) VALUES('34', '31', '5', 'page-delete', '25', '2020-02-05 08:51:13', '41', '2020-02-05 08:51:13', '2', '2020-02-05 09:51:13', '3', NULL, '1');
INSERT INTO `pages` (`id`, `parent_id`, `templates_id`, `name`, `status`, `modified`, `modified_users_id`, `created`, `created_users_id`, `published`, `sort`, `name1012`, `status1012`) VALUES('35', '31', '5', 'page-move', '25', '2020-02-05 08:51:13', '41', '2020-02-05 08:51:13', '2', '2020-02-05 09:51:13', '4', NULL, '1');
INSERT INTO `pages` (`id`, `parent_id`, `templates_id`, `name`, `status`, `modified`, `modified_users_id`, `created`, `created_users_id`, `published`, `sort`, `name1012`, `status1012`) VALUES('36', '31', '5', 'page-view', '25', '2020-02-05 08:51:13', '41', '2020-02-05 08:51:13', '2', '2020-02-05 09:51:13', '0', NULL, '1');
INSERT INTO `pages` (`id`, `parent_id`, `templates_id`, `name`, `status`, `modified`, `modified_users_id`, `created`, `created_users_id`, `published`, `sort`, `name1012`, `status1012`) VALUES('37', '30', '4', 'guest', '25', '2020-02-05 08:51:13', '41', '2020-02-05 08:51:13', '2', '2020-02-05 09:51:13', '0', NULL, '1');
INSERT INTO `pages` (`id`, `parent_id`, `templates_id`, `name`, `status`, `modified`, `modified_users_id`, `created`, `created_users_id`, `published`, `sort`, `name1012`, `status1012`) VALUES('38', '30', '4', 'superuser', '25', '2020-02-05 08:51:13', '41', '2020-02-05 08:51:13', '2', '2020-02-05 09:51:13', '1', NULL, '1');
INSERT INTO `pages` (`id`, `parent_id`, `templates_id`, `name`, `status`, `modified`, `modified_users_id`, `created`, `created_users_id`, `published`, `sort`, `name1012`, `status1012`) VALUES('41', '29', '3', 'admin', '1', '2021-01-21 10:41:16', '40', '2020-02-05 08:51:13', '2', '2020-02-05 09:51:13', '0', NULL, '1');
INSERT INTO `pages` (`id`, `parent_id`, `templates_id`, `name`, `status`, `modified`, `modified_users_id`, `created`, `created_users_id`, `published`, `sort`, `name1012`, `status1012`) VALUES('40', '29', '3', 'guest', '25', '2020-02-05 08:51:13', '41', '2020-02-05 08:51:13', '2', '2020-02-05 09:51:13', '1', NULL, '1');
INSERT INTO `pages` (`id`, `parent_id`, `templates_id`, `name`, `status`, `modified`, `modified_users_id`, `created`, `created_users_id`, `published`, `sort`, `name1012`, `status1012`) VALUES('50', '31', '5', 'page-sort', '25', '2020-02-05 08:51:13', '41', '2020-02-05 08:51:13', '41', '2020-02-05 09:51:13', '5', NULL, '1');
INSERT INTO `pages` (`id`, `parent_id`, `templates_id`, `name`, `status`, `modified`, `modified_users_id`, `created`, `created_users_id`, `published`, `sort`, `name1012`, `status1012`) VALUES('51', '31', '5', 'page-template', '25', '2020-02-05 08:51:13', '41', '2020-02-05 08:51:13', '41', '2020-02-05 09:51:13', '6', NULL, '1');
INSERT INTO `pages` (`id`, `parent_id`, `templates_id`, `name`, `status`, `modified`, `modified_users_id`, `created`, `created_users_id`, `published`, `sort`, `name1012`, `status1012`) VALUES('52', '31', '5', 'user-admin', '25', '2020-02-05 08:51:13', '41', '2020-02-05 08:51:13', '41', '2020-02-05 09:51:13', '10', NULL, '1');
INSERT INTO `pages` (`id`, `parent_id`, `templates_id`, `name`, `status`, `modified`, `modified_users_id`, `created`, `created_users_id`, `published`, `sort`, `name1012`, `status1012`) VALUES('53', '31', '5', 'profile-edit', '1', '2020-02-05 08:51:13', '41', '2020-02-05 08:51:13', '41', '2020-02-05 09:51:13', '13', NULL, '1');
INSERT INTO `pages` (`id`, `parent_id`, `templates_id`, `name`, `status`, `modified`, `modified_users_id`, `created`, `created_users_id`, `published`, `sort`, `name1012`, `status1012`) VALUES('54', '31', '5', 'page-lock', '1', '2020-02-05 08:51:13', '41', '2020-02-05 08:51:13', '41', '2020-02-05 09:51:13', '8', NULL, '1');
INSERT INTO `pages` (`id`, `parent_id`, `templates_id`, `name`, `status`, `modified`, `modified_users_id`, `created`, `created_users_id`, `published`, `sort`, `name1012`, `status1012`) VALUES('300', '3', '2', 'search', '1045', '2020-02-05 08:51:13', '41', '2020-02-05 08:51:13', '2', '2020-02-05 09:51:13', '6', NULL, '1');
INSERT INTO `pages` (`id`, `parent_id`, `templates_id`, `name`, `status`, `modified`, `modified_users_id`, `created`, `created_users_id`, `published`, `sort`, `name1012`, `status1012`) VALUES('301', '3', '2', 'trash', '1047', '2020-02-05 08:51:13', '41', '2020-02-05 08:51:13', '2', '2020-02-05 09:51:13', '6', NULL, '1');
INSERT INTO `pages` (`id`, `parent_id`, `templates_id`, `name`, `status`, `modified`, `modified_users_id`, `created`, `created_users_id`, `published`, `sort`, `name1012`, `status1012`) VALUES('302', '3', '2', 'link', '1041', '2020-02-05 08:51:13', '41', '2020-02-05 08:51:13', '2', '2020-02-05 09:51:13', '7', NULL, '1');
INSERT INTO `pages` (`id`, `parent_id`, `templates_id`, `name`, `status`, `modified`, `modified_users_id`, `created`, `created_users_id`, `published`, `sort`, `name1012`, `status1012`) VALUES('303', '3', '2', 'image', '1041', '2020-02-05 08:51:13', '41', '2020-02-05 08:51:13', '2', '2020-02-05 09:51:13', '8', NULL, '1');
INSERT INTO `pages` (`id`, `parent_id`, `templates_id`, `name`, `status`, `modified`, `modified_users_id`, `created`, `created_users_id`, `published`, `sort`, `name1012`, `status1012`) VALUES('304', '2', '2', 'profile', '1025', '2020-02-05 08:51:13', '41', '2020-02-05 08:51:13', '41', '2020-02-05 09:51:13', '5', NULL, '1');
INSERT INTO `pages` (`id`, `parent_id`, `templates_id`, `name`, `status`, `modified`, `modified_users_id`, `created`, `created_users_id`, `published`, `sort`, `name1012`, `status1012`) VALUES('1000', '1', '26', 'search', '1025', '2020-04-15 09:34:23', '41', '2020-02-05 08:51:13', '2', '2020-02-05 09:51:13', '9', 'suche', '1');
INSERT INTO `pages` (`id`, `parent_id`, `templates_id`, `name`, `status`, `modified`, `modified_users_id`, `created`, `created_users_id`, `published`, `sort`, `name1012`, `status1012`) VALUES('1001', '1', '29', 'about', '1', '2020-04-22 18:16:58', '41', '2020-02-05 08:51:13', '2', '2020-02-05 09:51:13', '5', 'uber', '1');
INSERT INTO `pages` (`id`, `parent_id`, `templates_id`, `name`, `status`, `modified`, `modified_users_id`, `created`, `created_users_id`, `published`, `sort`, `name1012`, `status1012`) VALUES('1002', '1001', '29', 'manufactory', '1', '2021-03-07 14:02:23', '41', '2020-02-05 08:51:13', '2', '2020-02-05 09:51:13', '0', 'manufaktur', '1');
INSERT INTO `pages` (`id`, `parent_id`, `templates_id`, `name`, `status`, `modified`, `modified_users_id`, `created`, `created_users_id`, `published`, `sort`, `name1012`, `status1012`) VALUES('1024', '1001', '29', 'team', '1', '2020-06-06 16:25:41', '41', '2020-04-15 09:33:35', '41', '2020-04-15 11:33:37', '2', NULL, '1');
INSERT INTO `pages` (`id`, `parent_id`, `templates_id`, `name`, `status`, `modified`, `modified_users_id`, `created`, `created_users_id`, `published`, `sort`, `name1012`, `status1012`) VALUES('1004', '1001', '29', 'history', '1', '2020-04-15 09:33:21', '41', '2020-02-05 08:51:13', '2', '2020-02-05 09:51:13', '1', 'geschichte', '1');
INSERT INTO `pages` (`id`, `parent_id`, `templates_id`, `name`, `status`, `modified`, `modified_users_id`, `created`, `created_users_id`, `published`, `sort`, `name1012`, `status1012`) VALUES('1005', '1', '34', 'site-map', '1025', '2020-04-15 09:34:27', '41', '2020-02-05 08:51:13', '2', '2020-02-05 09:51:13', '8', 'sitemap', '1');
INSERT INTO `pages` (`id`, `parent_id`, `templates_id`, `name`, `status`, `modified`, `modified_users_id`, `created`, `created_users_id`, `published`, `sort`, `name1012`, `status1012`) VALUES('1006', '31', '5', 'page-lister', '1', '2020-02-05 08:51:13', '40', '2020-02-05 08:51:13', '40', '2020-02-05 09:51:13', '9', NULL, '1');
INSERT INTO `pages` (`id`, `parent_id`, `templates_id`, `name`, `status`, `modified`, `modified_users_id`, `created`, `created_users_id`, `published`, `sort`, `name1012`, `status1012`) VALUES('1007', '3', '2', 'lister', '1', '2020-02-05 08:51:13', '40', '2020-02-05 08:51:13', '40', '2020-02-05 09:51:13', '9', NULL, '1');
INSERT INTO `pages` (`id`, `parent_id`, `templates_id`, `name`, `status`, `modified`, `modified_users_id`, `created`, `created_users_id`, `published`, `sort`, `name1012`, `status1012`) VALUES('1009', '22', '2', 'languages', '16', '2020-02-05 08:51:13', '41', '2020-02-05 08:51:13', '41', '2020-02-05 09:51:13', '2', NULL, '1');
INSERT INTO `pages` (`id`, `parent_id`, `templates_id`, `name`, `status`, `modified`, `modified_users_id`, `created`, `created_users_id`, `published`, `sort`, `name1012`, `status1012`) VALUES('1010', '1009', '43', 'default', '16', '2020-06-06 16:28:18', '41', '2020-02-05 08:51:13', '41', '2020-02-05 09:51:13', '0', NULL, '1');
INSERT INTO `pages` (`id`, `parent_id`, `templates_id`, `name`, `status`, `modified`, `modified_users_id`, `created`, `created_users_id`, `published`, `sort`, `name1012`, `status1012`) VALUES('1011', '22', '2', 'language-translator', '1040', '2020-02-05 08:51:13', '41', '2020-02-05 08:51:13', '41', '2020-02-05 09:51:13', '3', NULL, '1');
INSERT INTO `pages` (`id`, `parent_id`, `templates_id`, `name`, `status`, `modified`, `modified_users_id`, `created`, `created_users_id`, `published`, `sort`, `name1012`, `status1012`) VALUES('1012', '1009', '43', 'de', '1', '2020-06-06 16:28:01', '41', '2020-02-05 08:51:13', '41', '2020-02-05 09:51:13', '1', NULL, '1');
INSERT INTO `pages` (`id`, `parent_id`, `templates_id`, `name`, `status`, `modified`, `modified_users_id`, `created`, `created_users_id`, `published`, `sort`, `name1012`, `status1012`) VALUES('1015', '3', '2', 'recent-pages', '1', '2020-02-05 08:51:29', '40', '2020-02-05 08:51:29', '40', '2020-02-05 09:51:29', '10', NULL, '0');
INSERT INTO `pages` (`id`, `parent_id`, `templates_id`, `name`, `status`, `modified`, `modified_users_id`, `created`, `created_users_id`, `published`, `sort`, `name1012`, `status1012`) VALUES('1016', '31', '5', 'page-edit-recent', '1', '2020-02-05 08:51:29', '40', '2020-02-05 08:51:29', '40', '2020-02-05 09:51:29', '10', NULL, '1');
INSERT INTO `pages` (`id`, `parent_id`, `templates_id`, `name`, `status`, `modified`, `modified_users_id`, `created`, `created_users_id`, `published`, `sort`, `name1012`, `status1012`) VALUES('1017', '22', '2', 'logs', '1', '2020-02-05 08:51:35', '40', '2020-02-05 08:51:35', '40', '2020-02-05 09:51:35', '4', NULL, '0');
INSERT INTO `pages` (`id`, `parent_id`, `templates_id`, `name`, `status`, `modified`, `modified_users_id`, `created`, `created_users_id`, `published`, `sort`, `name1012`, `status1012`) VALUES('1018', '31', '5', 'logs-view', '1', '2020-02-05 08:51:35', '40', '2020-02-05 08:51:35', '40', '2020-02-05 09:51:35', '11', NULL, '1');
INSERT INTO `pages` (`id`, `parent_id`, `templates_id`, `name`, `status`, `modified`, `modified_users_id`, `created`, `created_users_id`, `published`, `sort`, `name1012`, `status1012`) VALUES('1019', '31', '5', 'logs-edit', '1', '2020-02-05 08:51:35', '40', '2020-02-05 08:51:35', '40', '2020-02-05 09:51:35', '12', NULL, '1');
INSERT INTO `pages` (`id`, `parent_id`, `templates_id`, `name`, `status`, `modified`, `modified_users_id`, `created`, `created_users_id`, `published`, `sort`, `name1012`, `status1012`) VALUES('1292', '1282', '59', 'order_20210311-0', '1', '2021-03-11 11:29:51', '41', '2021-03-11 11:29:51', '41', '2021-03-11 11:29:51', '0', NULL, '0');
INSERT INTO `pages` (`id`, `parent_id`, `templates_id`, `name`, `status`, `modified`, `modified_users_id`, `created`, `created_users_id`, `published`, `sort`, `name1012`, `status1012`) VALUES('1293', '1282', '59', 'order_20210311-1', '1', '2021-03-11 11:31:29', '41', '2021-03-11 11:31:29', '41', '2021-03-11 11:31:29', '1', NULL, '0');
INSERT INTO `pages` (`id`, `parent_id`, `templates_id`, `name`, `status`, `modified`, `modified_users_id`, `created`, `created_users_id`, `published`, `sort`, `name1012`, `status1012`) VALUES('1294', '1282', '59', 'order_20210311-2', '1', '2021-03-11 11:47:17', '41', '2021-03-11 11:47:17', '41', '2021-03-11 11:47:17', '2', NULL, '0');
INSERT INTO `pages` (`id`, `parent_id`, `templates_id`, `name`, `status`, `modified`, `modified_users_id`, `created`, `created_users_id`, `published`, `sort`, `name1012`, `status1012`) VALUES('1025', '1', '29', 'blog', '2049', '2021-03-07 12:00:33', '41', '2020-04-15 09:33:54', '41', '2021-03-07 10:53:13', '6', NULL, '1');
INSERT INTO `pages` (`id`, `parent_id`, `templates_id`, `name`, `status`, `modified`, `modified_users_id`, `created`, `created_users_id`, `published`, `sort`, `name1012`, `status1012`) VALUES('1026', '1', '54', 'contact', '1', '2020-06-06 16:05:18', '41', '2020-04-15 09:34:51', '41', '2020-04-15 11:34:53', '7', NULL, '1');
INSERT INTO `pages` (`id`, `parent_id`, `templates_id`, `name`, `status`, `modified`, `modified_users_id`, `created`, `created_users_id`, `published`, `sort`, `name1012`, `status1012`) VALUES('1027', '2', '2', 'repeaters', '1036', '2020-04-20 06:38:23', '41', '2020-04-20 06:38:23', '41', '2020-04-20 08:38:23', '6', NULL, '0');
INSERT INTO `pages` (`id`, `parent_id`, `templates_id`, `name`, `status`, `modified`, `modified_users_id`, `created`, `created_users_id`, `published`, `sort`, `name1012`, `status1012`) VALUES('1028', '1027', '2', 'for-field-104', '17', '2020-04-20 06:47:53', '41', '2020-04-20 06:47:53', '41', '2020-04-20 08:47:53', '0', NULL, '0');
INSERT INTO `pages` (`id`, `parent_id`, `templates_id`, `name`, `status`, `modified`, `modified_users_id`, `created`, `created_users_id`, `published`, `sort`, `name1012`, `status1012`) VALUES('1029', '1028', '2', 'for-page-1', '17', '2020-04-20 07:24:05', '41', '2020-04-20 07:24:05', '41', '2020-04-20 09:24:05', '0', NULL, '0');
INSERT INTO `pages` (`id`, `parent_id`, `templates_id`, `name`, `status`, `modified`, `modified_users_id`, `created`, `created_users_id`, `published`, `sort`, `name1012`, `status1012`) VALUES('1030', '1029', '44', '1587365554-6473-1', '3073', '2020-04-20 07:53:33', '41', '2020-04-20 07:52:34', '41', NULL, '0', NULL, '1');
INSERT INTO `pages` (`id`, `parent_id`, `templates_id`, `name`, `status`, `modified`, `modified_users_id`, `created`, `created_users_id`, `published`, `sort`, `name1012`, `status1012`) VALUES('1031', '1027', '2', 'for-field-108', '17', '2020-04-20 07:54:54', '41', '2020-04-20 07:54:54', '41', '2020-04-20 09:54:54', '1', NULL, '0');
INSERT INTO `pages` (`id`, `parent_id`, `templates_id`, `name`, `status`, `modified`, `modified_users_id`, `created`, `created_users_id`, `published`, `sort`, `name1012`, `status1012`) VALUES('1032', '1031', '2', 'for-page-1', '17', '2020-04-20 07:55:51', '41', '2020-04-20 07:55:51', '41', '2020-04-20 09:55:51', '0', NULL, '0');
INSERT INTO `pages` (`id`, `parent_id`, `templates_id`, `name`, `status`, `modified`, `modified_users_id`, `created`, `created_users_id`, `published`, `sort`, `name1012`, `status1012`) VALUES('1033', '1027', '2', 'for-field-111', '17', '2020-04-20 07:57:54', '41', '2020-04-20 07:57:54', '41', '2020-04-20 09:57:54', '2', NULL, '0');
INSERT INTO `pages` (`id`, `parent_id`, `templates_id`, `name`, `status`, `modified`, `modified_users_id`, `created`, `created_users_id`, `published`, `sort`, `name1012`, `status1012`) VALUES('1034', '1033', '2', 'for-page-1', '17', '2020-04-20 08:07:14', '41', '2020-04-20 08:07:14', '41', '2020-04-20 10:07:14', '0', NULL, '0');
INSERT INTO `pages` (`id`, `parent_id`, `templates_id`, `name`, `status`, `modified`, `modified_users_id`, `created`, `created_users_id`, `published`, `sort`, `name1012`, `status1012`) VALUES('1035', '1032', '45', '1587366473-433-1', '1', '2021-03-09 09:47:01', '1281', '2020-04-20 08:07:53', '41', '2020-04-20 10:08:31', '0', NULL, '1');
INSERT INTO `pages` (`id`, `parent_id`, `templates_id`, `name`, `status`, `modified`, `modified_users_id`, `created`, `created_users_id`, `published`, `sort`, `name1012`, `status1012`) VALUES('1036', '1032', '45', '1587366487-1834-1', '1', '2020-05-26 14:42:58', '41', '2020-04-20 08:08:07', '41', '2020-04-20 10:08:31', '1', NULL, '1');
INSERT INTO `pages` (`id`, `parent_id`, `templates_id`, `name`, `status`, `modified`, `modified_users_id`, `created`, `created_users_id`, `published`, `sort`, `name1012`, `status1012`) VALUES('1037', '1032', '45', '1587366498-3997-1', '1', '2020-05-26 14:42:58', '41', '2020-04-20 08:08:18', '41', '2020-04-20 10:08:31', '2', NULL, '1');
INSERT INTO `pages` (`id`, `parent_id`, `templates_id`, `name`, `status`, `modified`, `modified_users_id`, `created`, `created_users_id`, `published`, `sort`, `name1012`, `status1012`) VALUES('1038', '1032', '45', '1587366504-9452-1', '1', '2021-03-09 09:53:20', '1281', '2020-04-20 08:08:24', '41', '2020-04-20 10:08:31', '3', NULL, '1');
INSERT INTO `pages` (`id`, `parent_id`, `templates_id`, `name`, `status`, `modified`, `modified_users_id`, `created`, `created_users_id`, `published`, `sort`, `name1012`, `status1012`) VALUES('1043', '1028', '2', 'for-page-1025', '17', '2020-04-20 09:00:38', '41', '2020-04-20 09:00:38', '41', '2020-04-20 11:00:38', '1', NULL, '0');
INSERT INTO `pages` (`id`, `parent_id`, `templates_id`, `name`, `status`, `modified`, `modified_users_id`, `created`, `created_users_id`, `published`, `sort`, `name1012`, `status1012`) VALUES('1039', '1034', '46', '1587366539-3996-1', '1', '2021-03-14 18:18:04', '41', '2020-04-20 08:08:59', '41', '2020-04-20 10:09:30', '0', NULL, '1');
INSERT INTO `pages` (`id`, `parent_id`, `templates_id`, `name`, `status`, `modified`, `modified_users_id`, `created`, `created_users_id`, `published`, `sort`, `name1012`, `status1012`) VALUES('1040', '1034', '46', '1587366554-4292-1', '1', '2021-03-14 18:18:04', '41', '2020-04-20 08:09:14', '41', '2020-04-20 10:09:30', '1', NULL, '1');
INSERT INTO `pages` (`id`, `parent_id`, `templates_id`, `name`, `status`, `modified`, `modified_users_id`, `created`, `created_users_id`, `published`, `sort`, `name1012`, `status1012`) VALUES('1041', '1034', '46', '1587366559-4722-1', '1', '2021-03-14 18:18:04', '41', '2020-04-20 08:09:19', '41', '2020-04-20 10:09:30', '2', NULL, '1');
INSERT INTO `pages` (`id`, `parent_id`, `templates_id`, `name`, `status`, `modified`, `modified_users_id`, `created`, `created_users_id`, `published`, `sort`, `name1012`, `status1012`) VALUES('1042', '1034', '46', '1587366564-8884-1', '1', '2020-06-13 17:44:27', '41', '2020-04-20 08:09:24', '41', '2020-04-20 10:09:30', '3', NULL, '1');
INSERT INTO `pages` (`id`, `parent_id`, `templates_id`, `name`, `status`, `modified`, `modified_users_id`, `created`, `created_users_id`, `published`, `sort`, `name1012`, `status1012`) VALUES('1044', '1028', '2', 'for-page-1001', '17', '2020-04-20 09:00:49', '41', '2020-04-20 09:00:49', '41', '2020-04-20 11:00:49', '2', NULL, '0');
INSERT INTO `pages` (`id`, `parent_id`, `templates_id`, `name`, `status`, `modified`, `modified_users_id`, `created`, `created_users_id`, `published`, `sort`, `name1012`, `status1012`) VALUES('1045', '1044', '44', '1587369833-5524-1', '1', '2020-04-20 09:17:51', '41', '2020-04-20 09:03:53', '41', '2020-04-20 11:04:24', '0', NULL, '1');
INSERT INTO `pages` (`id`, `parent_id`, `templates_id`, `name`, `status`, `modified`, `modified_users_id`, `created`, `created_users_id`, `published`, `sort`, `name1012`, `status1012`) VALUES('1048', '22', '2', 'db-backups', '1', '2020-04-20 09:47:22', '41', '2020-04-20 09:47:22', '41', '2020-04-20 11:47:22', '5', NULL, '0');
INSERT INTO `pages` (`id`, `parent_id`, `templates_id`, `name`, `status`, `modified`, `modified_users_id`, `created`, `created_users_id`, `published`, `sort`, `name1012`, `status1012`) VALUES('1046', '1044', '44', '1587370386-2849-1', '1', '2020-04-20 09:19:24', '41', '2020-04-20 09:13:06', '41', '2020-04-20 11:13:30', '1', NULL, '1');
INSERT INTO `pages` (`id`, `parent_id`, `templates_id`, `name`, `status`, `modified`, `modified_users_id`, `created`, `created_users_id`, `published`, `sort`, `name1012`, `status1012`) VALUES('1047', '1044', '44', '1587370388-9256-1', '3073', '2020-04-20 09:13:08', '41', '2020-04-20 09:13:08', '41', NULL, '2', NULL, '1');
INSERT INTO `pages` (`id`, `parent_id`, `templates_id`, `name`, `status`, `modified`, `modified_users_id`, `created`, `created_users_id`, `published`, `sort`, `name1012`, `status1012`) VALUES('1049', '31', '5', 'db-backup', '1', '2020-04-20 09:47:22', '41', '2020-04-20 09:47:22', '41', '2020-04-20 11:47:22', '13', NULL, '1');
INSERT INTO `pages` (`id`, `parent_id`, `templates_id`, `name`, `status`, `modified`, `modified_users_id`, `created`, `created_users_id`, `published`, `sort`, `name1012`, `status1012`) VALUES('1295', '1282', '59', 'order_20210311-3', '1', '2021-03-11 11:54:09', '41', '2021-03-11 11:54:09', '41', '2021-03-11 11:54:09', '3', NULL, '0');
INSERT INTO `pages` (`id`, `parent_id`, `templates_id`, `name`, `status`, `modified`, `modified_users_id`, `created`, `created_users_id`, `published`, `sort`, `name1012`, `status1012`) VALUES('1296', '1282', '59', 'order_20210312-4', '1', '2021-03-12 09:26:34', '40', '2021-03-12 09:26:34', '40', '2021-03-12 09:26:34', '4', NULL, '0');
INSERT INTO `pages` (`id`, `parent_id`, `templates_id`, `name`, `status`, `modified`, `modified_users_id`, `created`, `created_users_id`, `published`, `sort`, `name1012`, `status1012`) VALUES('1297', '1244', '57', '1615540970-8676-1', '1', '2021-03-12 10:23:42', '41', '2021-03-12 10:22:50', '41', '2021-03-12 10:23:06', '1', NULL, '1');
INSERT INTO `pages` (`id`, `parent_id`, `templates_id`, `name`, `status`, `modified`, `modified_users_id`, `created`, `created_users_id`, `published`, `sort`, `name1012`, `status1012`) VALUES('1067', '3', '2', 'croppable-image-3', '1025', '2020-04-22 12:50:40', '41', '2020-04-22 12:50:40', '41', '2020-04-22 14:50:40', '10', NULL, '0');
INSERT INTO `pages` (`id`, `parent_id`, `templates_id`, `name`, `status`, `modified`, `modified_users_id`, `created`, `created_users_id`, `published`, `sort`, `name1012`, `status1012`) VALUES('1068', '31', '5', 'croppable-image-3', '1', '2020-04-22 12:50:40', '41', '2020-04-22 12:50:40', '41', '2020-04-22 14:50:40', '14', NULL, '1');
INSERT INTO `pages` (`id`, `parent_id`, `templates_id`, `name`, `status`, `modified`, `modified_users_id`, `created`, `created_users_id`, `published`, `sort`, `name1012`, `status1012`) VALUES('1069', '22', '2', 'processdiagnostics', '1', '2020-04-22 12:53:13', '41', '2020-04-22 12:53:13', '41', '2020-04-22 14:53:13', '6', NULL, '0');
INSERT INTO `pages` (`id`, `parent_id`, `templates_id`, `name`, `status`, `modified`, `modified_users_id`, `created`, `created_users_id`, `published`, `sort`, `name1012`, `status1012`) VALUES('1301', '1282', '59', 'order_20210314-5', '1', '2021-03-14 08:04:10', '1281', '2021-03-14 08:04:10', '1281', '2021-03-14 08:04:10', '5', NULL, '0');
INSERT INTO `pages` (`id`, `parent_id`, `templates_id`, `name`, `status`, `modified`, `modified_users_id`, `created`, `created_users_id`, `published`, `sort`, `name1012`, `status1012`) VALUES('1298', '1243', '2', 'for-page-1297', '17', '2021-03-12 10:22:50', '41', '2021-03-12 10:22:50', '41', '2021-03-12 10:22:50', '1', NULL, '0');
INSERT INTO `pages` (`id`, `parent_id`, `templates_id`, `name`, `status`, `modified`, `modified_users_id`, `created`, `created_users_id`, `published`, `sort`, `name1012`, `status1012`) VALUES('1299', '1298', '58', '1615540979-5409-1', '1', '2021-03-12 10:23:42', '41', '2021-03-12 10:22:59', '41', '2021-03-12 10:23:06', '0', NULL, '1');
INSERT INTO `pages` (`id`, `parent_id`, `templates_id`, `name`, `status`, `modified`, `modified_users_id`, `created`, `created_users_id`, `published`, `sort`, `name1012`, `status1012`) VALUES('1300', '1298', '58', '1615541010-1228-1', '1', '2021-03-12 10:23:42', '41', '2021-03-12 10:23:30', '41', '2021-03-12 10:23:42', '3', NULL, '1');
INSERT INTO `pages` (`id`, `parent_id`, `templates_id`, `name`, `status`, `modified`, `modified_users_id`, `created`, `created_users_id`, `published`, `sort`, `name1012`, `status1012`) VALUES('1282', '1', '60', 'orders', '1025', '2021-03-14 17:31:46', '1281', '2021-03-09 14:46:50', '41', '2021-03-09 14:46:55', '13', NULL, '1');
INSERT INTO `pages` (`id`, `parent_id`, `templates_id`, `name`, `status`, `modified`, `modified_users_id`, `created`, `created_users_id`, `published`, `sort`, `name1012`, `status1012`) VALUES('1085', '1027', '2', 'for-field-152', '17', '2020-04-28 06:19:31', '41', '2020-04-28 06:19:31', '41', '2020-04-28 08:19:31', '3', NULL, '0');
INSERT INTO `pages` (`id`, `parent_id`, `templates_id`, `name`, `status`, `modified`, `modified_users_id`, `created`, `created_users_id`, `published`, `sort`, `name1012`, `status1012`) VALUES('1086', '1027', '2', 'for-field-153', '17', '2020-04-28 06:21:54', '41', '2020-04-28 06:21:54', '41', '2020-04-28 08:21:54', '4', NULL, '0');
INSERT INTO `pages` (`id`, `parent_id`, `templates_id`, `name`, `status`, `modified`, `modified_users_id`, `created`, `created_users_id`, `published`, `sort`, `name1012`, `status1012`) VALUES('1114', '1032', '45', '1590504161-5765-1', '1', '2020-05-27 06:52:21', '41', '2020-05-26 14:42:41', '41', '2020-05-26 14:42:58', '4', NULL, '1');
INSERT INTO `pages` (`id`, `parent_id`, `templates_id`, `name`, `status`, `modified`, `modified_users_id`, `created`, `created_users_id`, `published`, `sort`, `name1012`, `status1012`) VALUES('1116', '1', '29', 'impressum', '1025', '2021-03-07 11:24:18', '41', '2020-06-06 15:46:23', '41', '2020-06-06 15:46:32', '10', NULL, '1');
INSERT INTO `pages` (`id`, `parent_id`, `templates_id`, `name`, `status`, `modified`, `modified_users_id`, `created`, `created_users_id`, `published`, `sort`, `name1012`, `status1012`) VALUES('1117', '1028', '2', 'for-page-1116', '17', '2020-06-06 15:46:23', '41', '2020-06-06 15:46:23', '41', '2020-06-06 15:46:23', '15', NULL, '0');
INSERT INTO `pages` (`id`, `parent_id`, `templates_id`, `name`, `status`, `modified`, `modified_users_id`, `created`, `created_users_id`, `published`, `sort`, `name1012`, `status1012`) VALUES('1118', '1028', '2', 'for-page-1026', '17', '2020-06-06 15:56:17', '41', '2020-06-06 15:56:17', '41', '2020-06-06 15:56:17', '16', NULL, '0');
INSERT INTO `pages` (`id`, `parent_id`, `templates_id`, `name`, `status`, `modified`, `modified_users_id`, `created`, `created_users_id`, `published`, `sort`, `name1012`, `status1012`) VALUES('1119', '1028', '2', 'for-page-1024', '17', '2020-06-06 16:17:46', '41', '2020-06-06 16:17:46', '41', '2020-06-06 16:17:46', '17', NULL, '0');
INSERT INTO `pages` (`id`, `parent_id`, `templates_id`, `name`, `status`, `modified`, `modified_users_id`, `created`, `created_users_id`, `published`, `sort`, `name1012`, `status1012`) VALUES('1120', '1119', '44', '1591460326-9931-1', '1', '2020-06-06 16:25:26', '41', '2020-06-06 16:18:47', '41', '2020-06-06 16:19:23', '0', NULL, '1');
INSERT INTO `pages` (`id`, `parent_id`, `templates_id`, `name`, `status`, `modified`, `modified_users_id`, `created`, `created_users_id`, `published`, `sort`, `name1012`, `status1012`) VALUES('1121', '1119', '44', '1591460597-8222-1', '1', '2020-06-06 16:25:41', '41', '2020-06-06 16:23:17', '41', '2020-06-06 16:23:43', '1', NULL, '1');
INSERT INTO `pages` (`id`, `parent_id`, `templates_id`, `name`, `status`, `modified`, `modified_users_id`, `created`, `created_users_id`, `published`, `sort`, `name1012`, `status1012`) VALUES('1152', '1', '50', 'twintips', '1', '2021-03-12 10:23:42', '41', '2021-03-07 11:20:38', '41', '2021-03-07 10:20:44', '0', NULL, '1');
INSERT INTO `pages` (`id`, `parent_id`, `templates_id`, `name`, `status`, `modified`, `modified_users_id`, `created`, `created_users_id`, `published`, `sort`, `name1012`, `status1012`) VALUES('1153', '1086', '2', 'for-page-1152', '17', '2021-03-07 11:20:38', '41', '2021-03-07 11:20:38', '41', '2021-03-07 10:20:38', '10', NULL, '0');
INSERT INTO `pages` (`id`, `parent_id`, `templates_id`, `name`, `status`, `modified`, `modified_users_id`, `created`, `created_users_id`, `published`, `sort`, `name1012`, `status1012`) VALUES('1154', '1', '29', 'customs', '2049', '2021-03-07 12:54:04', '41', '2021-03-07 11:23:20', '41', '2021-03-07 10:23:22', '1', NULL, '1');
INSERT INTO `pages` (`id`, `parent_id`, `templates_id`, `name`, `status`, `modified`, `modified_users_id`, `created`, `created_users_id`, `published`, `sort`, `name1012`, `status1012`) VALUES('1195', '1194', '44', '1615117253-3058-1', '1', '2021-03-07 12:42:59', '41', '2021-03-07 12:40:53', '41', '2021-03-07 11:41:07', '0', NULL, '1');
INSERT INTO `pages` (`id`, `parent_id`, `templates_id`, `name`, `status`, `modified`, `modified_users_id`, `created`, `created_users_id`, `published`, `sort`, `name1012`, `status1012`) VALUES('1156', '1', '48', 'shop', '1', '2021-03-07 11:37:58', '41', '2021-03-07 11:23:51', '41', '2021-03-07 10:23:57', '2', NULL, '1');
INSERT INTO `pages` (`id`, `parent_id`, `templates_id`, `name`, `status`, `modified`, `modified_users_id`, `created`, `created_users_id`, `published`, `sort`, `name1012`, `status1012`) VALUES('1177', '1156', '50', 'stock-boards', '1', '2021-03-07 11:37:22', '41', '2021-03-07 11:36:32', '41', '2021-03-07 10:36:36', '0', NULL, '1');
INSERT INTO `pages` (`id`, `parent_id`, `templates_id`, `name`, `status`, `modified`, `modified_users_id`, `created`, `created_users_id`, `published`, `sort`, `name1012`, `status1012`) VALUES('1158', '1152', '51', 'freerider', '1', '2021-03-12 10:38:50', '41', '2021-03-07 11:25:41', '41', '2021-03-07 10:27:38', '1', NULL, '1');
INSERT INTO `pages` (`id`, `parent_id`, `templates_id`, `name`, `status`, `modified`, `modified_users_id`, `created`, `created_users_id`, `published`, `sort`, `name1012`, `status1012`) VALUES('1159', '1086', '2', 'for-page-1158', '17', '2021-03-07 11:25:41', '41', '2021-03-07 11:25:41', '41', '2021-03-07 10:25:41', '13', NULL, '0');
INSERT INTO `pages` (`id`, `parent_id`, `templates_id`, `name`, `status`, `modified`, `modified_users_id`, `created`, `created_users_id`, `published`, `sort`, `name1012`, `status1012`) VALUES('1160', '1152', '51', 'freerider-lady', '1', '2021-03-07 13:11:25', '41', '2021-03-07 11:28:44', '41', '2021-03-07 10:29:04', '2', NULL, '1');
INSERT INTO `pages` (`id`, `parent_id`, `templates_id`, `name`, `status`, `modified`, `modified_users_id`, `created`, `created_users_id`, `published`, `sort`, `name1012`, `status1012`) VALUES('1161', '1086', '2', 'for-page-1160', '17', '2021-03-07 11:28:44', '41', '2021-03-07 11:28:44', '41', '2021-03-07 10:28:44', '14', NULL, '0');
INSERT INTO `pages` (`id`, `parent_id`, `templates_id`, `name`, `status`, `modified`, `modified_users_id`, `created`, `created_users_id`, `published`, `sort`, `name1012`, `status1012`) VALUES('1162', '1152', '51', 'lightwind-plan-b', '1', '2021-03-07 13:13:17', '41', '2021-03-07 11:30:04', '41', '2021-03-07 10:30:13', '3', 'leichtwind-plan-b', '1');
INSERT INTO `pages` (`id`, `parent_id`, `templates_id`, `name`, `status`, `modified`, `modified_users_id`, `created`, `created_users_id`, `published`, `sort`, `name1012`, `status1012`) VALUES('1163', '1086', '2', 'for-page-1162', '17', '2021-03-07 11:30:04', '41', '2021-03-07 11:30:04', '41', '2021-03-07 10:30:04', '15', NULL, '0');
INSERT INTO `pages` (`id`, `parent_id`, `templates_id`, `name`, `status`, `modified`, `modified_users_id`, `created`, `created_users_id`, `published`, `sort`, `name1012`, `status1012`) VALUES('1164', '1152', '51', 'special-edition', '1', '2021-03-07 12:44:09', '41', '2021-03-07 11:30:40', '41', '2021-03-07 10:30:49', '4', 'spezial-edition', '1');
INSERT INTO `pages` (`id`, `parent_id`, `templates_id`, `name`, `status`, `modified`, `modified_users_id`, `created`, `created_users_id`, `published`, `sort`, `name1012`, `status1012`) VALUES('1165', '1086', '2', 'for-page-1164', '17', '2021-03-07 11:30:40', '41', '2021-03-07 11:30:40', '41', '2021-03-07 10:30:40', '16', NULL, '0');
INSERT INTO `pages` (`id`, `parent_id`, `templates_id`, `name`, `status`, `modified`, `modified_users_id`, `created`, `created_users_id`, `published`, `sort`, `name1012`, `status1012`) VALUES('1166', '1152', '51', 'chrome-edition', '1', '2021-03-07 12:43:48', '41', '2021-03-07 11:31:10', '41', '2021-03-07 10:31:19', '5', 'chrom-edition', '1');
INSERT INTO `pages` (`id`, `parent_id`, `templates_id`, `name`, `status`, `modified`, `modified_users_id`, `created`, `created_users_id`, `published`, `sort`, `name1012`, `status1012`) VALUES('1167', '1086', '2', 'for-page-1166', '17', '2021-03-07 11:31:10', '41', '2021-03-07 11:31:10', '41', '2021-03-07 10:31:10', '17', NULL, '0');
INSERT INTO `pages` (`id`, `parent_id`, `templates_id`, `name`, `status`, `modified`, `modified_users_id`, `created`, `created_users_id`, `published`, `sort`, `name1012`, `status1012`) VALUES('1168', '1152', '51', 'big-air-challenger', '2049', '2021-03-12 10:39:16', '41', '2021-03-07 11:31:49', '41', '2021-03-12 10:39:05', '6', NULL, '1');
INSERT INTO `pages` (`id`, `parent_id`, `templates_id`, `name`, `status`, `modified`, `modified_users_id`, `created`, `created_users_id`, `published`, `sort`, `name1012`, `status1012`) VALUES('1169', '1086', '2', 'for-page-1168', '17', '2021-03-07 11:31:49', '41', '2021-03-07 11:31:49', '41', '2021-03-07 10:31:49', '18', NULL, '0');
INSERT INTO `pages` (`id`, `parent_id`, `templates_id`, `name`, `status`, `modified`, `modified_users_id`, `created`, `created_users_id`, `published`, `sort`, `name1012`, `status1012`) VALUES('1170', '1152', '51', 'freestyler', '2049', '2021-03-07 12:38:45', '41', '2021-03-07 11:32:40', '41', '2021-03-07 10:32:49', '7', NULL, '1');
INSERT INTO `pages` (`id`, `parent_id`, `templates_id`, `name`, `status`, `modified`, `modified_users_id`, `created`, `created_users_id`, `published`, `sort`, `name1012`, `status1012`) VALUES('1171', '1086', '2', 'for-page-1170', '17', '2021-03-07 11:32:40', '41', '2021-03-07 11:32:40', '41', '2021-03-07 10:32:40', '19', NULL, '0');
INSERT INTO `pages` (`id`, `parent_id`, `templates_id`, `name`, `status`, `modified`, `modified_users_id`, `created`, `created_users_id`, `published`, `sort`, `name1012`, `status1012`) VALUES('1176', '1028', '2', 'for-page-1156', '17', '2021-03-07 11:36:01', '41', '2021-03-07 11:36:01', '41', '2021-03-07 10:36:01', '18', NULL, '0');
INSERT INTO `pages` (`id`, `parent_id`, `templates_id`, `name`, `status`, `modified`, `modified_users_id`, `created`, `created_users_id`, `published`, `sort`, `name1012`, `status1012`) VALUES('1182', '1177', '51', 'freestyler', '1', '2021-03-07 11:37:45', '41', '2021-03-07 11:37:36', '41', '2021-03-07 10:37:45', '0', NULL, '1');
INSERT INTO `pages` (`id`, `parent_id`, `templates_id`, `name`, `status`, `modified`, `modified_users_id`, `created`, `created_users_id`, `published`, `sort`, `name1012`, `status1012`) VALUES('1181', '1086', '2', 'for-page-1177', '17', '2021-03-07 11:37:22', '41', '2021-03-07 11:37:22', '41', '2021-03-07 10:37:22', '22', NULL, '0');
INSERT INTO `pages` (`id`, `parent_id`, `templates_id`, `name`, `status`, `modified`, `modified_users_id`, `created`, `created_users_id`, `published`, `sort`, `name1012`, `status1012`) VALUES('1183', '1086', '2', 'for-page-1182', '17', '2021-03-07 11:37:36', '41', '2021-03-07 11:37:36', '41', '2021-03-07 10:37:36', '23', NULL, '0');
INSERT INTO `pages` (`id`, `parent_id`, `templates_id`, `name`, `status`, `modified`, `modified_users_id`, `created`, `created_users_id`, `published`, `sort`, `name1012`, `status1012`) VALUES('1184', '1156', '50', 'equipment', '2049', '2021-03-07 12:08:34', '41', '2021-03-07 11:38:34', '41', '2021-03-07 10:38:36', '1', 'zubehor', '1');
INSERT INTO `pages` (`id`, `parent_id`, `templates_id`, `name`, `status`, `modified`, `modified_users_id`, `created`, `created_users_id`, `published`, `sort`, `name1012`, `status1012`) VALUES('1185', '1086', '2', 'for-page-1184', '17', '2021-03-07 11:38:34', '41', '2021-03-07 11:38:34', '41', '2021-03-07 10:38:34', '24', NULL, '0');
INSERT INTO `pages` (`id`, `parent_id`, `templates_id`, `name`, `status`, `modified`, `modified_users_id`, `created`, `created_users_id`, `published`, `sort`, `name1012`, `status1012`) VALUES('1186', '1184', '51', 'straps', '1', '2021-03-07 11:39:03', '41', '2021-03-07 11:38:45', '41', '2021-03-07 10:39:03', '0', NULL, '1');
INSERT INTO `pages` (`id`, `parent_id`, `templates_id`, `name`, `status`, `modified`, `modified_users_id`, `created`, `created_users_id`, `published`, `sort`, `name1012`, `status1012`) VALUES('1187', '1086', '2', 'for-page-1186', '17', '2021-03-07 11:38:45', '41', '2021-03-07 11:38:45', '41', '2021-03-07 10:38:45', '25', NULL, '0');
INSERT INTO `pages` (`id`, `parent_id`, `templates_id`, `name`, `status`, `modified`, `modified_users_id`, `created`, `created_users_id`, `published`, `sort`, `name1012`, `status1012`) VALUES('1188', '1156', '50', 'promotion', '1', '2021-03-07 11:39:36', '41', '2021-03-07 11:39:25', '41', '2021-03-07 10:39:36', '2', NULL, '1');
INSERT INTO `pages` (`id`, `parent_id`, `templates_id`, `name`, `status`, `modified`, `modified_users_id`, `created`, `created_users_id`, `published`, `sort`, `name1012`, `status1012`) VALUES('1189', '1086', '2', 'for-page-1188', '17', '2021-03-07 11:39:25', '41', '2021-03-07 11:39:25', '41', '2021-03-07 10:39:25', '26', NULL, '0');
INSERT INTO `pages` (`id`, `parent_id`, `templates_id`, `name`, `status`, `modified`, `modified_users_id`, `created`, `created_users_id`, `published`, `sort`, `name1012`, `status1012`) VALUES('1190', '1', '29', 'testpoint', '1', '2021-03-08 13:39:44', '41', '2021-03-07 11:45:13', '41', '2021-03-07 10:45:16', '4', NULL, '1');
INSERT INTO `pages` (`id`, `parent_id`, `templates_id`, `name`, `status`, `modified`, `modified_users_id`, `created`, `created_users_id`, `published`, `sort`, `name1012`, `status1012`) VALUES('1191', '1028', '2', 'for-page-1190', '17', '2021-03-07 11:45:13', '41', '2021-03-07 11:45:13', '41', '2021-03-07 10:45:13', '19', NULL, '0');
INSERT INTO `pages` (`id`, `parent_id`, `templates_id`, `name`, `status`, `modified`, `modified_users_id`, `created`, `created_users_id`, `published`, `sort`, `name1012`, `status1012`) VALUES('1192', '1152', '55', 'gallery', '1', '2021-03-07 12:07:39', '41', '2021-03-07 11:55:59', '41', '2021-03-07 10:56:12', '0', NULL, '1');
INSERT INTO `pages` (`id`, `parent_id`, `templates_id`, `name`, `status`, `modified`, `modified_users_id`, `created`, `created_users_id`, `published`, `sort`, `name1012`, `status1012`) VALUES('1194', '1028', '2', 'for-page-1154', '17', '2021-03-07 12:40:29', '41', '2021-03-07 12:40:29', '41', '2021-03-07 11:40:29', '20', NULL, '0');
INSERT INTO `pages` (`id`, `parent_id`, `templates_id`, `name`, `status`, `modified`, `modified_users_id`, `created`, `created_users_id`, `published`, `sort`, `name1012`, `status1012`) VALUES('1196', '1194', '44', '1615117363-2913-1', '1', '2021-03-07 12:49:22', '41', '2021-03-07 12:42:43', '41', '2021-03-07 11:42:59', '1', NULL, '1');
INSERT INTO `pages` (`id`, `parent_id`, `templates_id`, `name`, `status`, `modified`, `modified_users_id`, `created`, `created_users_id`, `published`, `sort`, `name1012`, `status1012`) VALUES('1216', '1085', '2', 'for-page-1215', '17', '2021-03-07 13:10:21', '41', '2021-03-07 13:10:21', '41', '2021-03-07 12:10:21', '5', NULL, '0');
INSERT INTO `pages` (`id`, `parent_id`, `templates_id`, `name`, `status`, `modified`, `modified_users_id`, `created`, `created_users_id`, `published`, `sort`, `name1012`, `status1012`) VALUES('1217', '1216', '52', '1615119028-0927-1', '1', '2021-03-07 13:11:25', '41', '2021-03-07 13:10:28', '41', '2021-03-07 12:11:25', '2', NULL, '1');
INSERT INTO `pages` (`id`, `parent_id`, `templates_id`, `name`, `status`, `modified`, `modified_users_id`, `created`, `created_users_id`, `published`, `sort`, `name1012`, `status1012`) VALUES('1200', '1159', '53', '1615118283-1115-1', '1', '2021-03-07 15:38:09', '41', '2021-03-07 12:58:03', '41', '2021-03-07 11:58:34', '0', NULL, '1');
INSERT INTO `pages` (`id`, `parent_id`, `templates_id`, `name`, `status`, `modified`, `modified_users_id`, `created`, `created_users_id`, `published`, `sort`, `name1012`, `status1012`) VALUES('1201', '1085', '2', 'for-page-1200', '17', '2021-03-07 12:58:03', '41', '2021-03-07 12:58:03', '41', '2021-03-07 11:58:03', '4', NULL, '0');
INSERT INTO `pages` (`id`, `parent_id`, `templates_id`, `name`, `status`, `modified`, `modified_users_id`, `created`, `created_users_id`, `published`, `sort`, `name1012`, `status1012`) VALUES('1202', '1201', '52', '1615118290-575-1', '1', '2021-03-07 13:00:02', '41', '2021-03-07 12:58:10', '41', '2021-03-07 11:58:34', '0', NULL, '1');
INSERT INTO `pages` (`id`, `parent_id`, `templates_id`, `name`, `status`, `modified`, `modified_users_id`, `created`, `created_users_id`, `published`, `sort`, `name1012`, `status1012`) VALUES('1203', '1201', '52', '1615118307-3685-1c', '3073', '2021-03-07 14:58:27', '41', '2021-03-07 14:58:27', '41', NULL, '2', NULL, '1');
INSERT INTO `pages` (`id`, `parent_id`, `templates_id`, `name`, `status`, `modified`, `modified_users_id`, `created`, `created_users_id`, `published`, `sort`, `name1012`, `status1012`) VALUES('1210', '1159', '53', '1615118649-951-1', '1', '2021-03-09 13:34:39', '1281', '2021-03-07 13:04:09', '41', '2021-03-07 12:05:20', '1', NULL, '1');
INSERT INTO `pages` (`id`, `parent_id`, `templates_id`, `name`, `status`, `modified`, `modified_users_id`, `created`, `created_users_id`, `published`, `sort`, `name1012`, `status1012`) VALUES('1204', '1201', '52', '1615118345-7731-1c', '1', '2021-03-07 13:01:13', '41', '2021-03-07 14:59:05', '41', '2021-03-07 12:00:02', '2', NULL, '1');
INSERT INTO `pages` (`id`, `parent_id`, `templates_id`, `name`, `status`, `modified`, `modified_users_id`, `created`, `created_users_id`, `published`, `sort`, `name1012`, `status1012`) VALUES('1205', '1201', '52', '1615118358-2323-1c', '1', '2021-03-07 13:01:13', '41', '2021-03-07 14:59:18', '41', '2021-03-07 12:00:02', '3', NULL, '1');
INSERT INTO `pages` (`id`, `parent_id`, `templates_id`, `name`, `status`, `modified`, `modified_users_id`, `created`, `created_users_id`, `published`, `sort`, `name1012`, `status1012`) VALUES('1206', '1201', '52', '1615118369-9061-1', '1', '2021-03-07 13:01:13', '41', '2021-03-07 12:59:29', '41', '2021-03-07 12:00:02', '4', NULL, '1');
INSERT INTO `pages` (`id`, `parent_id`, `templates_id`, `name`, `status`, `modified`, `modified_users_id`, `created`, `created_users_id`, `published`, `sort`, `name1012`, `status1012`) VALUES('1207', '1201', '52', '1615118378-0127-1', '1', '2021-03-07 13:01:13', '41', '2021-03-07 12:59:38', '41', '2021-03-07 12:00:02', '5', NULL, '1');
INSERT INTO `pages` (`id`, `parent_id`, `templates_id`, `name`, `status`, `modified`, `modified_users_id`, `created`, `created_users_id`, `published`, `sort`, `name1012`, `status1012`) VALUES('1209', '1201', '52', '1615118482-8039-1', '1', '2021-03-07 15:38:09', '41', '2021-03-07 13:01:22', '41', '2021-03-07 12:01:33', '6', NULL, '1');
INSERT INTO `pages` (`id`, `parent_id`, `templates_id`, `name`, `status`, `modified`, `modified_users_id`, `created`, `created_users_id`, `published`, `sort`, `name1012`, `status1012`) VALUES('1211', '1085', '2', 'for-page-1210', '17', '2021-03-07 13:04:09', '41', '2021-03-07 13:04:09', '41', '2021-03-07 12:04:09', '5', NULL, '0');
INSERT INTO `pages` (`id`, `parent_id`, `templates_id`, `name`, `status`, `modified`, `modified_users_id`, `created`, `created_users_id`, `published`, `sort`, `name1012`, `status1012`) VALUES('1212', '1211', '52', '1615118653-3658-1', '1', '2021-03-09 13:34:00', '1281', '2021-03-07 13:04:13', '41', '2021-03-07 12:05:20', '0', NULL, '1');
INSERT INTO `pages` (`id`, `parent_id`, `templates_id`, `name`, `status`, `modified`, `modified_users_id`, `created`, `created_users_id`, `published`, `sort`, `name1012`, `status1012`) VALUES('1213', '1211', '52', '1615118683-7655-1', '1', '2021-03-09 13:34:39', '1281', '2021-03-07 13:04:43', '41', '2021-03-07 12:05:20', '1', NULL, '1');
INSERT INTO `pages` (`id`, `parent_id`, `templates_id`, `name`, `status`, `modified`, `modified_users_id`, `created`, `created_users_id`, `published`, `sort`, `name1012`, `status1012`) VALUES('1214', '1211', '52', '1615118698-535-1', '1', '2021-03-09 13:34:39', '1281', '2021-03-07 13:04:58', '41', '2021-03-07 12:05:20', '2', NULL, '1');
INSERT INTO `pages` (`id`, `parent_id`, `templates_id`, `name`, `status`, `modified`, `modified_users_id`, `created`, `created_users_id`, `published`, `sort`, `name1012`, `status1012`) VALUES('1215', '1161', '53', '1615119021-8129-1', '1', '2021-03-07 13:11:25', '41', '2021-03-07 13:10:21', '41', '2021-03-07 12:11:25', '2', NULL, '1');
INSERT INTO `pages` (`id`, `parent_id`, `templates_id`, `name`, `status`, `modified`, `modified_users_id`, `created`, `created_users_id`, `published`, `sort`, `name1012`, `status1012`) VALUES('1218', '1216', '52', '1615119036-8924-1', '1', '2021-03-07 13:11:25', '41', '2021-03-07 13:10:36', '41', '2021-03-07 12:11:25', '3', NULL, '1');
INSERT INTO `pages` (`id`, `parent_id`, `templates_id`, `name`, `status`, `modified`, `modified_users_id`, `created`, `created_users_id`, `published`, `sort`, `name1012`, `status1012`) VALUES('1219', '1216', '52', '1615119061-6015-1', '1', '2021-03-07 13:11:25', '41', '2021-03-07 13:11:01', '41', '2021-03-07 12:11:25', '4', NULL, '1');
INSERT INTO `pages` (`id`, `parent_id`, `templates_id`, `name`, `status`, `modified`, `modified_users_id`, `created`, `created_users_id`, `published`, `sort`, `name1012`, `status1012`) VALUES('1220', '1163', '53', '1615119135-792-1', '1', '2021-03-07 13:13:17', '41', '2021-03-07 13:12:15', '41', '2021-03-07 12:13:17', '2', NULL, '1');
INSERT INTO `pages` (`id`, `parent_id`, `templates_id`, `name`, `status`, `modified`, `modified_users_id`, `created`, `created_users_id`, `published`, `sort`, `name1012`, `status1012`) VALUES('1221', '1085', '2', 'for-page-1220', '17', '2021-03-07 13:12:15', '41', '2021-03-07 13:12:15', '41', '2021-03-07 12:12:15', '6', NULL, '0');
INSERT INTO `pages` (`id`, `parent_id`, `templates_id`, `name`, `status`, `modified`, `modified_users_id`, `created`, `created_users_id`, `published`, `sort`, `name1012`, `status1012`) VALUES('1222', '1221', '52', '1615119143-7236-1', '1', '2021-03-07 13:13:17', '41', '2021-03-07 13:12:23', '41', '2021-03-07 12:13:17', '2', NULL, '1');
INSERT INTO `pages` (`id`, `parent_id`, `templates_id`, `name`, `status`, `modified`, `modified_users_id`, `created`, `created_users_id`, `published`, `sort`, `name1012`, `status1012`) VALUES('1223', '1163', '53', '1615119154-0203-1', '1', '2021-03-07 13:13:17', '41', '2021-03-07 13:12:34', '41', '2021-03-07 12:13:17', '3', NULL, '1');
INSERT INTO `pages` (`id`, `parent_id`, `templates_id`, `name`, `status`, `modified`, `modified_users_id`, `created`, `created_users_id`, `published`, `sort`, `name1012`, `status1012`) VALUES('1224', '1085', '2', 'for-page-1223', '17', '2021-03-07 13:12:34', '41', '2021-03-07 13:12:34', '41', '2021-03-07 12:12:34', '7', NULL, '0');
INSERT INTO `pages` (`id`, `parent_id`, `templates_id`, `name`, `status`, `modified`, `modified_users_id`, `created`, `created_users_id`, `published`, `sort`, `name1012`, `status1012`) VALUES('1225', '1224', '52', '1615119156-7904-1', '1', '2021-03-07 13:13:17', '41', '2021-03-07 13:12:36', '41', '2021-03-07 12:13:17', '2', NULL, '1');
INSERT INTO `pages` (`id`, `parent_id`, `templates_id`, `name`, `status`, `modified`, `modified_users_id`, `created`, `created_users_id`, `published`, `sort`, `name1012`, `status1012`) VALUES('1226', '1224', '52', '1615119177-7176-1', '1', '2021-03-07 13:13:17', '41', '2021-03-07 13:12:57', '41', '2021-03-07 12:13:17', '3', NULL, '1');
INSERT INTO `pages` (`id`, `parent_id`, `templates_id`, `name`, `status`, `modified`, `modified_users_id`, `created`, `created_users_id`, `published`, `sort`, `name1012`, `status1012`) VALUES('1227', '1027', '2', 'for-field-158', '17', '2021-03-07 13:23:39', '41', '2021-03-07 13:23:39', '41', '2021-03-07 12:23:39', '5', NULL, '0');
INSERT INTO `pages` (`id`, `parent_id`, `templates_id`, `name`, `status`, `modified`, `modified_users_id`, `created`, `created_users_id`, `published`, `sort`, `name1012`, `status1012`) VALUES('1228', '1227', '2', 'for-page-1', '17', '2021-03-07 13:24:44', '41', '2021-03-07 13:24:44', '41', '2021-03-07 12:24:44', '0', NULL, '0');
INSERT INTO `pages` (`id`, `parent_id`, `templates_id`, `name`, `status`, `modified`, `modified_users_id`, `created`, `created_users_id`, `published`, `sort`, `name1012`, `status1012`) VALUES('1229', '1228', '56', '1615119890-5588-1', '1', '2021-03-14 18:12:11', '1281', '2021-03-07 13:24:50', '41', '2021-03-07 12:25:23', '0', NULL, '1');
INSERT INTO `pages` (`id`, `parent_id`, `templates_id`, `name`, `status`, `modified`, `modified_users_id`, `created`, `created_users_id`, `published`, `sort`, `name1012`, `status1012`) VALUES('1230', '1228', '56', '1615120300-1529-1', '1', '2021-03-07 14:00:34', '41', '2021-03-07 13:31:40', '41', '2021-03-07 12:32:25', '1', NULL, '1');
INSERT INTO `pages` (`id`, `parent_id`, `templates_id`, `name`, `status`, `modified`, `modified_users_id`, `created`, `created_users_id`, `published`, `sort`, `name1012`, `status1012`) VALUES('1231', '1228', '56', '1615121130-066-1', '1', '2021-03-07 14:06:27', '41', '2021-03-07 13:45:30', '41', '2021-03-07 12:45:39', '2', NULL, '1');
INSERT INTO `pages` (`id`, `parent_id`, `templates_id`, `name`, `status`, `modified`, `modified_users_id`, `created`, `created_users_id`, `published`, `sort`, `name1012`, `status1012`) VALUES('1253', '1252', '58', '1615123764-5698-1', '1', '2021-03-07 14:34:50', '41', '2021-03-07 14:29:24', '41', '2021-03-07 13:29:43', '0', NULL, '1');
INSERT INTO `pages` (`id`, `parent_id`, `templates_id`, `name`, `status`, `modified`, `modified_users_id`, `created`, `created_users_id`, `published`, `sort`, `name1012`, `status1012`) VALUES('1234', '1028', '2', 'for-page-1002', '17', '2021-03-07 14:02:15', '41', '2021-03-07 14:02:15', '41', '2021-03-07 13:02:15', '21', NULL, '0');
INSERT INTO `pages` (`id`, `parent_id`, `templates_id`, `name`, `status`, `modified`, `modified_users_id`, `created`, `created_users_id`, `published`, `sort`, `name1012`, `status1012`) VALUES('1251', '1244', '57', '1615123757-6252-1', '1', '2021-03-08 13:59:53', '41', '2021-03-07 14:29:17', '41', '2021-03-07 13:29:43', '0', NULL, '1');
INSERT INTO `pages` (`id`, `parent_id`, `templates_id`, `name`, `status`, `modified`, `modified_users_id`, `created`, `created_users_id`, `published`, `sort`, `name1012`, `status1012`) VALUES('1252', '1243', '2', 'for-page-1251', '17', '2021-03-07 14:29:17', '41', '2021-03-07 14:29:17', '41', '2021-03-07 13:29:17', '0', NULL, '0');
INSERT INTO `pages` (`id`, `parent_id`, `templates_id`, `name`, `status`, `modified`, `modified_users_id`, `created`, `created_users_id`, `published`, `sort`, `name1012`, `status1012`) VALUES('1255', '1252', '58', '1615124045-4354-1', '1', '2021-03-07 15:41:52', '41', '2021-03-07 14:34:05', '41', '2021-03-07 13:34:50', '2', NULL, '1');
INSERT INTO `pages` (`id`, `parent_id`, `templates_id`, `name`, `status`, `modified`, `modified_users_id`, `created`, `created_users_id`, `published`, `sort`, `name1012`, `status1012`) VALUES('1242', '1027', '2', 'for-field-160', '17', '2021-03-07 14:22:56', '41', '2021-03-07 14:22:56', '41', '2021-03-07 13:22:56', '6', NULL, '0');
INSERT INTO `pages` (`id`, `parent_id`, `templates_id`, `name`, `status`, `modified`, `modified_users_id`, `created`, `created_users_id`, `published`, `sort`, `name1012`, `status1012`) VALUES('1256', '1252', '58', '1615124060-898-1', '1', '2021-03-08 13:59:53', '41', '2021-03-07 14:34:20', '41', '2021-03-07 13:34:50', '3', NULL, '1');
INSERT INTO `pages` (`id`, `parent_id`, `templates_id`, `name`, `status`, `modified`, `modified_users_id`, `created`, `created_users_id`, `published`, `sort`, `name1012`, `status1012`) VALUES('1243', '1027', '2', 'for-field-161', '17', '2021-03-07 14:24:16', '41', '2021-03-07 14:24:16', '41', '2021-03-07 13:24:16', '7', NULL, '0');
INSERT INTO `pages` (`id`, `parent_id`, `templates_id`, `name`, `status`, `modified`, `modified_users_id`, `created`, `created_users_id`, `published`, `sort`, `name1012`, `status1012`) VALUES('1244', '1242', '2', 'for-page-1152', '17', '2021-03-07 14:28:33', '41', '2021-03-07 14:28:33', '41', '2021-03-07 13:28:33', '0', NULL, '0');
INSERT INTO `pages` (`id`, `parent_id`, `templates_id`, `name`, `status`, `modified`, `modified_users_id`, `created`, `created_users_id`, `published`, `sort`, `name1012`, `status1012`) VALUES('1254', '1252', '58', '1615123772-1523-1', '1', '2021-03-07 15:39:39', '41', '2021-03-07 14:29:32', '41', '2021-03-07 13:29:43', '1', NULL, '1');
INSERT INTO `pages` (`id`, `parent_id`, `templates_id`, `name`, `status`, `modified`, `modified_users_id`, `created`, `created_users_id`, `published`, `sort`, `name1012`, `status1012`) VALUES('1257', '1252', '58', '1615124073-5257-1', '1', '2021-03-07 15:41:52', '41', '2021-03-07 14:34:33', '41', '2021-03-07 13:34:50', '4', NULL, '1');
INSERT INTO `pages` (`id`, `parent_id`, `templates_id`, `name`, `status`, `modified`, `modified_users_id`, `created`, `created_users_id`, `published`, `sort`, `name1012`, `status1012`) VALUES('1258', '1252', '58', '1615128122-0414-1', '1', '2021-03-08 13:42:00', '41', '2021-03-07 15:42:02', '41', '2021-03-07 14:45:11', '5', NULL, '1');
INSERT INTO `pages` (`id`, `parent_id`, `templates_id`, `name`, `status`, `modified`, `modified_users_id`, `created`, `created_users_id`, `published`, `sort`, `name1012`, `status1012`) VALUES('1259', '1252', '58', '1615128146-7475-1', '1', '2021-03-08 13:42:00', '41', '2021-03-07 15:42:26', '41', '2021-03-07 14:45:11', '6', NULL, '1');
INSERT INTO `pages` (`id`, `parent_id`, `templates_id`, `name`, `status`, `modified`, `modified_users_id`, `created`, `created_users_id`, `published`, `sort`, `name1012`, `status1012`) VALUES('1260', '1252', '58', '1615128172-4389-1', '1', '2021-03-08 13:42:00', '41', '2021-03-07 15:42:52', '41', '2021-03-07 14:45:11', '7', NULL, '1');
INSERT INTO `pages` (`id`, `parent_id`, `templates_id`, `name`, `status`, `modified`, `modified_users_id`, `created`, `created_users_id`, `published`, `sort`, `name1012`, `status1012`) VALUES('1261', '1252', '58', '1615128199-3437-1', '1', '2021-03-08 13:42:00', '41', '2021-03-07 15:43:19', '41', '2021-03-07 14:45:11', '8', NULL, '1');
INSERT INTO `pages` (`id`, `parent_id`, `templates_id`, `name`, `status`, `modified`, `modified_users_id`, `created`, `created_users_id`, `published`, `sort`, `name1012`, `status1012`) VALUES('1262', '1252', '58', '1615128230-1215-1', '1', '2021-03-08 13:42:00', '41', '2021-03-07 15:43:50', '41', '2021-03-07 14:45:11', '9', NULL, '1');
INSERT INTO `pages` (`id`, `parent_id`, `templates_id`, `name`, `status`, `modified`, `modified_users_id`, `created`, `created_users_id`, `published`, `sort`, `name1012`, `status1012`) VALUES('1263', '1252', '58', '1615128263-5436-1', '1', '2021-03-08 13:42:00', '41', '2021-03-07 15:44:23', '41', '2021-03-07 14:45:11', '10', NULL, '1');
INSERT INTO `pages` (`id`, `parent_id`, `templates_id`, `name`, `status`, `modified`, `modified_users_id`, `created`, `created_users_id`, `published`, `sort`, `name1012`, `status1012`) VALUES('1264', '1252', '58', '1615128289-2231-1', '1', '2021-03-08 13:42:00', '41', '2021-03-07 15:44:49', '41', '2021-03-07 14:45:11', '11', NULL, '1');
INSERT INTO `pages` (`id`, `parent_id`, `templates_id`, `name`, `status`, `modified`, `modified_users_id`, `created`, `created_users_id`, `published`, `sort`, `name1012`, `status1012`) VALUES('1302', '1282', '59', 'order_20210314-6', '1', '2021-03-14 17:34:26', '1281', '2021-03-14 17:34:26', '1281', '2021-03-14 17:34:26', '6', NULL, '0');
INSERT INTO `pages` (`id`, `parent_id`, `templates_id`, `name`, `status`, `modified`, `modified_users_id`, `created`, `created_users_id`, `published`, `sort`, `name1012`, `status1012`) VALUES('1281', '29', '3', 'author', '1', '2021-03-09 08:33:08', '41', '2021-03-09 08:32:56', '41', '2021-03-09 08:33:08', '2', NULL, '1');
INSERT INTO `pages` (`id`, `parent_id`, `templates_id`, `name`, `status`, `modified`, `modified_users_id`, `created`, `created_users_id`, `published`, `sort`, `name1012`, `status1012`) VALUES('1286', '22', '2', 'assets-backups', '1', '2021-03-09 15:28:06', '41', '2021-03-09 15:28:06', '41', '2021-03-09 15:28:06', '7', NULL, '0');
INSERT INTO `pages` (`id`, `parent_id`, `templates_id`, `name`, `status`, `modified`, `modified_users_id`, `created`, `created_users_id`, `published`, `sort`, `name1012`, `status1012`) VALUES('1287', '31', '5', 'fs-backup', '1', '2021-03-09 15:28:06', '41', '2021-03-09 15:28:06', '41', '2021-03-09 15:28:06', '15', NULL, '1');

DROP TABLE IF EXISTS `pages_access`;
CREATE TABLE `pages_access` (
  `pages_id` int(11) NOT NULL,
  `templates_id` int(11) NOT NULL,
  `ts` timestamp NOT NULL DEFAULT CURRENT_TIMESTAMP ON UPDATE CURRENT_TIMESTAMP,
  PRIMARY KEY (`pages_id`),
  KEY `templates_id` (`templates_id`)
) ENGINE=MyISAM DEFAULT CHARSET=utf8;

INSERT INTO `pages_access` (`pages_id`, `templates_id`, `ts`) VALUES('37', '2', '2020-02-05 08:51:13');
INSERT INTO `pages_access` (`pages_id`, `templates_id`, `ts`) VALUES('38', '2', '2020-02-05 08:51:13');
INSERT INTO `pages_access` (`pages_id`, `templates_id`, `ts`) VALUES('32', '2', '2020-02-05 08:51:13');
INSERT INTO `pages_access` (`pages_id`, `templates_id`, `ts`) VALUES('34', '2', '2020-02-05 08:51:13');
INSERT INTO `pages_access` (`pages_id`, `templates_id`, `ts`) VALUES('35', '2', '2020-02-05 08:51:13');
INSERT INTO `pages_access` (`pages_id`, `templates_id`, `ts`) VALUES('36', '2', '2020-02-05 08:51:13');
INSERT INTO `pages_access` (`pages_id`, `templates_id`, `ts`) VALUES('50', '2', '2020-02-05 08:51:13');
INSERT INTO `pages_access` (`pages_id`, `templates_id`, `ts`) VALUES('51', '2', '2020-02-05 08:51:13');
INSERT INTO `pages_access` (`pages_id`, `templates_id`, `ts`) VALUES('52', '2', '2020-02-05 08:51:13');
INSERT INTO `pages_access` (`pages_id`, `templates_id`, `ts`) VALUES('53', '2', '2020-02-05 08:51:13');
INSERT INTO `pages_access` (`pages_id`, `templates_id`, `ts`) VALUES('54', '2', '2020-02-05 08:51:13');
INSERT INTO `pages_access` (`pages_id`, `templates_id`, `ts`) VALUES('1006', '2', '2020-02-05 08:51:13');
INSERT INTO `pages_access` (`pages_id`, `templates_id`, `ts`) VALUES('1010', '2', '2020-02-05 08:51:13');
INSERT INTO `pages_access` (`pages_id`, `templates_id`, `ts`) VALUES('1012', '2', '2020-02-05 08:51:13');
INSERT INTO `pages_access` (`pages_id`, `templates_id`, `ts`) VALUES('1300', '2', '2021-03-12 10:23:30');
INSERT INTO `pages_access` (`pages_id`, `templates_id`, `ts`) VALUES('1016', '2', '2020-02-05 08:51:29');
INSERT INTO `pages_access` (`pages_id`, `templates_id`, `ts`) VALUES('1018', '2', '2020-02-05 08:51:35');
INSERT INTO `pages_access` (`pages_id`, `templates_id`, `ts`) VALUES('1019', '2', '2020-02-05 08:51:35');
INSERT INTO `pages_access` (`pages_id`, `templates_id`, `ts`) VALUES('1295', '1', '2021-03-11 11:54:09');
INSERT INTO `pages_access` (`pages_id`, `templates_id`, `ts`) VALUES('1292', '1', '2021-03-11 11:29:51');
INSERT INTO `pages_access` (`pages_id`, `templates_id`, `ts`) VALUES('1068', '2', '2020-04-22 12:50:40');
INSERT INTO `pages_access` (`pages_id`, `templates_id`, `ts`) VALUES('1024', '1', '2020-04-15 09:33:35');
INSERT INTO `pages_access` (`pages_id`, `templates_id`, `ts`) VALUES('1025', '1', '2020-04-15 09:33:54');
INSERT INTO `pages_access` (`pages_id`, `templates_id`, `ts`) VALUES('1026', '1', '2020-04-15 09:34:51');
INSERT INTO `pages_access` (`pages_id`, `templates_id`, `ts`) VALUES('1030', '2', '2020-04-20 07:52:34');
INSERT INTO `pages_access` (`pages_id`, `templates_id`, `ts`) VALUES('1035', '2', '2020-04-20 08:07:53');
INSERT INTO `pages_access` (`pages_id`, `templates_id`, `ts`) VALUES('1036', '2', '2020-04-20 08:08:07');
INSERT INTO `pages_access` (`pages_id`, `templates_id`, `ts`) VALUES('1037', '2', '2020-04-20 08:08:18');
INSERT INTO `pages_access` (`pages_id`, `templates_id`, `ts`) VALUES('1038', '2', '2020-04-20 08:08:24');
INSERT INTO `pages_access` (`pages_id`, `templates_id`, `ts`) VALUES('1039', '2', '2020-04-20 08:08:59');
INSERT INTO `pages_access` (`pages_id`, `templates_id`, `ts`) VALUES('1040', '2', '2020-04-20 08:09:14');
INSERT INTO `pages_access` (`pages_id`, `templates_id`, `ts`) VALUES('1041', '2', '2020-04-20 08:09:19');
INSERT INTO `pages_access` (`pages_id`, `templates_id`, `ts`) VALUES('1042', '2', '2020-04-20 08:09:24');
INSERT INTO `pages_access` (`pages_id`, `templates_id`, `ts`) VALUES('1045', '2', '2020-04-20 09:03:53');
INSERT INTO `pages_access` (`pages_id`, `templates_id`, `ts`) VALUES('1046', '2', '2020-04-20 09:13:06');
INSERT INTO `pages_access` (`pages_id`, `templates_id`, `ts`) VALUES('1047', '2', '2020-04-20 09:13:08');
INSERT INTO `pages_access` (`pages_id`, `templates_id`, `ts`) VALUES('1049', '2', '2020-04-20 09:47:22');
INSERT INTO `pages_access` (`pages_id`, `templates_id`, `ts`) VALUES('1293', '1', '2021-03-11 11:31:29');
INSERT INTO `pages_access` (`pages_id`, `templates_id`, `ts`) VALUES('1294', '1', '2021-03-11 11:47:17');
INSERT INTO `pages_access` (`pages_id`, `templates_id`, `ts`) VALUES('1282', '1', '2021-03-09 14:46:50');
INSERT INTO `pages_access` (`pages_id`, `templates_id`, `ts`) VALUES('1297', '2', '2021-03-12 10:22:50');
INSERT INTO `pages_access` (`pages_id`, `templates_id`, `ts`) VALUES('1302', '1', '2021-03-14 17:34:26');
INSERT INTO `pages_access` (`pages_id`, `templates_id`, `ts`) VALUES('1301', '1', '2021-03-14 08:04:10');
INSERT INTO `pages_access` (`pages_id`, `templates_id`, `ts`) VALUES('1114', '2', '2020-05-26 14:42:41');
INSERT INTO `pages_access` (`pages_id`, `templates_id`, `ts`) VALUES('1116', '1', '2020-06-06 15:46:23');
INSERT INTO `pages_access` (`pages_id`, `templates_id`, `ts`) VALUES('1120', '2', '2020-06-06 16:18:47');
INSERT INTO `pages_access` (`pages_id`, `templates_id`, `ts`) VALUES('1121', '2', '2020-06-06 16:23:17');
INSERT INTO `pages_access` (`pages_id`, `templates_id`, `ts`) VALUES('1299', '2', '2021-03-12 10:22:59');
INSERT INTO `pages_access` (`pages_id`, `templates_id`, `ts`) VALUES('1152', '1', '2021-03-07 11:20:38');
INSERT INTO `pages_access` (`pages_id`, `templates_id`, `ts`) VALUES('1154', '1', '2021-03-07 11:23:20');
INSERT INTO `pages_access` (`pages_id`, `templates_id`, `ts`) VALUES('1156', '1', '2021-03-07 11:23:51');
INSERT INTO `pages_access` (`pages_id`, `templates_id`, `ts`) VALUES('1158', '1', '2021-03-07 11:25:41');
INSERT INTO `pages_access` (`pages_id`, `templates_id`, `ts`) VALUES('1160', '1', '2021-03-07 11:28:44');
INSERT INTO `pages_access` (`pages_id`, `templates_id`, `ts`) VALUES('1162', '1', '2021-03-07 11:30:04');
INSERT INTO `pages_access` (`pages_id`, `templates_id`, `ts`) VALUES('1164', '1', '2021-03-07 11:30:40');
INSERT INTO `pages_access` (`pages_id`, `templates_id`, `ts`) VALUES('1166', '1', '2021-03-07 11:31:10');
INSERT INTO `pages_access` (`pages_id`, `templates_id`, `ts`) VALUES('1168', '1', '2021-03-07 11:31:49');
INSERT INTO `pages_access` (`pages_id`, `templates_id`, `ts`) VALUES('1170', '1', '2021-03-07 11:32:40');
INSERT INTO `pages_access` (`pages_id`, `templates_id`, `ts`) VALUES('1196', '2', '2021-03-07 12:42:43');
INSERT INTO `pages_access` (`pages_id`, `templates_id`, `ts`) VALUES('1195', '2', '2021-03-07 12:40:53');
INSERT INTO `pages_access` (`pages_id`, `templates_id`, `ts`) VALUES('1177', '1', '2021-03-07 11:36:32');
INSERT INTO `pages_access` (`pages_id`, `templates_id`, `ts`) VALUES('1182', '1', '2021-03-07 11:37:36');
INSERT INTO `pages_access` (`pages_id`, `templates_id`, `ts`) VALUES('1184', '1', '2021-03-07 11:38:34');
INSERT INTO `pages_access` (`pages_id`, `templates_id`, `ts`) VALUES('1186', '1', '2021-03-07 11:38:45');
INSERT INTO `pages_access` (`pages_id`, `templates_id`, `ts`) VALUES('1188', '1', '2021-03-07 11:39:25');
INSERT INTO `pages_access` (`pages_id`, `templates_id`, `ts`) VALUES('1190', '1', '2021-03-07 11:45:13');
INSERT INTO `pages_access` (`pages_id`, `templates_id`, `ts`) VALUES('1192', '1', '2021-03-07 11:55:59');
INSERT INTO `pages_access` (`pages_id`, `templates_id`, `ts`) VALUES('1215', '2', '2021-03-07 13:10:21');
INSERT INTO `pages_access` (`pages_id`, `templates_id`, `ts`) VALUES('1217', '2', '2021-03-07 13:10:28');
INSERT INTO `pages_access` (`pages_id`, `templates_id`, `ts`) VALUES('1200', '2', '2021-03-07 12:58:03');
INSERT INTO `pages_access` (`pages_id`, `templates_id`, `ts`) VALUES('1202', '2', '2021-03-07 12:58:10');
INSERT INTO `pages_access` (`pages_id`, `templates_id`, `ts`) VALUES('1203', '2', '2021-03-07 12:58:27');
INSERT INTO `pages_access` (`pages_id`, `templates_id`, `ts`) VALUES('1204', '2', '2021-03-07 12:59:05');
INSERT INTO `pages_access` (`pages_id`, `templates_id`, `ts`) VALUES('1205', '2', '2021-03-07 12:59:18');
INSERT INTO `pages_access` (`pages_id`, `templates_id`, `ts`) VALUES('1206', '2', '2021-03-07 12:59:29');
INSERT INTO `pages_access` (`pages_id`, `templates_id`, `ts`) VALUES('1207', '2', '2021-03-07 12:59:38');
INSERT INTO `pages_access` (`pages_id`, `templates_id`, `ts`) VALUES('1209', '2', '2021-03-07 13:01:22');
INSERT INTO `pages_access` (`pages_id`, `templates_id`, `ts`) VALUES('1210', '2', '2021-03-07 13:04:09');
INSERT INTO `pages_access` (`pages_id`, `templates_id`, `ts`) VALUES('1212', '2', '2021-03-07 13:04:13');
INSERT INTO `pages_access` (`pages_id`, `templates_id`, `ts`) VALUES('1213', '2', '2021-03-07 13:04:43');
INSERT INTO `pages_access` (`pages_id`, `templates_id`, `ts`) VALUES('1214', '2', '2021-03-07 13:04:58');
INSERT INTO `pages_access` (`pages_id`, `templates_id`, `ts`) VALUES('1218', '2', '2021-03-07 13:10:36');
INSERT INTO `pages_access` (`pages_id`, `templates_id`, `ts`) VALUES('1219', '2', '2021-03-07 13:11:01');
INSERT INTO `pages_access` (`pages_id`, `templates_id`, `ts`) VALUES('1220', '2', '2021-03-07 13:12:15');
INSERT INTO `pages_access` (`pages_id`, `templates_id`, `ts`) VALUES('1222', '2', '2021-03-07 13:12:23');
INSERT INTO `pages_access` (`pages_id`, `templates_id`, `ts`) VALUES('1223', '2', '2021-03-07 13:12:34');
INSERT INTO `pages_access` (`pages_id`, `templates_id`, `ts`) VALUES('1225', '2', '2021-03-07 13:12:36');
INSERT INTO `pages_access` (`pages_id`, `templates_id`, `ts`) VALUES('1226', '2', '2021-03-07 13:12:57');
INSERT INTO `pages_access` (`pages_id`, `templates_id`, `ts`) VALUES('1229', '2', '2021-03-07 13:24:50');
INSERT INTO `pages_access` (`pages_id`, `templates_id`, `ts`) VALUES('1230', '2', '2021-03-07 13:31:40');
INSERT INTO `pages_access` (`pages_id`, `templates_id`, `ts`) VALUES('1231', '2', '2021-03-07 13:45:30');
INSERT INTO `pages_access` (`pages_id`, `templates_id`, `ts`) VALUES('1256', '2', '2021-03-07 14:34:20');
INSERT INTO `pages_access` (`pages_id`, `templates_id`, `ts`) VALUES('1251', '2', '2021-03-07 14:29:17');
INSERT INTO `pages_access` (`pages_id`, `templates_id`, `ts`) VALUES('1254', '2', '2021-03-07 14:29:32');
INSERT INTO `pages_access` (`pages_id`, `templates_id`, `ts`) VALUES('1255', '2', '2021-03-07 14:34:05');
INSERT INTO `pages_access` (`pages_id`, `templates_id`, `ts`) VALUES('1253', '2', '2021-03-07 14:29:24');
INSERT INTO `pages_access` (`pages_id`, `templates_id`, `ts`) VALUES('1257', '2', '2021-03-07 14:34:33');
INSERT INTO `pages_access` (`pages_id`, `templates_id`, `ts`) VALUES('1258', '2', '2021-03-07 15:42:02');
INSERT INTO `pages_access` (`pages_id`, `templates_id`, `ts`) VALUES('1259', '2', '2021-03-07 15:42:26');
INSERT INTO `pages_access` (`pages_id`, `templates_id`, `ts`) VALUES('1260', '2', '2021-03-07 15:42:52');
INSERT INTO `pages_access` (`pages_id`, `templates_id`, `ts`) VALUES('1261', '2', '2021-03-07 15:43:19');
INSERT INTO `pages_access` (`pages_id`, `templates_id`, `ts`) VALUES('1262', '2', '2021-03-07 15:43:50');
INSERT INTO `pages_access` (`pages_id`, `templates_id`, `ts`) VALUES('1263', '2', '2021-03-07 15:44:23');
INSERT INTO `pages_access` (`pages_id`, `templates_id`, `ts`) VALUES('1264', '2', '2021-03-07 15:44:49');
INSERT INTO `pages_access` (`pages_id`, `templates_id`, `ts`) VALUES('1287', '2', '2021-03-09 15:28:06');
INSERT INTO `pages_access` (`pages_id`, `templates_id`, `ts`) VALUES('1296', '1', '2021-03-12 09:26:35');

DROP TABLE IF EXISTS `pages_parents`;
CREATE TABLE `pages_parents` (
  `pages_id` int(10) unsigned NOT NULL,
  `parents_id` int(10) unsigned NOT NULL,
  PRIMARY KEY (`pages_id`,`parents_id`)
) ENGINE=MyISAM DEFAULT CHARSET=utf8;

INSERT INTO `pages_parents` (`pages_id`, `parents_id`) VALUES('3', '2');
INSERT INTO `pages_parents` (`pages_id`, `parents_id`) VALUES('22', '2');
INSERT INTO `pages_parents` (`pages_id`, `parents_id`) VALUES('28', '2');
INSERT INTO `pages_parents` (`pages_id`, `parents_id`) VALUES('29', '2');
INSERT INTO `pages_parents` (`pages_id`, `parents_id`) VALUES('29', '28');
INSERT INTO `pages_parents` (`pages_id`, `parents_id`) VALUES('30', '2');
INSERT INTO `pages_parents` (`pages_id`, `parents_id`) VALUES('30', '28');
INSERT INTO `pages_parents` (`pages_id`, `parents_id`) VALUES('31', '2');
INSERT INTO `pages_parents` (`pages_id`, `parents_id`) VALUES('31', '28');
INSERT INTO `pages_parents` (`pages_id`, `parents_id`) VALUES('1009', '2');
INSERT INTO `pages_parents` (`pages_id`, `parents_id`) VALUES('1009', '22');
INSERT INTO `pages_parents` (`pages_id`, `parents_id`) VALUES('1027', '2');
INSERT INTO `pages_parents` (`pages_id`, `parents_id`) VALUES('1028', '2');
INSERT INTO `pages_parents` (`pages_id`, `parents_id`) VALUES('1028', '1027');
INSERT INTO `pages_parents` (`pages_id`, `parents_id`) VALUES('1029', '2');
INSERT INTO `pages_parents` (`pages_id`, `parents_id`) VALUES('1029', '1027');
INSERT INTO `pages_parents` (`pages_id`, `parents_id`) VALUES('1029', '1028');
INSERT INTO `pages_parents` (`pages_id`, `parents_id`) VALUES('1031', '2');
INSERT INTO `pages_parents` (`pages_id`, `parents_id`) VALUES('1031', '1027');
INSERT INTO `pages_parents` (`pages_id`, `parents_id`) VALUES('1032', '2');
INSERT INTO `pages_parents` (`pages_id`, `parents_id`) VALUES('1032', '1027');
INSERT INTO `pages_parents` (`pages_id`, `parents_id`) VALUES('1032', '1031');
INSERT INTO `pages_parents` (`pages_id`, `parents_id`) VALUES('1033', '2');
INSERT INTO `pages_parents` (`pages_id`, `parents_id`) VALUES('1033', '1027');
INSERT INTO `pages_parents` (`pages_id`, `parents_id`) VALUES('1034', '2');
INSERT INTO `pages_parents` (`pages_id`, `parents_id`) VALUES('1034', '1027');
INSERT INTO `pages_parents` (`pages_id`, `parents_id`) VALUES('1034', '1033');
INSERT INTO `pages_parents` (`pages_id`, `parents_id`) VALUES('1044', '2');
INSERT INTO `pages_parents` (`pages_id`, `parents_id`) VALUES('1044', '1027');
INSERT INTO `pages_parents` (`pages_id`, `parents_id`) VALUES('1044', '1028');
INSERT INTO `pages_parents` (`pages_id`, `parents_id`) VALUES('1085', '2');
INSERT INTO `pages_parents` (`pages_id`, `parents_id`) VALUES('1085', '1027');
INSERT INTO `pages_parents` (`pages_id`, `parents_id`) VALUES('1086', '2');
INSERT INTO `pages_parents` (`pages_id`, `parents_id`) VALUES('1086', '1027');
INSERT INTO `pages_parents` (`pages_id`, `parents_id`) VALUES('1119', '2');
INSERT INTO `pages_parents` (`pages_id`, `parents_id`) VALUES('1119', '1027');
INSERT INTO `pages_parents` (`pages_id`, `parents_id`) VALUES('1119', '1028');
INSERT INTO `pages_parents` (`pages_id`, `parents_id`) VALUES('1159', '2');
INSERT INTO `pages_parents` (`pages_id`, `parents_id`) VALUES('1159', '1027');
INSERT INTO `pages_parents` (`pages_id`, `parents_id`) VALUES('1159', '1086');
INSERT INTO `pages_parents` (`pages_id`, `parents_id`) VALUES('1161', '2');
INSERT INTO `pages_parents` (`pages_id`, `parents_id`) VALUES('1161', '1027');
INSERT INTO `pages_parents` (`pages_id`, `parents_id`) VALUES('1161', '1086');
INSERT INTO `pages_parents` (`pages_id`, `parents_id`) VALUES('1163', '2');
INSERT INTO `pages_parents` (`pages_id`, `parents_id`) VALUES('1163', '1027');
INSERT INTO `pages_parents` (`pages_id`, `parents_id`) VALUES('1163', '1086');
INSERT INTO `pages_parents` (`pages_id`, `parents_id`) VALUES('1177', '1156');
INSERT INTO `pages_parents` (`pages_id`, `parents_id`) VALUES('1184', '1156');
INSERT INTO `pages_parents` (`pages_id`, `parents_id`) VALUES('1194', '2');
INSERT INTO `pages_parents` (`pages_id`, `parents_id`) VALUES('1194', '1027');
INSERT INTO `pages_parents` (`pages_id`, `parents_id`) VALUES('1194', '1028');
INSERT INTO `pages_parents` (`pages_id`, `parents_id`) VALUES('1201', '2');
INSERT INTO `pages_parents` (`pages_id`, `parents_id`) VALUES('1201', '1027');
INSERT INTO `pages_parents` (`pages_id`, `parents_id`) VALUES('1201', '1085');
INSERT INTO `pages_parents` (`pages_id`, `parents_id`) VALUES('1211', '2');
INSERT INTO `pages_parents` (`pages_id`, `parents_id`) VALUES('1211', '1027');
INSERT INTO `pages_parents` (`pages_id`, `parents_id`) VALUES('1211', '1085');
INSERT INTO `pages_parents` (`pages_id`, `parents_id`) VALUES('1216', '2');
INSERT INTO `pages_parents` (`pages_id`, `parents_id`) VALUES('1216', '1027');
INSERT INTO `pages_parents` (`pages_id`, `parents_id`) VALUES('1216', '1085');
INSERT INTO `pages_parents` (`pages_id`, `parents_id`) VALUES('1221', '2');
INSERT INTO `pages_parents` (`pages_id`, `parents_id`) VALUES('1221', '1027');
INSERT INTO `pages_parents` (`pages_id`, `parents_id`) VALUES('1221', '1085');
INSERT INTO `pages_parents` (`pages_id`, `parents_id`) VALUES('1224', '2');
INSERT INTO `pages_parents` (`pages_id`, `parents_id`) VALUES('1224', '1027');
INSERT INTO `pages_parents` (`pages_id`, `parents_id`) VALUES('1224', '1085');
INSERT INTO `pages_parents` (`pages_id`, `parents_id`) VALUES('1227', '2');
INSERT INTO `pages_parents` (`pages_id`, `parents_id`) VALUES('1227', '1027');
INSERT INTO `pages_parents` (`pages_id`, `parents_id`) VALUES('1228', '2');
INSERT INTO `pages_parents` (`pages_id`, `parents_id`) VALUES('1228', '1027');
INSERT INTO `pages_parents` (`pages_id`, `parents_id`) VALUES('1228', '1227');
INSERT INTO `pages_parents` (`pages_id`, `parents_id`) VALUES('1242', '2');
INSERT INTO `pages_parents` (`pages_id`, `parents_id`) VALUES('1242', '1027');
INSERT INTO `pages_parents` (`pages_id`, `parents_id`) VALUES('1243', '2');
INSERT INTO `pages_parents` (`pages_id`, `parents_id`) VALUES('1243', '1027');
INSERT INTO `pages_parents` (`pages_id`, `parents_id`) VALUES('1244', '2');
INSERT INTO `pages_parents` (`pages_id`, `parents_id`) VALUES('1244', '1027');
INSERT INTO `pages_parents` (`pages_id`, `parents_id`) VALUES('1244', '1242');
INSERT INTO `pages_parents` (`pages_id`, `parents_id`) VALUES('1252', '2');
INSERT INTO `pages_parents` (`pages_id`, `parents_id`) VALUES('1252', '1027');
INSERT INTO `pages_parents` (`pages_id`, `parents_id`) VALUES('1252', '1243');
INSERT INTO `pages_parents` (`pages_id`, `parents_id`) VALUES('1298', '2');
INSERT INTO `pages_parents` (`pages_id`, `parents_id`) VALUES('1298', '1027');
INSERT INTO `pages_parents` (`pages_id`, `parents_id`) VALUES('1298', '1243');

DROP TABLE IF EXISTS `pages_sortfields`;
CREATE TABLE `pages_sortfields` (
  `pages_id` int(10) unsigned NOT NULL DEFAULT '0',
  `sortfield` varchar(20) NOT NULL DEFAULT '',
  PRIMARY KEY (`pages_id`)
) ENGINE=MyISAM DEFAULT CHARSET=utf8;


DROP TABLE IF EXISTS `session_login_throttle`;
CREATE TABLE `session_login_throttle` (
  `name` varchar(128) NOT NULL,
  `attempts` int(10) unsigned NOT NULL DEFAULT '0',
  `last_attempt` int(10) unsigned NOT NULL,
  PRIMARY KEY (`name`)
) ENGINE=MyISAM DEFAULT CHARSET=utf8;

INSERT INTO `session_login_throttle` (`name`, `attempts`, `last_attempt`) VALUES('admin', '1', '1615742165');

DROP TABLE IF EXISTS `templates`;
CREATE TABLE `templates` (
  `id` int(10) unsigned NOT NULL AUTO_INCREMENT,
  `name` varchar(250) CHARACTER SET ascii NOT NULL,
  `fieldgroups_id` int(10) unsigned NOT NULL DEFAULT '0',
  `flags` int(11) NOT NULL DEFAULT '0',
  `cache_time` mediumint(9) NOT NULL DEFAULT '0',
  `data` text NOT NULL,
  PRIMARY KEY (`id`),
  UNIQUE KEY `name` (`name`),
  KEY `fieldgroups_id` (`fieldgroups_id`)
) ENGINE=MyISAM AUTO_INCREMENT=61 DEFAULT CHARSET=utf8;

INSERT INTO `templates` (`id`, `name`, `fieldgroups_id`, `flags`, `cache_time`, `data`) VALUES('2', 'admin', '2', '8', '0', '{\"useRoles\":1,\"parentTemplates\":[2],\"allowPageNum\":1,\"redirectLogin\":23,\"slashUrls\":1,\"noGlobal\":1,\"compile\":3,\"modified\":1611226344,\"ns\":\"ProcessWire\"}');
INSERT INTO `templates` (`id`, `name`, `fieldgroups_id`, `flags`, `cache_time`, `data`) VALUES('3', 'user', '3', '8', '0', '{\"useRoles\":1,\"noChildren\":1,\"parentTemplates\":[2],\"slashUrls\":1,\"pageClass\":\"User\",\"noGlobal\":1,\"noMove\":1,\"noTrash\":1,\"noSettings\":1,\"noChangeTemplate\":1,\"nameContentTab\":1}');
INSERT INTO `templates` (`id`, `name`, `fieldgroups_id`, `flags`, `cache_time`, `data`) VALUES('4', 'role', '4', '8', '0', '{\"noChildren\":1,\"parentTemplates\":[2],\"slashUrls\":1,\"pageClass\":\"Role\",\"noGlobal\":1,\"noMove\":1,\"noTrash\":1,\"noSettings\":1,\"noChangeTemplate\":1,\"nameContentTab\":1}');
INSERT INTO `templates` (`id`, `name`, `fieldgroups_id`, `flags`, `cache_time`, `data`) VALUES('5', 'permission', '5', '8', '0', '{\"noChildren\":1,\"parentTemplates\":[2],\"slashUrls\":1,\"guestSearchable\":1,\"pageClass\":\"Permission\",\"noGlobal\":1,\"noMove\":1,\"noTrash\":1,\"noSettings\":1,\"noChangeTemplate\":1,\"nameContentTab\":1}');
INSERT INTO `templates` (`id`, `name`, `fieldgroups_id`, `flags`, `cache_time`, `data`) VALUES('1', 'home', '1', '0', '0', '{\"useRoles\":1,\"noParents\":1,\"slashUrls\":1,\"compile\":3,\"label\":\"Home\",\"modified\":1615742187,\"ns\":\"ProcessWire\",\"label1012\":\"Zuhause\",\"roles\":[37]}');
INSERT INTO `templates` (`id`, `name`, `fieldgroups_id`, `flags`, `cache_time`, `data`) VALUES('29', 'basic-page', '83', '0', '0', '{\"slashUrls\":1,\"compile\":3,\"label\":\"Basic Page\",\"modified\":1615456683,\"ns\":\"ProcessWire\",\"label1012\":\"Grund Seite\"}');
INSERT INTO `templates` (`id`, `name`, `fieldgroups_id`, `flags`, `cache_time`, `data`) VALUES('26', 'search', '80', '0', '0', '{\"noChildren\":1,\"noParents\":1,\"allowPageNum\":1,\"slashUrls\":1,\"compile\":3,\"label\":\"Search\",\"modified\":1611226345,\"ns\":\"ProcessWire\",\"label1012\":\"Suche\"}');
INSERT INTO `templates` (`id`, `name`, `fieldgroups_id`, `flags`, `cache_time`, `data`) VALUES('34', 'sitemap', '88', '0', '0', '{\"noChildren\":1,\"noParents\":1,\"redirectLogin\":23,\"slashUrls\":1,\"compile\":3,\"label\":\"Site Map\",\"modified\":1611226345,\"ns\":\"ProcessWire\",\"label1012\":\"Sitemap\"}');
INSERT INTO `templates` (`id`, `name`, `fieldgroups_id`, `flags`, `cache_time`, `data`) VALUES('43', 'language', '97', '8', '0', '{\"parentTemplates\":[2],\"slashUrls\":1,\"pageClass\":\"Language\",\"pageLabelField\":\"name\",\"noGlobal\":1,\"noMove\":1,\"noTrash\":1,\"noChangeTemplate\":1,\"noUnpublish\":1,\"nameContentTab\":1,\"modified\":1409651146}');
INSERT INTO `templates` (`id`, `name`, `fieldgroups_id`, `flags`, `cache_time`, `data`) VALUES('44', 'repeater_text_fields', '98', '8', '0', '{\"noChildren\":1,\"noParents\":1,\"slashUrls\":1,\"pageClass\":\"RepeaterPage\",\"noGlobal\":1,\"compile\":3,\"modified\":1587361673}');
INSERT INTO `templates` (`id`, `name`, `fieldgroups_id`, `flags`, `cache_time`, `data`) VALUES('45', 'repeater_simple_textblocks', '99', '8', '0', '{\"noChildren\":1,\"noParents\":1,\"slashUrls\":1,\"pageClass\":\"RepeaterPage\",\"noGlobal\":1,\"compile\":3,\"modified\":1587365694}');
INSERT INTO `templates` (`id`, `name`, `fieldgroups_id`, `flags`, `cache_time`, `data`) VALUES('46', 'repeater_repeater_why', '100', '8', '0', '{\"noChildren\":1,\"noParents\":1,\"slashUrls\":1,\"pageClass\":\"RepeaterPage\",\"noGlobal\":1,\"compile\":3,\"modified\":1587365874}');
INSERT INTO `templates` (`id`, `name`, `fieldgroups_id`, `flags`, `cache_time`, `data`) VALUES('47', 'board-page', '101', '0', '0', '{\"slashUrls\":1,\"compile\":3,\"modified\":1615116811,\"ns\":\"ProcessWire\"}');
INSERT INTO `templates` (`id`, `name`, `fieldgroups_id`, `flags`, `cache_time`, `data`) VALUES('48', 'board-overview-page', '102', '0', '0', '{\"slashUrls\":1,\"compile\":3,\"modified\":1615298952,\"ns\":\"ProcessWire\"}');
INSERT INTO `templates` (`id`, `name`, `fieldgroups_id`, `flags`, `cache_time`, `data`) VALUES('59', 'order', '113', '0', '0', '{\"slashUrls\":1,\"compile\":3,\"modified\":1615297441}');
INSERT INTO `templates` (`id`, `name`, `fieldgroups_id`, `flags`, `cache_time`, `data`) VALUES('60', 'orders', '114', '0', '0', '{\"slashUrls\":1,\"compile\":3,\"modified\":1615456758,\"ns\":\"\\\\\"}');
INSERT INTO `templates` (`id`, `name`, `fieldgroups_id`, `flags`, `cache_time`, `data`) VALUES('50', 'snipcart-shop', '104', '0', '0', '{\"childTemplates\":[51,47,55],\"slashUrls\":1,\"pageLabelField\":\"fa-tags title\",\"compile\":3,\"label\":\"Snipcart Shop\",\"tags\":\"Snipcart\",\"modified\":1615303054,\"ns\":\"ProcessWire\"}');
INSERT INTO `templates` (`id`, `name`, `fieldgroups_id`, `flags`, `cache_time`, `data`) VALUES('51', 'snipcart-product', '105', '0', '0', '{\"noChildren\":1,\"parentTemplates\":[50],\"slashUrls\":1,\"pageLabelField\":\"fa-tag title\",\"compile\":3,\"label\":\"Snipcart Product\",\"tags\":\"Snipcart\",\"modified\":1615541638,\"ns\":\"ProcessWire\"}');
INSERT INTO `templates` (`id`, `name`, `fieldgroups_id`, `flags`, `cache_time`, `data`) VALUES('52', 'repeater_prod_variant_item', '106', '8', '0', '{\"noChildren\":1,\"noParents\":1,\"slashUrls\":1,\"pageClass\":\"RepeaterPage\",\"noGlobal\":1,\"compile\":3,\"modified\":1588051251}');
INSERT INTO `templates` (`id`, `name`, `fieldgroups_id`, `flags`, `cache_time`, `data`) VALUES('53', 'repeater_prod_variants', '107', '8', '0', '{\"noChildren\":1,\"noParents\":1,\"slashUrls\":1,\"pageClass\":\"RepeaterPage\",\"noGlobal\":1,\"compile\":3,\"modified\":1588051314}');
INSERT INTO `templates` (`id`, `name`, `fieldgroups_id`, `flags`, `cache_time`, `data`) VALUES('54', 'basic-page-twoes', '108', '0', '0', '{\"slashUrls\":1,\"compile\":3,\"modified\":1611226344,\"ns\":\"ProcessWire\"}');
INSERT INTO `templates` (`id`, `name`, `fieldgroups_id`, `flags`, `cache_time`, `data`) VALUES('55', 'gallery', '109', '0', '0', '{\"slashUrls\":1,\"compile\":3,\"modified\":1615205286,\"ns\":\"ProcessWire\"}');
INSERT INTO `templates` (`id`, `name`, `fieldgroups_id`, `flags`, `cache_time`, `data`) VALUES('56', 'repeater_bigLinks', '110', '8', '0', '{\"noChildren\":1,\"noParents\":1,\"slashUrls\":1,\"pageClass\":\"RepeaterPage\",\"noGlobal\":1,\"compile\":3,\"modified\":1615119819}');
INSERT INTO `templates` (`id`, `name`, `fieldgroups_id`, `flags`, `cache_time`, `data`) VALUES('57', 'repeater_prod_custom_variants', '111', '8', '0', '{\"noChildren\":1,\"noParents\":1,\"slashUrls\":1,\"pageClass\":\"RepeaterPage\",\"noGlobal\":1,\"compile\":3,\"modified\":1615123376}');
INSERT INTO `templates` (`id`, `name`, `fieldgroups_id`, `flags`, `cache_time`, `data`) VALUES('58', 'repeater_prod_custom_variant_item', '112', '8', '0', '{\"noChildren\":1,\"noParents\":1,\"slashUrls\":1,\"pageClass\":\"RepeaterPage\",\"noGlobal\":1,\"compile\":3,\"modified\":1615123456}');

DROP TABLE IF EXISTS `textformatter_video_embed`;
CREATE TABLE `textformatter_video_embed` (
  `video_id` varchar(128) NOT NULL,
  `embed_code` varchar(1024) NOT NULL DEFAULT '',
  `created` timestamp NOT NULL DEFAULT CURRENT_TIMESTAMP,
  PRIMARY KEY (`video_id`)
) ENGINE=InnoDB DEFAULT CHARSET=utf8;

INSERT INTO `textformatter_video_embed` (`video_id`, `embed_code`, `created`) VALUES('16evq_vySAc', '<iframe width=\"640\" height=\"360\" src=\"https://www.youtube.com/embed/16evq_vySAc?feature=oembed\" frameborder=\"0\" allow=\"accelerometer; autoplay; encrypted-media; gyroscope; picture-in-picture\" allowfullscreen></iframe>', '2020-04-23 12:36:12');
INSERT INTO `textformatter_video_embed` (`video_id`, `embed_code`, `created`) VALUES('qhVZsQu0ItE', '<iframe width=\"640\" height=\"360\" src=\"https://www.youtube.com/embed/qhVZsQu0ItE?feature=oembed\" frameborder=\"0\" allow=\"accelerometer; autoplay; clipboard-write; encrypted-media; gyroscope; picture-in-picture\" allowfullscreen></iframe>', '2021-03-12 10:39:08');

# --- /WireDatabaseBackup {"numTables":80,"numCreateTables":80,"numInserts":1546,"numSeconds":0}